name,position,age,Teams,GP,MP,PER,TS %,FG3A PerFGA%,Fta PerFGA%,VORP,Usg Pct,OWS,DWS,WS,WS Per 48,Off. Box +-,Deff. Box +-,Box +-,ORB Pct,DRB Pct,TRB Pct,As. Pct,Stl Pct,Blk Pct,TO Pct
Alex Acker,SG,26,Alex Acker,25,199,10.4,.448,.263,.132,-0.2,20.1,-0.1,0.1,0.0,-0.011,-3.6,-2.4,-6.0,4.5,9.6,7.0,10.2,1.3,1.5,8.0
Alex Acker,SG,26,Alex Acker,7,20,16.0,.379,.364,.182,0.0,28.3,0.0,0.0,0.0,.009,-3.2,1.0,-2.3,0.0,12.0,5.9,9.1,5.5,3.9,0.0
Alex Acker,SG,26,Alex Acker,18,179,9.8,.460,.246,.123,-0.2,19.2,-0.1,0.0,0.0,-0.013,-3.6,-2.8,-6.4,5.0,9.3,7.1,10.3,0.9,1.2,9.3
Hassan Adams,SG,24,Hassan Adams,12,52,0.4,.352,.000,.462,-0.1,17.4,-0.2,0.0,-0.2,-0.144,-10.6,-1.3,-12.0,2.3,13.4,7.9,2.8,1.0,1.5,20.4
Arron Afflalo,SG,23,Arron Afflalo,74,1234,8.9,.548,.357,.237,-0.1,14.5,0.8,1.0,1.8,.069,-1.7,-0.7,-2.4,2.8,10.1,6.4,5.5,1.3,0.8,11.5
Maurice Ager,SG,24,Maurice Ager,20,97,2.2,.365,.140,.186,-0.3,24.4,-0.3,0.0,-0.3,-0.133,-8.5,-4.3,-12.8,3.6,8.7,6.1,5.3,0.6,1.7,7.9
Blake Ahearn,PG,24,Blake Ahearn,3,19,12.9,.581,.667,.333,0.0,20.1,0.0,0.0,0.1,.149,0.6,-1.8,-1.1,0.0,6.2,3.1,16.0,2.9,0.0,12.7
Alexis Ajinça,PF,20,Alexis Ajinça,31,182,7.0,.430,.029,.406,-0.3,24.2,-0.3,0.3,-0.1,-0.018,-8.1,-1.2,-9.3,6.2,14.2,10.2,2.8,2.1,2.7,12.9
LaMarcus Aldridge,PF,23,LaMarcus Aldridge,81,3004,19.1,.529,.023,.269,3.0,23.7,6.1,3.3,9.5,.151,1.2,0.7,1.9,9.5,15.6,12.5,9.3,1.4,2.0,8.0
Joe Alexander,SF,22,Joe Alexander,59,716,10.1,.494,.188,.339,-0.2,20.9,-0.3,0.7,0.4,.030,-3.4,0.2,-3.3,6.9,12.3,9.5,9.5,1.1,3.4,15.6
Malik Allen,PF,30,Malik Allen,49,579,7.3,.435,.006,.124,-0.4,15.4,-0.2,0.5,0.3,.024,-4.5,-0.1,-4.6,6.8,14.5,10.5,9.5,0.6,1.7,10.0
Ray Allen,SG,33,Ray Allen,79,2876,17.3,.624,.467,.239,4.3,20.8,7.4,3.7,11.1,.186,4.3,-0.3,3.9,2.9,8.6,5.9,12.6,1.3,0.4,10.4
Tony Allen,SG,27,Tony Allen,46,887,12.9,.541,.095,.384,0.4,21.5,-0.2,1.8,1.6,.085,-2.7,2.5,-0.3,3.2,10.7,7.1,12.0,3.2,2.1,18.8
Morris Almond,SG,23,Morris Almond,25,255,7.3,.498,.210,.321,-0.3,19.1,-0.1,0.2,0.1,.010,-4.7,-2.1,-6.8,4.2,12.6,8.4,4.2,0.8,1.2,14.8
Rafer Alston,PG,32,Rafer Alston,77,2447,13.8,.494,.404,.254,1.9,19.9,1.7,3.7,5.3,.104,0.4,0.6,1.0,1.6,8.8,5.3,27.0,2.3,0.3,13.3
Rafer Alston,PG,32,Rafer Alston,48,1591,12.8,.484,.441,.209,1.0,19.2,0.9,2.1,2.9,.088,0.3,0.1,0.4,1.9,8.4,5.3,25.9,1.9,0.3,13.4
Rafer Alston,PG,32,Rafer Alston,29,856,15.6,.509,.339,.332,0.9,21.2,0.8,1.6,2.4,.135,0.7,1.4,2.1,1.1,9.6,5.5,28.9,3.1,0.3,13.2
Lou Amundson,PF,26,Lou Amundson,76,1044,13.3,.530,.004,.480,0.4,15.1,0.8,1.0,1.8,.082,-1.3,0.8,-0.5,14.9,15.3,15.1,3.7,1.5,4.6,15.6
Chris Andersen,C,30,Chris Andersen,71,1460,18.1,.608,.034,.620,2.0,13.4,2.5,2.8,5.4,.176,-1.2,4.6,3.4,13.4,21.6,17.6,3.2,1.4,9.3,15.7
Ryan Anderson,PF,20,Ryan Anderson,66,1312,13.6,.532,.464,.285,0.3,18.6,1.3,1.2,2.5,.090,-0.1,-1.0,-1.1,9.3,19.0,14.1,6.4,1.8,1.2,12.1
Carmelo Anthony,SF,24,Carmelo Anthony,66,2277,19.0,.532,.141,.388,1.3,31.5,2.4,2.6,5.0,.105,0.8,-0.5,0.3,5.6,17.0,11.5,18.1,1.7,0.8,12.3
Joel Anthony,C,26,Joel Anthony,65,1048,9.3,.521,.000,.390,0.6,8.0,0.4,1.4,1.7,.079,-4.0,4.1,0.2,10.1,12.4,11.2,3.7,1.0,7.2,22.9
Gilbert Arenas,PG,27,Gilbert Arenas,2,63,18.9,.433,.304,.696,0.0,22.4,0.2,0.0,0.2,.115,2.5,-4.1,-1.7,1.8,15.3,8.4,47.8,0.0,1.3,3.2
Trevor Ariza,SF,23,Trevor Ariza,82,1999,15.5,.544,.320,.284,2.6,16.6,2.5,3.5,6.1,.146,1.0,2.1,3.1,6.4,13.5,10.0,10.4,3.5,0.9,11.5
,,,,,,,,,,,,,,,,,,,,,,,,,
Hilton Armstrong,C,24,Hilton Armstrong,70,1092,10.7,.585,.008,.398,-0.1,16.3,0.2,1.3,1.5,.068,-3.4,1.1,-2.3,9.0,12.6,10.8,4.4,1.3,3.5,21.7
Darrell Arthur,PF,20,Darrell Arthur,76,1464,11.3,.456,.005,.138,-0.4,16.3,-0.1,1.8,1.7,.055,-3.9,0.8,-3.1,8.9,20.3,14.5,5.0,1.9,2.9,9.2
Chucky Atkins,PG,34,Chucky Atkins,33,412,6.2,.408,.504,.142,-0.5,15.4,-0.3,0.2,-0.2,-0.018,-3.9,-3.2,-7.2,1.4,5.3,3.4,20.9,1.2,0.4,16.1
Chucky Atkins,PG,34,Chucky Atkins,14,115,8.9,.469,.630,.148,-0.2,15.0,0.0,0.1,0.0,.019,-3.6,-5.0,-8.6,0.0,5.9,3.0,34.9,0.9,0.7,25.8
Chucky Atkins,PG,34,Chucky Atkins,19,297,5.1,.389,.465,.140,-0.3,15.5,-0.3,0.1,-0.2,-0.032,-4.1,-2.6,-6.6,1.9,5.1,3.5,15.5,1.4,0.2,12.5
D.J. Augustin,PG,21,D.J. Augustin,72,1908,14.9,.587,.396,.375,0.6,20.8,3.6,1.5,5.1,.128,1.6,-2.3,-0.7,1.1,7.5,4.3,22.6,1.2,0.1,14.1
Kelenna Azubuike,SF,25,Kelenna Azubuike,74,2375,14.7,.562,.249,.271,0.8,18.7,3.6,0.5,4.1,.083,0.9,-1.6,-0.7,5.1,11.8,8.5,7.6,1.2,1.5,9.1
Renaldo Balkman,PF,24,Renaldo Balkman,53,780,16.8,.585,.036,.330,0.9,14.9,1.3,1.3,2.6,.162,0.5,2.2,2.7,13.2,16.9,15.1,6.9,3.1,2.3,13.4
Marcus Banks,PG,27,Marcus Banks,22,206,7.8,.431,.333,.316,-0.2,17.9,-0.3,0.2,0.0,-0.008,-4.6,-0.7,-5.4,0.6,9.9,5.2,20.6,2.8,0.8,17.7
Marcus Banks,PG,27,Marcus Banks,16,166,8.7,.461,.359,.385,-0.1,16.0,-0.1,0.2,0.1,.023,-4.4,0.1,-4.3,0.0,10.9,5.4,19.8,3.2,1.0,19.4
Marcus Banks,PG,27,Marcus Banks,6,40,4.0,.362,.278,.167,-0.1,25.7,-0.1,0.0,-0.1,-0.139,-5.6,-4.1,-9.7,3.0,5.8,4.4,24.2,1.3,0.0,13.4
Leandro Barbosa,SG,26,Leandro Barbosa,70,1705,19.4,.588,.316,.256,1.4,24.2,4.0,1.0,5.0,.141,3.2,-2.0,1.2,2.4,9.7,6.2,14.9,2.4,0.3,9.9
J.J. Barea,SG,24,J.J. Barea,79,1600,13.4,.516,.276,.167,0.1,20.2,1.2,1.0,2.2,.066,-0.1,-1.7,-1.9,2.6,10.0,6.4,26.4,1.2,0.2,14.9
Andrea Bargnani,PF,23,Andrea Bargnani,78,2453,14.6,.559,.304,.278,0.7,22.7,1.8,2.0,3.9,.076,-0.4,-0.5,-0.8,3.4,16.4,10.0,6.4,0.7,3.1,11.2
Matt Barnes,PF,28,Matt Barnes,77,2082,12.6,.537,.506,.202,1.3,18.3,1.6,1.4,3.0,.069,0.9,-0.4,0.5,4.6,18.5,11.8,14.2,1.2,0.9,15.0
Brent Barry,SG,37,Brent Barry,56,857,9.2,.575,.762,.116,0.3,12.4,0.4,1.1,1.5,.082,-0.9,0.4,-0.5,2.4,10.1,6.4,13.7,1.5,0.3,21.0
Brandon Bass,C,23,Brandon Bass,81,1574,16.4,.571,.012,.413,-0.1,20.0,2.5,1.6,4.1,.124,-1.6,-0.6,-2.1,9.5,17.2,13.4,4.3,0.9,2.6,12.5
Maceo Baston,PF,33,Maceo Baston,27,217,12.3,.579,.022,.587,0.0,14.0,0.2,0.2,0.5,.105,-2.4,0.6,-1.7,11.1,15.4,13.2,4.6,1.4,3.4,17.2
Tony Battie,PF,32,Tony Battie,77,1202,11.9,.518,.028,.254,0.0,15.6,0.7,2.1,2.8,.113,-3.4,1.2,-2.2,8.9,17.0,13.0,4.2,1.1,1.5,11.4
Shane Battier,SG,30,Shane Battier,60,2031,10.7,.568,.669,.189,2.8,9.9,2.3,2.9,5.2,.123,0.4,3.0,3.4,3.1,12.9,8.2,10.0,1.3,1.9,11.3
Nicolas Batum,SF,20,Nicolas Batum,79,1454,12.9,.555,.465,.144,1.7,14.0,2.1,1.6,3.7,.123,1.2,1.3,2.5,7.0,11.8,9.4,7.8,1.9,2.2,11.5
Jerryd Bayless,PG,20,Jerryd Bayless,53,655,8.2,.487,.143,.545,-0.6,20.9,-0.2,0.5,0.3,.019,-3.8,-1.6,-5.4,1.5,9.4,5.4,18.2,1.4,0.2,19.3
Michael Beasley,PF,20,Michael Beasley,81,2009,17.2,.528,.085,.252,-1.2,27.7,1.2,2.2,3.4,.081,-2.4,-1.9,-4.3,6.5,19.8,13.1,7.7,1.1,1.5,10.2
Marco Belinelli,SG,22,Marco Belinelli,42,882,11.8,.547,.413,.164,-0.3,19.3,0.4,0.1,0.5,.028,-0.2,-3.0,-3.2,1.2,7.5,4.4,15.3,2.0,0.1,14.8
,,,,,,,,,,,,,,,,,,,,,,,,,
Charlie Bell,SG,29,Charlie Bell,70,1783,9.8,.525,.458,.153,0.2,16.0,0.9,1.2,2.2,.059,-0.4,-1.0,-1.5,2.0,7.1,4.4,13.3,1.5,0.3,12.0
Raja Bell,SG,32,Raja Bell,67,2315,10.7,.548,.396,.149,0.9,16.3,2.0,1.6,3.6,.074,0.2,-0.6,-0.4,2.2,10.5,6.4,10.1,1.1,0.3,10.6
Raja Bell,SG,32,Raja Bell,22,712,8.5,.569,.531,.119,0.2,12.6,0.7,0.1,0.8,.054,0.7,-1.6,-0.9,1.4,8.8,5.2,5.5,0.9,0.2,8.8
Raja Bell,SG,32,Raja Bell,45,1603,11.7,.541,.349,.160,0.7,18.0,1.3,1.5,2.8,.083,0.0,-0.2,-0.2,2.6,11.2,6.9,12.2,1.3,0.3,11.1
Mike Bibby,PG,30,Mike Bibby,79,2740,16.3,.544,.426,.170,2.6,20.6,4.4,2.5,6.9,.121,2.6,-0.9,1.7,1.6,10.3,6.0,24.2,1.9,0.3,10.6
Andris Biedriņš,C,22,Andris Biedriņš,62,1863,19.1,.585,.002,.405,2.1,16.9,3.3,2.1,5.4,.139,0.6,1.9,2.6,13.0,27.4,20.2,10.0,1.7,3.6,14.9
Chauncey Billups,PG,32,Chauncey Billups,79,2789,18.8,.592,.405,.467,3.2,21.7,7.9,2.2,10.1,.174,4.2,-1.7,2.5,1.4,8.4,5.0,28.9,1.7,0.5,13.0
Chauncey Billups,PG,32,Chauncey Billups,2,70,17.5,.492,.333,.476,0.0,20.0,0.1,0.1,0.2,.124,0.3,0.1,0.4,1.7,15.5,8.5,33.0,2.4,1.1,13.6
Chauncey Billups,PG,32,Chauncey Billups,77,2719,18.8,.595,.407,.467,3.1,21.8,7.8,2.1,9.9,.176,4.3,-1.7,2.5,1.4,8.2,4.9,28.8,1.7,0.5,13.0
Steve Blake,PG,28,Steve Blake,69,2188,14.4,.557,.507,.116,2.0,17.0,4.1,1.7,5.8,.128,2.7,-1.1,1.7,1.6,8.4,4.9,25.1,1.7,0.1,13.7
Andray Blatche,C,22,Andray Blatche,71,1703,15.0,.508,.033,.257,0.2,21.9,0.2,1.2,1.4,.039,-1.9,0.4,-1.5,8.5,17.9,13.0,11.8,1.6,3.5,14.3
Mark Blount,C,33,Mark Blount,20,207,8.7,.472,.346,.167,-0.4,22.2,-0.3,0.2,-0.1,-0.024,-6.1,-2.9,-9.0,5.7,18.1,11.8,3.1,0.3,2.8,14.3
Keith Bogans,SG,28,Keith Bogans,65,1272,9.7,.521,.673,.176,0.6,14.0,0.7,1.9,2.5,.096,-0.9,0.8,-0.1,2.8,15.6,9.1,7.7,1.8,0.2,10.5
Keith Bogans,SG,28,Keith Bogans,36,787,8.0,.509,.720,.137,0.4,12.0,0.3,1.2,1.5,.093,-1.4,1.4,0.0,2.2,13.4,7.9,5.9,1.5,0.2,9.3
Keith Bogans,SG,28,Keith Bogans,29,485,12.5,.535,.617,.221,0.2,17.2,0.4,0.6,1.0,.101,-0.1,-0.1,-0.2,3.7,19.1,11.1,10.5,2.1,0.3,11.9
Andrew Bogut,C,24,Andrew Bogut,36,1124,16.2,.586,.000,.309,1.0,17.8,1.0,1.6,2.6,.112,-0.9,2.6,1.7,11.8,27.7,19.4,10.7,1.1,2.7,19.3
Matt Bonner,PF,28,Matt Bonner,81,1928,15.0,.611,.500,.043,2.2,14.6,3.8,3.0,6.8,.169,1.6,0.9,2.6,6.1,17.6,11.9,6.8,1.3,1.0,6.3
Josh Boone,C,24,Josh Boone,62,995,13.3,.513,.000,.397,0.2,13.3,0.9,0.9,1.8,.089,-2.4,1.1,-1.3,12.3,18.7,15.4,5.0,1.2,3.9,11.0
Calvin Booth,C,32,Calvin Booth,8,56,11.4,.592,.000,.800,-0.1,11.6,0.1,0.0,0.1,.106,-3.3,-4.0,-7.3,10.1,12.6,11.5,0.0,0.9,2.7,6.9
Calvin Booth,C,32,Calvin Booth,1,1,39.8,,,,0.0,0.0,0.0,0.0,0.0,.475,14.7,-9.1,5.6,100.0,0.0,58.5,0.0,0.0,0.0,
Calvin Booth,C,32,Calvin Booth,7,55,10.9,.592,.000,.800,-0.1,11.8,0.1,0.0,0.1,.099,-3.6,-3.9,-7.5,8.4,12.8,10.6,0.0,0.9,2.7,6.9
Carlos Boozer,PF,27,Carlos Boozer,37,1197,17.2,.523,.000,.271,0.6,24.4,0.9,1.7,2.6,.105,-0.7,0.6,-0.1,11.1,27.3,19.2,11.4,1.7,0.5,12.1
Chris Bosh,C,24,Chris Bosh,77,2928,22.1,.569,.039,.489,3.3,26.9,6.6,3.1,9.7,.159,2.0,0.5,2.4,8.7,22.1,15.5,11.6,1.2,2.0,10.2
Bruce Bowen,SF,37,Bruce Bowen,80,1506,5.4,.539,.524,.139,0.2,7.2,0.3,1.9,2.2,.070,-3.0,1.6,-1.3,1.3,10.1,5.7,3.7,1.3,0.6,11.2
Ryan Bowen,SF,33,Ryan Bowen,21,219,10.8,.585,.000,.132,0.2,9.9,0.2,0.3,0.6,.125,-1.6,2.7,1.1,5.5,7.7,6.6,6.5,3.5,1.9,11.1
Elton Brand,PF,29,Elton Brand,29,920,14.6,.484,.000,.296,-0.2,23.8,-0.4,1.3,0.9,.047,-3.7,0.9,-2.8,9.9,23.2,16.5,6.9,1.0,3.9,14.2
Corey Brewer,SF,22,Corey Brewer,15,307,11.2,.473,.133,.211,0.1,16.3,0.1,0.3,0.3,.052,-1.6,0.8,-0.8,6.6,12.3,9.3,12.9,2.6,0.8,11.7
Ronnie Brewer,SF,23,Ronnie Brewer,81,2605,16.1,.565,.103,.425,2.7,18.8,3.9,2.9,6.8,.126,1.0,1.0,2.0,4.6,9.1,6.9,10.9,2.7,0.9,10.1
,,,,,,,,,,,,,,,,,,,,,,,,,
Aaron Brooks,PG,24,Aaron Brooks,80,1998,12.9,.521,.395,.220,0.4,22.9,1.4,2.2,3.6,.086,0.2,-1.5,-1.3,2.0,7.0,4.6,20.2,1.2,0.3,12.7
Andre Brown,PF,27,Andre Brown,4,41,-1.5,.254,.000,.286,-0.1,14.8,-0.2,0.0,-0.1,-0.122,-8.9,-0.4,-9.3,21.3,15.0,18.1,3.5,1.3,0.0,38.8
Bobby Brown,SG-PG,24,Bobby Brown,68,931,8.9,.476,.361,.119,-1.2,21.3,-0.5,-0.1,-0.6,-0.029,-2.4,-4.7,-7.2,1.7,4.8,3.3,20.9,1.2,0.2,14.3
Bobby Brown,SG,24,Bobby Brown,47,675,7.7,.468,.381,.138,-1.0,20.5,-0.5,-0.2,-0.7,-0.047,-3.0,-5.1,-8.1,1.4,4.9,3.1,21.1,1.1,0.1,15.2
Bobby Brown,PG,24,Bobby Brown,21,256,11.9,.496,.319,.080,-0.2,23.4,0.0,0.1,0.1,.017,-0.9,-3.8,-4.7,2.6,4.8,3.7,20.6,1.2,0.6,12.0
Dee Brown,PG,24,Dee Brown,19,261,6.6,.449,.490,.102,-0.2,11.8,-0.2,0.1,-0.1,-0.018,-3.2,-1.7,-4.9,3.1,10.1,6.5,19.8,2.0,0.0,24.9
Dee Brown,PG,24,Dee Brown,17,233,7.8,.452,.455,.068,-0.1,11.6,-0.1,0.1,0.0,-0.006,-2.9,-1.3,-4.2,3.4,10.9,7.1,20.6,2.3,0.0,23.6
Dee Brown,PG,24,Dee Brown,2,28,-2.9,.425,.800,.400,-0.1,14.0,-0.1,0.0,-0.1,-0.116,-6.0,-4.5,-10.5,0.0,4.0,2.1,13.1,0.0,0.0,33.8
Devin Brown,SG,30,Devin Brown,63,869,9.7,.459,.310,.319,-0.7,22.8,-0.8,1.0,0.1,.007,-3.8,-1.3,-5.0,4.3,12.2,8.3,10.2,2.0,0.5,13.1
Kwame Brown,C,26,Kwame Brown,58,999,11.5,.546,.000,.722,0.0,13.0,0.5,1.4,1.9,.093,-3.1,1.2,-1.9,10.7,24.0,17.2,4.9,1.3,1.9,18.3
Shannon Brown,SG,23,Shannon Brown,48,477,12.9,.554,.224,.236,-0.1,21.4,0.1,0.6,0.7,.067,-2.2,-0.7,-2.9,2.8,8.1,5.5,13.7,2.5,1.2,17.3
Shannon Brown,SG,23,Shannon Brown,30,341,12.1,.529,.228,.244,-0.1,22.9,-0.1,0.4,0.3,.041,-2.6,-0.6,-3.3,2.9,5.8,4.4,14.8,2.9,1.2,17.6
Shannon Brown,SG,23,Shannon Brown,18,136,15.0,.631,.214,.214,0.0,17.8,0.2,0.2,0.4,.131,-1.2,-0.7,-1.9,2.5,13.9,8.3,10.9,1.5,1.1,16.4
Kobe Bryant,SG,30,Kobe Bryant,82,2960,24.4,.561,.196,.329,4.9,32.2,8.6,4.0,12.7,.206,4.8,-0.2,4.5,3.5,12.8,8.2,23.8,2.1,1.0,9.7
Greg Buckner,SF,32,Greg Buckner,63,878,6.3,.456,.321,.157,-0.3,11.1,-0.4,0.7,0.3,.019,-3.6,0.4,-3.2,4.4,13.9,9.1,9.9,1.8,0.7,18.3
Caron Butler,SG,28,Caron Butler,67,2585,18.8,.552,.194,.371,2.5,25.9,3.4,1.1,4.5,.083,2.6,-0.8,1.8,5.2,13.8,9.4,19.7,2.2,0.6,14.3
Rasual Butler,SF,29,Rasual Butler,82,2614,11.8,.541,.447,.137,1.0,16.8,2.2,2.4,4.6,.084,-0.3,-0.2,-0.5,2.3,10.2,6.3,4.8,1.1,2.0,6.5
Andrew Bynum,C,21,Andrew Bynum,50,1446,20.0,.598,.000,.428,1.4,20.7,3.2,2.3,5.5,.184,0.2,1.6,1.9,10.8,20.1,15.6,7.7,0.6,4.8,12.5
Will Bynum,PG,26,Will Bynum,57,803,17.4,.520,.056,.348,0.1,27.9,0.5,0.8,1.3,.078,0.2,-1.9,-1.7,2.8,8.4,5.5,35.3,2.3,0.2,16.2
José Calderón,PG,27,José Calderón,68,2333,18.8,.613,.314,.239,1.7,16.9,6.2,1.3,7.5,.154,3.3,-2.4,0.9,0.8,8.9,4.9,41.0,1.7,0.2,16.7
Marcus Camby,C,34,Marcus Camby,62,1925,18.7,.556,.008,.367,1.8,15.8,2.3,2.9,5.2,.129,-2.0,3.7,1.8,9.4,32.7,20.7,10.8,1.4,5.1,13.9
Brian Cardinal,PF,31,Brian Cardinal,64,909,8.1,.515,.544,.207,0.3,11.5,0.1,0.7,0.9,.045,-1.8,1.0,-0.8,4.8,13.8,9.1,12.3,2.1,1.1,20.7
Rodney Carney,SG,24,Rodney Carney,67,1199,12.1,.532,.534,.156,0.2,18.6,0.7,0.8,1.5,.059,-0.2,-1.2,-1.5,3.4,9.1,6.1,3.6,2.0,1.9,8.7
Matt Carroll,SG,28,Matt Carroll,55,616,5.5,.451,.310,.146,-0.5,16.4,-0.8,0.7,-0.1,-0.008,-5.2,-0.2,-5.4,1.4,12.2,6.8,7.2,1.8,0.8,15.3
Matt Carroll,SG,28,Matt Carroll,34,475,7.0,.475,.326,.138,-0.3,17.1,-0.5,0.6,0.1,.015,-4.5,0.2,-4.3,1.3,12.9,7.2,8.4,2.1,0.9,15.1
Matt Carroll,SG,28,Matt Carroll,21,141,0.5,.351,.242,.182,-0.2,13.9,-0.3,0.1,-0.2,-0.084,-7.8,-1.2,-9.0,1.6,9.7,5.7,2.9,1.1,0.5,16.4
Anthony Carter,PG,33,Anthony Carter,78,1787,10.8,.490,.228,.202,0.1,14.3,-0.3,2.1,1.8,.047,-2.2,0.3,-1.8,2.7,10.4,6.7,29.9,2.7,0.6,26.9
Vince Carter,SG,32,Vince Carter,80,2946,19.3,.545,.291,.305,3.4,26.8,5.7,1.8,7.5,.123,3.5,-0.9,2.5,3.0,13.8,8.3,23.7,1.5,1.1,9.8
,,,,,,,,,,,,,,,,,,,,,,,,,
Mario Chalmers,PG,22,Mario Chalmers,82,2626,13.3,.548,.470,.292,1.8,16.3,2.1,3.1,5.2,.095,0.4,0.3,0.8,1.7,8.8,5.2,23.5,3.3,0.2,18.1
Tyson Chandler,C,26,Tyson Chandler,45,1445,13.4,.581,.000,.470,0.4,13.7,1.7,1.7,3.4,.114,-1.8,0.9,-0.9,13.7,19.2,16.4,2.4,0.6,3.3,17.0
Wilson Chandler,SF,21,Wilson Chandler,82,2735,12.9,.515,.298,.204,0.8,20.5,1.0,2.1,3.1,.054,-1.2,0.3,-0.9,3.5,14.7,8.9,9.9,1.3,2.0,10.8
Speedy Claxton,PG,30,Speedy Claxton,2,15,5.7,.317,.000,.286,-0.1,24.6,0.0,0.0,0.0,-0.083,-8.3,-10.7,-19.1,0.0,0.0,0.0,32.4,0.0,0.0,0.0
Jarron Collins,C,30,Jarron Collins,26,201,5.8,.502,.000,.314,-0.1,10.9,0.1,0.1,0.2,.047,-2.9,-1.0,-3.9,11.9,10.1,11.0,4.9,0.5,0.4,18.4
Jason Collins,C,30,Jason Collins,31,422,3.3,.346,.000,.400,-0.3,10.1,-0.4,0.3,-0.2,-0.018,-5.7,0.9,-4.8,7.5,12.1,9.7,3.7,1.1,2.4,12.7
Mardy Collins,PG-SG,24,Mardy Collins,48,890,9.5,.470,.126,.186,-0.5,16.6,-0.5,0.4,-0.1,-0.003,-3.6,-0.7,-4.2,3.9,10.1,6.9,19.8,1.8,0.8,17.8
Mardy Collins,SG,24,Mardy Collins,9,75,5.0,.371,.130,.391,-0.1,18.5,-0.2,0.0,-0.1,-0.077,-6.6,-2.1,-8.7,2.8,9.1,5.8,19.3,1.3,0.0,15.6
Mardy Collins,PG,24,Mardy Collins,39,815,9.9,.481,.125,.165,-0.4,16.4,-0.3,0.4,0.1,.004,-3.3,-0.6,-3.8,4.0,10.2,7.0,19.9,1.9,0.9,18.1
Nick Collison,C,28,Nick Collison,71,1831,14.8,.599,.005,.318,1.2,13.5,3.0,2.0,5.0,.130,-0.5,1.0,0.6,11.2,19.7,15.4,5.8,1.4,2.0,13.0
Mike Conley,PG,21,Mike Conley,82,2508,14.3,.548,.297,.270,1.1,17.9,2.7,1.9,4.5,.086,0.5,-0.7,-0.2,1.2,12.5,6.8,23.7,1.9,0.3,14.9
Brian Cook,PF,28,Brian Cook,30,171,7.6,.470,.395,.079,-0.2,24.8,-0.3,0.3,0.0,-0.001,-5.3,-1.7,-6.9,4.8,16.1,10.6,5.1,0.9,1.3,14.2
Brian Cook,PF,28,Brian Cook,21,146,7.6,.495,.417,.100,-0.2,23.3,-0.2,0.2,0.1,.019,-4.5,-2.0,-6.5,4.8,15.8,10.4,4.7,1.1,0.0,14.9
Brian Cook,PF,28,Brian Cook,9,25,7.4,.375,.313,.000,0.0,33.5,-0.1,0.0,-0.1,-0.120,-9.6,-0.2,-9.8,4.9,17.9,11.7,7.3,0.0,8.7,11.1
Daequan Cook,SF,21,Daequan Cook,75,1833,10.3,.512,.612,.087,-0.5,18.2,0.9,1.3,2.2,.056,-0.7,-2.3,-3.0,1.2,11.2,6.2,6.2,1.1,0.4,5.9
Jamal Crawford,PG-SG,28,Jamal Crawford,65,2479,15.1,.545,.386,.337,0.2,22.8,3.3,0.0,3.3,.065,1.7,-3.4,-1.7,1.0,7.5,4.2,18.1,1.1,0.4,11.2
Jamal Crawford,SG,28,Jamal Crawford,11,392,15.7,.571,.456,.272,0.0,23.9,0.6,0.1,0.7,.083,1.7,-4.0,-2.3,0.5,4.3,2.4,20.0,1.1,0.0,12.1
Jamal Crawford,PG,28,Jamal Crawford,54,2087,15.0,.541,.372,.349,0.2,22.6,2.7,-0.1,2.7,.061,1.7,-3.2,-1.6,1.1,8.1,4.6,17.8,1.1,0.4,11.0
Joe Crawford,SF,22,Joe Crawford,2,23,10.8,.414,.400,.200,0.0,20.6,0.0,0.0,0.0,.037,-3.0,-2.6,-5.6,4.6,14.8,9.5,6.5,2.2,0.0,0.0
Javaris Crittenton,PG-SG,21,Javaris Crittenton,63,1174,10.4,.487,.053,.323,-0.5,15.8,-0.3,0.3,0.0,.000,-2.6,-1.1,-3.6,5.6,11.2,8.3,19.8,1.8,0.4,20.1
Javaris Crittenton,SG,21,Javaris Crittenton,7,44,13.2,.479,.067,.733,0.0,24.3,0.0,0.0,0.0,.025,-1.0,-3.3,-4.3,11.0,5.7,8.4,20.1,1.2,0.0,13.1
Javaris Crittenton,PG,21,Javaris Crittenton,56,1130,10.3,.488,.052,.300,-0.5,15.5,-0.3,0.3,0.0,.000,-2.6,-1.0,-3.6,5.4,11.4,8.3,19.7,1.8,0.4,20.5
Austin Croshere,PF,33,Austin Croshere,14,100,14.2,.452,.385,.308,0.0,23.0,0.0,0.1,0.1,.052,-1.8,-1.0,-2.9,12.7,28.1,20.1,14.4,0.5,0.8,11.9
Austin Croshere,PF,33,Austin Croshere,11,77,17.2,.517,.367,.367,0.0,22.6,0.1,0.1,0.2,.117,-0.2,-1.3,-1.5,10.3,27.3,18.4,12.9,0.7,1.1,10.3
Austin Croshere,PF,33,Austin Croshere,3,23,4.3,.212,.444,.111,0.0,24.1,-0.1,0.0,-0.1,-0.166,-7.4,-0.1,-7.5,21.0,30.7,25.9,19.3,0.0,0.0,17.5
Eddy Curry,C,26,Eddy Curry,3,12,2.8,.753,.000,1.500,0.0,19.3,0.0,0.0,0.0,-0.064,-11.5,-5.8,-17.3,0.0,37.7,18.2,0.0,0.0,0.0,37.6
Samuel Dalembert,C,27,Samuel Dalembert,82,2036,13.2,.535,.005,.286,-0.3,13.6,0.5,3.5,4.0,.095,-4.2,1.7,-2.5,12.5,28.9,20.6,1.4,0.9,5.8,19.3
Erick Dampier,C,33,Erick Dampier,80,1836,15.7,.664,.000,.504,2.3,10.4,3.9,2.3,6.1,.161,0.4,2.5,2.9,13.6,21.6,17.7,6.1,0.7,3.8,17.8
Antonio Daniels,PG,33,Antonio Daniels,74,1021,12.1,.536,.254,.424,-0.8,15.9,0.9,0.6,1.5,.068,-2.2,-2.8,-5.0,0.6,8.5,4.5,26.9,1.4,0.1,18.1
Antonio Daniels,PG,33,Antonio Daniels,13,288,10.8,.554,.244,.733,-0.2,11.5,0.3,0.0,0.3,.053,-2.1,-3.1,-5.2,0.0,9.2,4.5,23.4,1.3,0.0,17.9
Antonio Daniels,PG,33,Antonio Daniels,61,733,12.6,.531,.257,.351,-0.5,17.7,0.6,0.6,1.1,.074,-2.2,-2.7,-4.9,0.8,8.2,4.5,28.3,1.4,0.1,18.2
Marquis Daniels,SF,28,Marquis Daniels,54,1700,12.8,.491,.131,.187,0.0,21.5,-0.1,1.4,1.3,.037,-1.6,-0.3,-1.9,5.1,11.0,8.0,10.7,1.8,1.1,11.2
,,,,,,,,,,,,,,,,,,,,,,,,,
Jermareo Davidson,SF,24,Jermareo Davidson,14,111,12.3,.494,.000,.486,-0.2,18.3,0.0,0.1,0.1,.036,-5.4,-4.1,-9.4,9.8,23.5,16.7,1.4,0.9,1.9,10.5
Baron Davis,PG,29,Baron Davis,65,2248,14.5,.460,.342,.219,0.9,25.2,-0.9,1.5,0.6,.013,0.5,-1.0,-0.5,2.3,10.2,6.1,38.1,2.5,1.2,15.5
Glen Davis,C,23,Glen Davis,76,1637,10.7,.502,.011,.396,0.4,17.1,1.0,2.7,3.7,.108,-2.1,1.1,-1.0,9.4,12.8,11.2,6.5,1.7,0.9,11.8
Paul Davis,PF,24,Paul Davis,27,320,10.7,.474,.010,.347,-0.3,17.9,0.1,0.2,0.2,.037,-3.9,-1.7,-5.6,9.8,14.5,12.1,6.1,1.6,0.7,10.3
Ricky Davis,SG,29,Ricky Davis,36,785,7.1,.445,.453,.147,-0.7,17.4,-0.6,0.2,-0.4,-0.027,-3.2,-2.5,-5.7,1.3,7.7,4.4,16.4,1.3,0.5,13.0
Luol Deng,SF,23,Luol Deng,49,1665,14.7,.511,.034,.323,0.5,20.0,1.3,1.6,3.0,.085,-1.1,0.3,-0.8,5.5,14.7,10.1,9.0,1.9,1.1,9.6
Boris Diaw,PF,26,Boris Diaw,81,2754,14.4,.565,.205,.166,2.5,19.7,1.9,2.8,4.7,.082,0.6,1.0,1.6,5.3,13.8,9.6,21.2,1.2,1.6,18.5
Boris Diaw,PF,26,Boris Diaw,22,538,12.5,.600,.099,.184,0.2,15.5,0.5,0.2,0.7,.062,-0.4,-0.4,-0.8,5.4,12.5,9.1,12.1,1.0,1.2,19.5
Boris Diaw,PF,26,Boris Diaw,59,2216,14.9,.558,.225,.163,2.3,20.8,1.4,2.6,4.0,.086,0.8,1.3,2.1,5.3,14.1,9.7,23.4,1.2,1.6,18.3
Yakhouba Diawara,SF,26,Yakhouba Diawara,63,851,6.4,.473,.751,.088,-0.5,13.3,0.1,0.4,0.5,.029,-2.0,-2.2,-4.2,3.6,7.9,5.8,4.7,0.8,0.6,6.6
Travis Diener,PG,26,Travis Diener,55,719,13.7,.555,.659,.084,0.3,12.5,1.3,0.6,1.9,.125,0.8,-1.3,-0.5,0.9,12.4,6.6,23.9,1.8,0.5,10.2
Ike Diogu,PF,25,Ike Diogu,29,215,20.3,.611,.027,.716,-0.2,23.2,0.6,0.1,0.7,.158,-0.4,-5.2,-5.6,14.4,16.6,15.5,2.7,0.7,1.1,11.0
Ike Diogu,PF,25,Ike Diogu,19,73,11.4,.486,.000,1.053,-0.1,21.8,0.0,0.1,0.1,.057,-4.6,-5.2,-9.7,20.1,8.6,14.4,0.0,0.8,2.2,17.8
Ike Diogu,PF,25,Ike Diogu,10,142,24.9,.662,.036,.600,-0.1,23.8,0.6,0.0,0.6,.210,1.8,-5.2,-3.4,11.4,20.7,16.0,4.1,0.7,0.5,7.9
DeSagana Diop,C,27,DeSagana Diop,75,1036,9.7,.425,.000,.386,0.3,10.8,-0.2,1.6,1.4,.065,-3.9,3.0,-0.9,13.3,18.2,15.8,4.6,1.5,4.3,16.3
DeSagana Diop,C,27,DeSagana Diop,34,452,8.9,.396,.000,.500,0.1,8.3,0.1,0.6,0.7,.070,-3.8,3.0,-0.8,11.5,18.4,15.0,3.9,1.4,4.1,13.5
DeSagana Diop,C,27,DeSagana Diop,41,584,10.3,.441,.000,.327,0.1,12.7,-0.2,1.0,0.7,.060,-4.0,3.0,-1.0,14.7,18.1,16.4,5.2,1.6,4.4,17.8
Juan Dixon,PG,30,Juan Dixon,50,816,9.3,.478,.293,.152,-0.8,19.1,-0.8,0.2,-0.5,-0.031,-3.2,-2.4,-5.6,1.1,8.7,4.8,22.7,2.3,0.6,20.4
Keyon Dooling,PG,28,Keyon Dooling,77,2074,13.6,.562,.393,.258,0.4,17.4,2.8,0.9,3.7,.085,0.8,-1.9,-1.1,1.4,7.6,4.5,21.3,1.8,0.3,13.6
Joey Dorsey,PF,25,Joey Dorsey,3,6,16.1,.500,.000,.000,0.0,15.5,0.0,0.0,0.0,.156,-1.7,-1.3,-3.1,0.0,18.7,9.7,28.7,0.0,0.0,0.0
Quincy Douby,PG,24,Quincy Douby,27,300,10.2,.486,.418,.173,-0.3,19.8,0.0,0.0,0.0,.008,-2.2,-3.7,-5.9,2.3,10.2,6.2,13.6,0.9,1.2,9.9
Quincy Douby,PG,24,Quincy Douby,20,227,8.0,.444,.420,.170,-0.3,19.9,-0.1,0.0,-0.1,-0.024,-3.5,-4.0,-7.6,1.5,11.4,6.4,9.3,0.4,1.6,6.0
Quincy Douby,PG,24,Quincy Douby,7,73,17.0,.652,.409,.182,0.0,19.4,0.1,0.0,0.2,.106,1.9,-2.5,-0.7,4.9,6.4,5.6,27.1,2.1,0.0,22.8
Chris Douglas-Roberts,SG,22,Chris Douglas-Roberts,44,585,12.2,.531,.068,.352,-0.4,18.7,0.4,0.2,0.6,.046,-2.7,-2.3,-5.0,2.8,7.4,5.1,14.8,1.1,1.0,13.2
Goran Dragić,PG,22,Goran Dragić,55,728,9.8,.487,.241,.290,-0.2,19.7,-0.3,0.4,0.1,.005,-2.1,-1.2,-3.3,5.5,10.8,8.3,20.8,2.0,0.3,22.4
Jared Dudley,SF,23,Jared Dudley,68,1155,13.5,.562,.260,.368,0.8,14.6,1.6,1.1,2.7,.114,0.6,0.2,0.8,8.7,12.3,10.5,7.1,2.5,0.5,11.5
Jared Dudley,SF,23,Jared Dudley,20,427,10.6,.507,.083,.250,0.1,12.9,0.3,0.5,0.8,.094,-1.6,1.0,-0.6,7.3,9.8,8.6,7.3,2.3,0.4,8.6
Jared Dudley,SF,23,Jared Dudley,48,728,15.2,.588,.349,.429,0.7,15.6,1.3,0.6,1.9,.126,1.9,-0.3,1.6,9.5,13.7,11.7,7.0,2.7,0.6,12.8
Chris Duhon,PG,26,Chris Duhon,79,2906,12.2,.569,.477,.307,0.4,14.9,3.1,1.0,4.2,.069,0.1,-1.5,-1.4,1.6,7.8,4.6,27.9,1.2,0.2,22.2
Tim Duncan,C,32,Tim Duncan,75,2524,24.4,.549,.002,.436,4.2,28.5,5.0,5.0,10.1,.191,1.1,3.5,4.6,9.6,27.9,18.9,19.3,0.8,3.7,11.1
,,,,,,,,,,,,,,,,,,,,,,,,,
Mike Dunleavy,SG,28,Mike Dunleavy,18,495,14.4,.520,.388,.280,0.0,26.3,0.1,0.4,0.5,.048,-0.1,-2.0,-2.1,3.1,12.1,7.6,14.2,1.2,1.3,12.7
Kevin Durant,SF,20,Kevin Durant,74,2885,20.8,.577,.165,.377,2.8,28.3,5.2,2.7,7.9,.132,2.2,-0.5,1.8,3.0,16.4,9.6,13.5,1.7,1.4,12.2
Monta Ellis,SG,23,Monta Ellis,25,892,14.5,.503,.060,.219,-0.3,25.8,-0.1,0.3,0.2,.012,-1.5,-1.8,-3.3,1.7,11.5,6.6,17.5,2.1,0.6,12.4
Francisco Elson,C,32,Francisco Elson,59,977,10.3,.537,.024,.231,0.5,10.8,0.5,1.3,1.8,.089,-2.5,2.7,0.1,11.6,16.3,13.8,4.8,1.9,3.1,20.5
Melvin Ely,C,30,Melvin Ely,31,373,6.0,.438,.000,.379,-0.4,17.3,-0.3,0.3,-0.1,-0.008,-5.6,-0.7,-6.2,9.7,11.0,10.4,7.6,0.3,2.0,17.2
Maurice Evans,SF,30,Maurice Evans,80,1840,11.1,.558,.515,.151,0.7,14.2,2.3,1.5,3.8,.099,0.5,-1.0,-0.5,5.6,9.9,7.7,4.6,1.5,0.4,7.7
Reggie Evans,PF,28,Reggie Evans,79,1137,10.4,.514,.006,.983,-0.3,13.0,0.3,1.6,1.9,.079,-3.3,0.1,-3.1,14.1,24.0,19.0,3.3,1.9,0.6,21.3
Jordan Farmar,PG,22,Jordan Farmar,65,1192,9.9,.466,.354,.187,-0.3,19.6,-0.7,1.5,0.8,.034,-2.4,-0.5,-2.9,2.1,8.9,5.5,18.6,2.4,0.6,16.3
Desmon Farmer,SG,27,Desmon Farmer,3,54,0.4,.437,.857,.143,-0.1,16.9,-0.1,0.1,-0.1,-0.071,-6.2,-2.2,-8.4,0.0,13.1,6.6,5.4,0.0,0.0,21.2
Raymond Felton,PG,24,Raymond Felton,82,3086,13.7,.483,.191,.251,1.4,21.9,0.6,3.7,4.3,.066,-0.6,0.5,-0.1,2.2,10.2,6.2,31.1,2.2,0.8,15.9
Rudy Fernández,SG,23,Rudy Fernández,78,1993,15.5,.588,.632,.227,2.5,18.4,4.3,1.8,6.1,.147,3.6,-0.6,3.1,2.9,10.1,6.4,12.7,1.9,0.5,11.0
Kyrylo Fesenko,C,22,Kyrylo Fesenko,21,156,13.0,.542,.000,.583,0.1,15.6,0.0,0.3,0.3,.095,-3.4,3.8,0.4,10.7,17.6,14.2,3.9,2.3,7.6,16.6
Michael Finley,SF,35,Michael Finley,81,2336,11.4,.547,.463,.090,0.9,16.1,1.6,2.8,4.4,.091,-0.6,0.1,-0.5,1.3,12.3,6.9,7.7,0.9,0.5,7.8
Derek Fisher,PG,34,Derek Fisher,82,2441,12.1,.546,.439,.189,1.6,14.7,3.6,2.7,6.3,.123,0.9,-0.3,0.6,1.2,7.4,4.4,14.9,2.0,0.2,8.8
T.J. Ford,PG,25,T.J. Ford,74,2258,16.6,.533,.114,.308,1.0,23.5,2.6,1.7,4.3,.092,0.7,-0.9,-0.2,2.9,9.8,6.3,27.6,2.0,0.5,14.8
Jeff Foster,C,32,Jeff Foster,74,1828,13.0,.542,.020,.414,1.7,12.0,2.3,1.9,4.2,.111,-0.5,2.1,1.6,12.8,17.8,15.3,9.9,1.4,2.0,17.4
Randy Foye,SG,25,Randy Foye,70,2494,13.7,.517,.314,.277,1.0,22.6,2.0,1.1,3.1,.059,0.9,-1.3,-0.4,1.5,8.8,5.0,20.5,1.5,0.8,12.0
Adonal Foyle,C,33,Adonal Foyle,10,62,19.7,.623,.000,.545,0.0,12.4,0.1,0.2,0.3,.212,-3.5,4.0,0.5,16.8,30.1,23.6,2.6,0.0,9.3,18.0
Adonal Foyle,C,33,Adonal Foyle,9,59,21.0,.623,.000,.545,0.0,13.0,0.1,0.2,0.3,.223,-3.3,4.3,0.9,17.7,31.7,24.8,2.7,0.0,9.7,18.0
Adonal Foyle,C,33,Adonal Foyle,1,3,-6.3,,,,0.0,0.0,0.0,0.0,0.0,-0.003,-6.4,-0.3,-6.7,0.0,0.0,0.0,0.0,0.0,0.0,
Channing Frye,PF,25,Channing Frye,63,746,10.0,.465,.124,.135,-0.4,19.7,0.0,0.8,0.8,.054,-3.4,-0.8,-4.3,6.7,16.7,11.6,5.3,1.3,1.7,9.3
Dan Gadzuric,C,30,Dan Gadzuric,67,941,12.2,.495,.008,.279,0.3,15.0,0.4,1.4,1.8,.094,-3.0,2.4,-0.6,11.4,21.0,16.0,6.5,1.8,3.8,13.0
,,,,,,,,,,,,,,,,,,,,,,,,,
Danilo Gallinari,SG,20,Danilo Gallinari,28,412,13.4,.621,.576,.216,0.1,16.0,0.7,0.3,1.0,.119,0.7,-1.3,-0.6,3.3,11.5,7.3,5.5,1.7,0.7,9.9
Francisco García,SF,27,Francisco García,65,1975,14.1,.554,.332,.268,0.9,19.4,1.7,0.7,2.4,.058,0.3,-0.4,-0.1,3.3,9.6,6.4,12.6,2.1,2.5,13.1
Thomas Gardner,SG,23,Thomas Gardner,16,98,1.5,.318,.639,.111,-0.2,19.5,-0.3,0.1,-0.2,-0.120,-7.1,-2.6,-9.7,0.0,8.4,4.2,3.1,2.2,0.8,7.4
Kevin Garnett,PF,32,Kevin Garnett,57,1772,21.2,.563,.011,.178,2.7,23.4,3.0,4.1,7.1,.193,0.2,3.7,4.0,5.6,26.7,16.6,14.7,1.9,3.1,10.1
Marc Gasol,C,24,Marc Gasol,82,2521,16.7,.590,.002,.567,2.1,18.3,3.7,2.7,6.4,.121,-0.2,1.5,1.2,9.6,20.0,14.7,9.7,1.3,2.9,16.6
Pau Gasol,C,28,Pau Gasol,81,2999,22.2,.617,.002,.420,5.3,20.4,9.8,4.2,13.9,.223,3.3,1.7,5.0,10.0,19.3,14.7,14.8,0.9,2.1,11.3
Rudy Gay,SF,22,Rudy Gay,79,2945,15.3,.528,.192,.273,0.5,25.6,0.7,2.6,3.3,.054,-0.7,-0.7,-1.4,4.5,13.9,9.1,8.7,1.8,1.6,12.6
Devean George,SF,31,Devean George,43,708,7.0,.485,.535,.155,0.0,10.9,0.1,0.6,0.6,.042,-2.0,0.2,-1.8,4.1,8.5,6.3,3.0,1.7,1.1,10.1
Daniel Gibson,PG,22,Daniel Gibson,75,1795,10.1,.519,.537,.163,0.6,16.5,1.5,2.3,3.8,.101,-0.3,-0.4,-0.7,2.1,7.9,5.1,11.3,1.3,0.7,9.7
J.R. Giddens,SF,23,J.R. Giddens,6,8,26.0,.667,.000,.000,0.0,23.3,0.0,0.0,0.0,.201,1.4,-2.1,-0.7,31.9,14.5,22.8,0.0,6.6,0.0,25.0
Eddie Gill,PG,30,Eddie Gill,6,43,15.5,.778,.333,.000,0.0,14.6,0.1,0.1,0.1,.155,-0.5,-0.9,-1.4,0.0,11.5,5.5,41.2,3.6,1.9,35.7
Manu Ginóbili,SG,31,Manu Ginóbili,44,1181,22.9,.594,.426,.387,2.4,27.2,2.7,2.3,5.0,.203,4.2,1.8,6.0,2.5,17.3,10.0,23.1,2.9,1.0,13.3
Ryan Gomes,SF,26,Ryan Gomes,82,2614,12.5,.518,.293,.186,0.5,20.4,1.3,1.3,2.5,.046,-0.3,-0.9,-1.3,4.6,13.3,8.8,8.7,1.3,0.6,10.8
Drew Gooden,PF,27,Drew Gooden,51,1264,16.3,.526,.008,.308,-0.5,23.5,1.1,1.6,2.7,.102,-2.2,-1.3,-3.5,10.4,22.6,16.6,6.3,1.2,1.0,11.7
Drew Gooden,PF,27,Drew Gooden,31,918,15.3,.514,.009,.276,0.0,21.9,0.6,1.1,1.7,.090,-1.8,-0.3,-2.1,10.3,22.8,16.6,7.7,1.5,1.1,12.6
Drew Gooden,PF,27,Drew Gooden,1,26,18.7,.607,.000,.222,0.0,22.2,0.0,0.0,0.0,.082,-3.4,-2.1,-5.6,13.4,45.2,29.2,13.8,0.0,0.0,23.3
Drew Gooden,PF,27,Drew Gooden,19,320,18.8,.550,.007,.393,-0.4,28.2,0.5,0.5,0.9,.139,-3.3,-4.2,-7.5,10.6,20.2,15.5,1.7,0.7,0.9,8.6
Ben Gordon,SG,25,Ben Gordon,82,2999,17.0,.573,.321,.290,1.9,25.0,5.2,1.7,6.9,.110,2.7,-2.2,0.6,2.0,8.8,5.4,15.9,1.2,0.5,11.9
Eric Gordon,SG,20,Eric Gordon,78,2677,14.9,.593,.374,.388,1.1,20.7,3.9,0.7,4.6,.082,1.4,-1.9,-0.4,1.9,6.9,4.3,13.6,1.5,1.0,13.5
Marcin Gortat,PF,24,Marcin Gortat,63,794,17.0,.578,.005,.241,0.5,13.5,1.4,1.9,3.3,.202,-2.3,2.9,0.6,14.0,26.3,20.3,2.9,1.2,4.8,10.8
Joey Graham,SF,26,Joey Graham,78,1541,11.9,.542,.033,.333,-0.6,18.7,1.1,1.1,2.2,.068,-2.2,-1.3,-3.5,7.3,14.9,11.1,5.0,1.2,0.6,11.9
Stephen Graham,SG,26,Stephen Graham,52,684,8.5,.498,.258,.242,-0.8,20.9,-0.4,0.4,0.0,.001,-3.8,-2.9,-6.7,3.4,12.2,7.7,7.3,0.7,0.4,13.7
Danny Granger,SF,25,Danny Granger,67,2424,21.8,.584,.352,.360,3.0,29.6,5.6,2.4,8.0,.158,3.8,-0.9,2.9,2.2,13.4,7.7,13.1,1.4,3.0,10.0
,,,,,,,,,,,,,,,,,,,,,,,,,
Aaron Gray,C,24,Aaron Gray,56,715,11.5,.508,.006,.353,0.1,14.5,0.5,0.8,1.3,.086,-2.1,0.6,-1.5,13.5,21.7,17.6,9.6,1.0,1.8,17.2
Gerald Green,SG,23,Gerald Green,38,376,11.4,.513,.256,.178,-0.4,27.7,-0.3,0.3,0.0,-0.002,-3.4,-3.0,-6.4,4.3,12.1,8.2,6.9,1.4,1.0,14.5
Jeff Green,PF,22,Jeff Green,78,2873,13.9,.536,.231,.287,0.8,21.2,1.8,2.4,4.2,.070,-0.5,-0.4,-0.8,4.7,16.3,10.4,9.1,1.4,0.8,12.6
Willie Green,SG,27,Willie Green,81,1828,11.1,.493,.245,.129,-0.3,18.9,1.1,1.2,2.3,.060,-0.9,-1.7,-2.7,1.9,6.4,4.1,14.4,1.5,0.6,8.4
Donté Greene,SF,20,Donté Greene,55,725,5.2,.416,.424,.144,-1.1,17.8,-1.2,0.1,-1.1,-0.074,-5.1,-2.7,-7.8,3.0,10.9,6.9,6.4,1.1,1.4,12.8
Hamed Haddadi,C,23,Hamed Haddadi,19,120,19.7,.543,.000,.968,0.1,20.7,0.2,0.2,0.4,.142,-2.6,2.7,0.1,16.1,32.2,24.0,11.1,0.4,8.1,16.9
Malik Hairston,SG,21,Malik Hairston,15,155,12.0,.480,.020,.143,0.0,20.0,-0.1,0.3,0.1,.045,-4.3,2.7,-1.6,8.6,12.9,10.8,13.8,2.1,3.3,18.7
Richard Hamilton,SG,30,Richard Hamilton,67,2279,16.9,.529,.182,.252,1.1,27.0,3.1,1.4,4.5,.095,2.1,-2.2,-0.1,2.3,8.6,5.4,23.9,1.0,0.1,10.3
Matt Harpring,SG,32,Matt Harpring,63,693,12.3,.508,.008,.299,-0.2,19.5,0.4,0.8,1.2,.086,-2.4,-0.6,-3.0,8.1,13.1,10.6,6.4,2.2,1.0,9.6
Al Harrington,PF,28,Al Harrington,73,2546,15.9,.547,.388,.243,0.6,25.7,1.9,2.0,3.9,.073,0.6,-1.7,-1.1,4.1,15.8,9.8,6.8,1.7,0.6,10.7
Al Harrington,PF,28,Al Harrington,5,166,8.8,.417,.400,.143,-0.1,20.9,-0.2,0.1,-0.1,-0.030,-1.9,-2.7,-4.6,6.6,11.8,9.2,8.9,2.1,0.0,8.6
Al Harrington,PF,28,Al Harrington,68,2380,16.4,.555,.387,.250,0.7,26.0,2.1,1.9,4.0,.080,0.7,-1.6,-0.8,4.0,16.1,9.8,6.6,1.7,0.7,10.8
Devin Harris,PG,25,Devin Harris,69,2494,21.6,.563,.212,.582,2.8,28.4,5.9,1.7,7.5,.145,3.9,-1.5,2.5,1.4,9.7,5.5,34.4,2.4,0.4,14.0
Jason Hart,PG,30,Jason Hart,39,348,6.5,.375,.064,.245,-0.4,16.5,-0.5,0.2,-0.3,-0.048,-6.0,-0.9,-6.9,4.2,11.2,7.6,20.9,1.8,0.9,17.4
Jason Hart,PG,30,Jason Hart,28,312,6.1,.352,.048,.226,-0.4,16.3,-0.6,0.2,-0.4,-0.058,-6.4,-0.6,-7.0,4.3,11.4,7.8,20.8,2.0,0.9,17.1
Jason Hart,PG,30,Jason Hart,11,36,9.8,.553,.200,.400,0.0,18.3,0.0,0.0,0.0,.043,-2.8,-3.7,-6.5,3.3,9.4,6.5,21.8,0.0,0.0,20.3
Udonis Haslem,PF,28,Udonis Haslem,75,2560,13.1,.553,.000,.264,0.2,14.7,3.0,2.6,5.7,.106,-2.0,0.2,-1.8,7.8,21.2,14.4,5.3,0.9,0.8,10.3
Trenton Hassell,SF,29,Trenton Hassell,53,1094,7.2,.480,.042,.131,-0.3,9.9,0.2,0.4,0.7,.029,-3.3,0.2,-3.0,5.4,10.6,7.9,7.1,1.0,1.2,12.9
Spencer Hawes,C,20,Spencer Hawes,77,2259,13.0,.509,.144,.170,-0.1,20.2,-0.4,1.2,0.8,.016,-2.4,0.2,-2.1,7.6,20.9,14.2,11.3,1.0,3.1,15.7
Chuck Hayes,C,25,Chuck Hayes,71,858,7.8,.375,.035,.168,0.4,7.9,-0.1,1.7,1.6,.092,-4.1,4.1,0.0,10.5,23.0,17.0,7.0,2.1,1.6,17.1
Jarvis Hayes,SF,27,Jarvis Hayes,74,1832,10.8,.537,.423,.090,-0.4,16.6,1.0,1.2,2.1,.055,-1.3,-1.6,-2.8,1.7,15.8,8.7,4.9,1.5,0.3,7.6
Brendan Haywood,C,29,Brendan Haywood,6,175,14.9,.490,.000,.420,0.0,17.7,0.0,0.2,0.2,.041,-3.8,2.1,-1.7,8.5,21.4,14.8,7.3,1.2,7.0,13.2
Luther Head,PG-SG,26,Luther Head,32,498,9.9,.482,.375,.167,-0.1,16.8,0.0,0.6,0.6,.058,-2.6,-0.5,-3.0,1.4,10.7,6.2,18.1,1.8,0.3,13.9
Luther Head,PG,26,Luther Head,22,322,9.8,.491,.376,.158,-0.1,17.9,0.0,0.3,0.4,.058,-2.4,-1.4,-3.8,1.1,8.4,4.9,17.4,1.0,0.2,12.9
Luther Head,SG,26,Luther Head,10,176,10.2,.462,.372,.186,0.0,14.8,0.0,0.3,0.2,.059,-2.9,1.1,-1.7,2.0,15.1,8.5,19.5,3.3,0.5,16.2
Walter Herrmann,SF,29,Walter Herrmann,59,630,11.4,.514,.580,.121,-0.2,17.8,0.5,0.5,1.0,.074,-0.6,-2.6,-3.2,5.2,15.1,10.1,5.6,0.6,0.5,7.2
,,,,,,,,,,,,,,,,,,,,,,,,,
Roy Hibbert,C,22,Roy Hibbert,70,1009,16.1,.510,.000,.350,0.2,23.3,1.0,1.2,2.1,.102,-1.9,0.5,-1.3,12.4,14.1,13.3,7.9,1.0,5.6,10.2
J.J. Hickson,C,20,J.J. Hickson,62,705,12.5,.548,.000,.345,-0.4,18.0,0.2,1.3,1.5,.101,-4.7,0.2,-4.5,9.1,18.4,13.9,2.1,1.1,3.4,16.8
Nenê Hilário,C,26,Nenê Hilário,77,2510,18.8,.645,.007,.519,3.4,18.1,5.6,3.7,9.3,.177,1.3,2.1,3.4,8.7,18.7,13.8,7.1,1.9,3.1,14.4
George Hill,PG,22,George Hill,77,1270,11.6,.502,.196,.392,0.1,19.5,0.2,2.0,2.1,.080,-2.8,1.0,-1.8,2.9,11.9,7.4,16.6,1.9,1.2,14.5
Grant Hill,SF,36,Grant Hill,82,2445,15.2,.584,.102,.301,1.8,17.5,3.5,1.9,5.3,.104,0.3,0.7,1.0,3.2,15.7,9.7,11.0,1.8,1.6,13.0
Steven Hill,PF,23,Steven Hill,1,2,88.3,1.000,.000,.000,0.0,22.1,0.0,0.0,0.0,.873,26.1,-19.2,6.8,100.0,58.6,86.4,0.0,0.0,0.0,0.0
Kirk Hinrich,SG,28,Kirk Hinrich,51,1339,13.9,.551,.403,.205,0.8,18.1,1.3,1.3,2.6,.092,0.8,-0.5,0.4,1.4,9.1,5.3,22.7,2.5,1.0,16.0
Ryan Hollins,C,24,Ryan Hollins,45,444,12.9,.569,.000,.766,0.0,15.7,0.5,0.6,1.0,.110,-2.9,0.9,-2.0,12.4,13.4,12.9,2.5,0.8,5.7,16.0
Ryan Hollins,C,24,Ryan Hollins,18,184,15.3,.613,.000,1.114,0.1,15.9,0.3,0.3,0.6,.158,-1.9,2.4,0.5,12.9,11.4,12.1,3.5,0.9,7.6,16.1
Ryan Hollins,C,24,Ryan Hollins,27,260,11.3,.537,.000,.559,-0.1,15.5,0.1,0.3,0.4,.076,-3.7,-0.1,-3.8,12.0,14.9,13.5,1.7,0.8,4.3,16.0
Al Horford,C,22,Al Horford,67,2242,17.0,.565,.002,.345,2.5,16.4,3.3,3.5,6.8,.145,-0.7,3.1,2.3,7.6,25.0,16.3,11.9,1.3,3.3,13.1
Eddie House,PG,30,Eddie House,81,1479,15.4,.592,.607,.095,1.5,20.1,2.5,2.4,4.9,.158,2.4,-0.4,2.0,0.9,11.5,6.5,10.3,2.2,0.4,8.6
Dwight Howard,C,23,Dwight Howard,79,2821,25.4,.600,.002,.867,4.6,26.1,6.2,7.6,13.8,.234,0.1,4.3,4.4,13.8,29.5,21.8,7.3,1.4,5.9,15.1
Josh Howard,SF,28,Josh Howard,52,1663,17.0,.532,.215,.281,0.5,26.7,1.5,1.7,3.2,.091,0.1,-1.0,-0.9,4.1,14.0,9.1,8.6,1.7,1.3,9.2
Juwan Howard,SF-PF,35,Juwan Howard,42,472,10.9,.534,.000,.231,-0.2,18.8,0.2,0.4,0.7,.067,-2.9,-1.0,-3.9,7.9,11.9,9.9,9.7,0.8,1.0,13.8
Juwan Howard,PF,35,Juwan Howard,3,22,9.6,.500,.000,.000,0.0,4.0,0.0,0.0,0.1,.141,-1.9,3.7,1.8,5.4,15.4,10.6,12.5,2.3,3.5,0.0
Juwan Howard,SF,35,Juwan Howard,39,450,10.9,.535,.000,.234,-0.2,19.5,0.2,0.4,0.6,.064,-2.9,-1.2,-4.2,8.0,11.7,9.9,9.6,0.7,0.9,14.0
Larry Hughes,SF-SG,30,Larry Hughes,55,1479,13.4,.515,.346,.260,0.3,20.6,0.8,1.3,2.1,.070,-0.5,-0.6,-1.1,1.2,11.0,6.0,12.6,2.5,0.7,10.3
Larry Hughes,SF,30,Larry Hughes,30,792,14.4,.525,.331,.266,0.2,21.4,0.6,0.8,1.4,.088,-0.1,-0.8,-0.9,0.9,12.7,6.8,11.9,2.3,0.8,9.5
Larry Hughes,SG,30,Larry Hughes,25,687,12.3,.504,.365,.253,0.1,19.7,0.2,0.5,0.7,.049,-1.1,-0.4,-1.4,1.5,9.1,5.2,13.3,2.6,0.5,11.2
Kris Humphries,SF,23,Kris Humphries,29,265,16.3,.513,.000,.533,-0.1,20.7,0.4,0.3,0.7,.125,-2.0,-1.1,-3.1,10.7,20.2,15.5,6.0,1.6,1.8,6.7
Lindsey Hunter,PG,38,Lindsey Hunter,28,266,7.9,.433,.585,.061,-0.1,17.3,-0.3,0.3,0.0,-0.003,-2.7,-1.5,-4.2,0.9,4.3,2.6,20.4,3.9,0.3,18.4
Othello Hunter,PF,22,Othello Hunter,16,92,12.1,.495,.000,.250,0.0,12.3,0.0,0.1,0.2,.092,-4.2,0.2,-4.0,11.5,19.1,15.3,1.7,1.2,4.2,8.3
Andre Iguodala,SF,25,Andre Iguodala,82,3269,18.4,.560,.228,.454,4.8,22.3,5.6,3.5,9.2,.134,2.8,1.0,3.8,3.3,14.0,8.6,22.4,2.1,0.9,13.9
Zydrunas Ilgauskas,C,33,Zydrunas Ilgauskas,65,1765,18.0,.523,.054,.240,0.5,23.8,2.1,3.5,5.6,.151,-1.9,1.0,-0.9,11.0,21.6,16.5,6.4,0.9,3.8,10.1
Didier Ilunga-Mbenga,C,28,Didier Ilunga-Mbenga,23,181,13.9,.504,.018,.140,0.1,17.8,-0.1,0.4,0.3,.091,-4.8,6.0,1.2,5.7,13.6,9.7,7.2,2.8,10.2,17.7
,,,,,,,,,,,,,,,,,,,,,,,,,
Allen Iverson,PG-SG,33,Allen Iverson,57,2093,15.8,.504,.119,.416,0.7,25.7,0.9,1.9,2.9,.066,0.0,-0.7,-0.7,1.7,8.2,4.9,23.1,2.3,0.2,12.9
Allen Iverson,SG,33,Allen Iverson,3,123,15.2,.549,.200,.625,0.0,22.1,0.2,0.1,0.2,.087,-0.3,-3.2,-3.5,2.9,4.6,3.8,25.9,1.2,0.6,16.4
Allen Iverson,PG,33,Allen Iverson,54,1970,15.9,.502,.115,.406,0.7,25.9,0.8,1.9,2.7,.065,0.0,-0.5,-0.5,1.6,8.4,5.0,23.0,2.4,0.2,12.7
Royal Ivey,SG,27,Royal Ivey,71,861,7.6,.465,.548,.207,0.0,13.2,0.2,0.8,0.9,.052,-1.8,-0.4,-2.2,2.6,8.0,5.3,7.4,2.2,0.7,9.2
Jarrett Jack,SG,25,Jarrett Jack,82,2716,13.1,.554,.259,.308,0.9,18.5,2.3,1.8,4.1,.073,0.0,-0.7,-0.7,1.8,9.5,5.6,18.6,1.6,0.5,16.0
Bobby Jackson,PG,35,Bobby Jackson,71,1484,12.4,.502,.406,.208,-0.1,18.0,0.8,0.4,1.2,.038,-0.5,-1.7,-2.2,3.3,12.5,7.9,15.5,2.1,0.2,11.1
Darnell Jackson,PF,23,Darnell Jackson,51,430,7.2,.483,.023,.407,-0.2,12.7,0.2,0.7,0.8,.094,-4.1,-0.1,-4.2,9.2,14.7,12.0,2.7,1.3,0.7,12.1
Stephen Jackson,SF,30,Stephen Jackson,59,2339,16.1,.530,.306,.357,1.3,25.2,1.5,0.7,2.2,.045,1.7,-1.5,0.2,3.3,10.8,7.1,25.6,1.8,0.9,16.6
Jerome James,C,33,Jerome James,2,10,12.5,.375,.000,.000,0.0,39.2,-0.1,0.0,0.0,-0.162,-14.3,-3.1,-17.4,10.6,22.6,16.4,0.0,5.0,7.3,11.1
LeBron James,SF,24,LeBron James,81,3054,31.7,.591,.238,.472,11.6,33.8,13.7,6.5,20.3,.318,9.4,3.6,13.0,4.3,19.0,11.9,38.0,2.4,2.4,11.0
Mike James,PG,33,Mike James,61,1649,9.7,.483,.358,.160,-0.8,17.8,-0.2,0.0,-0.1,-0.004,-1.4,-2.6,-4.0,1.7,7.9,4.7,19.1,1.4,0.3,14.6
Mike James,PG,33,Mike James,8,74,5.8,.386,.160,.080,-0.1,18.8,-0.1,0.1,0.0,-0.031,-5.8,-2.0,-7.7,1.6,9.8,5.7,17.2,1.5,0.0,10.4
Mike James,PG,33,Mike James,53,1575,9.9,.487,.368,.164,-0.7,17.8,-0.1,0.0,-0.1,-0.003,-1.2,-2.7,-3.8,1.7,7.8,4.7,19.2,1.4,0.3,14.8
Antawn Jamison,PF,32,Antawn Jamison,81,3096,20.6,.549,.221,.314,2.1,25.9,6.6,1.6,8.1,.126,2.8,-2.1,0.7,7.2,20.5,13.7,9.1,1.6,0.7,7.1
Marko Jarić,SG,30,Marko Jarić,53,605,7.3,.417,.193,.283,-0.4,16.4,-0.9,0.5,-0.4,-0.030,-4.7,0.2,-4.5,4.6,8.6,6.6,19.0,2.6,1.5,23.1
Nathan Jawai,PF,22,Nathan Jawai,6,19,-7.6,.250,.000,.000,-0.1,14.6,-0.1,0.0,-0.1,-0.233,-12.6,-3.7,-16.3,6.2,6.1,6.2,0.0,0.0,0.0,33.3
Al Jefferson,C,24,Al Jefferson,50,1836,23.1,.532,.004,.258,1.2,28.9,2.9,2.0,4.9,.128,0.6,0.1,0.7,10.6,24.9,17.5,8.8,1.1,3.5,7.8
Dontell Jefferson,SG,25,Dontell Jefferson,6,84,12.7,.559,.091,.409,0.0,18.0,0.0,0.1,0.2,.089,-3.1,1.1,-2.0,1.5,16.1,8.8,18.2,2.6,1.0,18.8
Richard Jefferson,SF,28,Richard Jefferson,82,2939,15.4,.554,.239,.424,1.3,24.6,4.2,2.4,6.6,.109,1.0,-1.2,-0.2,2.2,13.3,7.5,11.7,1.2,0.4,10.2
Jared Jeffries,SF,27,Jared Jeffries,56,1310,9.4,.473,.044,.330,0.5,12.5,0.3,0.9,1.2,.045,-2.2,1.8,-0.4,10.4,8.9,9.7,8.7,1.8,1.8,17.2
Yi Jianlian,PF,21,Yi Jianlian,61,1421,10.9,.474,.280,.246,-0.8,20.5,-0.5,1.3,0.7,.024,-3.5,-0.8,-4.3,5.5,22.0,13.7,7.0,1.1,2.1,11.2
Amir Johnson,PF,21,Amir Johnson,62,911,13.5,.608,.000,.215,0.7,11.1,1.4,1.3,2.7,.142,-1.3,2.5,1.1,13.1,17.2,15.1,3.4,1.2,5.1,15.6
Anthony Johnson,PG,34,Anthony Johnson,80,1481,10.3,.505,.349,.213,0.3,15.5,0.7,2.1,2.8,.091,-1.8,0.5,-1.3,2.3,8.8,5.6,21.2,1.6,0.2,16.4
Joe Johnson,SG,27,Joe Johnson,79,3124,18.2,.534,.292,.255,3.0,26.6,5.1,2.5,7.6,.116,2.9,-1.2,1.7,2.4,10.5,6.5,26.4,1.4,0.5,11.0
,,,,,,,,,,,,,,,,,,,,,,,,,
Linton Johnson,PF,28,Linton Johnson,10,55,3.4,.409,.182,.000,-0.1,10.5,0.0,0.0,0.0,-0.004,-5.1,-0.9,-6.1,6.3,10.4,8.3,5.3,0.9,0.0,15.4
Linton Johnson,PF,28,Linton Johnson,2,13,-1.5,,,,0.0,0.0,0.0,0.0,0.0,.010,-6.6,0.7,-5.9,0.0,0.0,0.0,0.0,0.0,0.0,
Linton Johnson,PF,28,Linton Johnson,8,42,5.0,.409,.182,.000,0.0,13.8,0.0,0.0,0.0,-0.008,-4.7,-1.4,-6.1,8.2,13.6,10.9,6.9,1.2,0.0,15.4
Trey Johnson,SG,24,Trey Johnson,4,14,-9.3,.296,.000,.800,-0.1,26.2,-0.1,0.0,-0.1,-0.205,-16.1,-6.1,-22.2,0.0,8.2,4.3,0.0,0.0,0.0,12.9
Dahntay Jones,SG,28,Dahntay Jones,79,1426,9.0,.533,.051,.449,-0.1,14.7,0.7,1.3,2.0,.067,-2.3,0.0,-2.3,4.9,8.7,6.8,8.2,1.7,1.0,14.5
Damon Jones,PG,32,Damon Jones,18,108,6.2,.485,.824,.000,-0.1,16.6,-0.1,0.1,0.0,-0.007,-2.6,-2.9,-5.5,0.0,6.9,3.3,9.8,1.4,0.0,15.0
Dwayne Jones,PF,25,Dwayne Jones,6,52,8.0,.622,.000,.857,-0.1,12.4,0.0,0.0,0.1,.051,-5.5,-3.7,-9.1,14.4,14.2,14.3,0.0,0.0,1.6,29.3
Fred Jones,SF,29,Fred Jones,52,1495,10.4,.536,.464,.256,0.0,12.8,1.1,0.5,1.6,.052,-1.1,-1.0,-2.1,1.7,8.2,4.9,19.1,1.8,0.5,15.8
James Jones,SF,28,James Jones,40,630,8.4,.520,.644,.208,-0.1,13.0,0.4,0.5,0.9,.065,-1.9,-1.1,-2.9,2.3,9.6,5.9,4.7,1.0,1.8,6.9
Solomon Jones,C,24,Solomon Jones,63,675,12.0,.655,.018,.667,0.1,11.8,1.2,0.7,1.9,.138,-2.0,0.6,-1.4,9.1,15.6,12.3,3.4,0.6,3.9,15.8
DeAndre Jordan,C,20,DeAndre Jordan,53,771,14.1,.585,.000,.741,-0.4,13.9,0.4,0.9,1.3,.079,-4.7,0.6,-4.0,10.5,25.5,17.8,2.3,0.7,5.7,17.4
Chris Kaman,C,26,Chris Kaman,31,921,14.4,.552,.000,.246,-0.1,20.9,-0.3,0.8,0.6,.030,-3.5,1.0,-2.5,9.1,22.2,15.5,8.8,1.0,3.6,19.9
Jason Kapono,SG,27,Jason Kapono,80,1831,8.9,.525,.379,.070,-0.7,17.4,0.3,0.5,0.8,.021,-1.2,-2.3,-3.5,1.7,8.7,5.2,9.1,0.6,0.1,10.1
Jason Kidd,PG,35,Jason Kidd,81,2886,16.9,.550,.523,.170,4.7,13.5,4.6,3.9,8.5,.141,2.3,2.3,4.5,3.4,16.4,9.9,34.7,2.9,1.0,21.8
Tarence Kinsey,SG,24,Tarence Kinsey,50,277,11.0,.595,.261,.551,-0.1,18.3,0.2,0.5,0.6,.105,-2.8,-0.4,-3.3,4.5,11.6,8.2,5.5,2.3,0.0,20.4
Andrei Kirilenko,PF,27,Andrei Kirilenko,67,1831,16.8,.549,.128,.546,2.0,20.3,2.0,2.6,4.6,.122,-0.2,2.5,2.4,5.5,15.3,10.4,14.7,2.3,3.3,14.6
Linas Kleiza,SF,24,Linas Kleiza,82,1824,13.2,.552,.413,.316,0.0,20.0,2.1,1.5,3.6,.095,0.1,-2.2,-2.1,6.0,14.5,10.4,5.7,0.9,0.6,10.0
Brevin Knight,PG,33,Brevin Knight,74,938,9.5,.414,.032,.339,-0.3,13.5,-0.6,1.3,0.7,.035,-4.2,0.7,-3.4,1.7,9.5,5.6,28.1,3.7,0.3,23.3
Kyle Korver,SF,27,Kyle Korver,78,1874,12.1,.572,.477,.227,1.0,16.9,1.9,1.8,3.7,.095,0.3,-0.1,0.2,2.2,14.2,8.2,11.1,1.3,1.3,12.8
Kosta Koufos,C,19,Kosta Koufos,48,565,15.2,.540,.000,.276,0.1,18.5,0.6,0.7,1.3,.112,-2.3,0.7,-1.6,10.6,18.6,14.6,5.7,1.1,4.3,11.1
Nenad Krstić,C,25,Nenad Krstić,46,1141,13.6,.504,.000,.194,-0.4,18.9,0.6,1.1,1.7,.070,-3.1,-0.3,-3.4,8.4,17.2,12.8,4.3,0.9,3.2,9.2
Rob Kurz,SF,23,Rob Kurz,40,442,11.8,.513,.290,.382,0.0,16.3,0.5,0.2,0.7,.074,-1.1,-1.2,-2.3,8.1,11.8,10.0,6.5,1.5,3.0,9.5
,,,,,,,,,,,,,,,,,,,,,,,,,
Carl Landry,PF,25,Carl Landry,69,1467,17.7,.634,.007,.462,0.9,18.1,3.7,2.2,5.9,.193,0.2,0.2,0.4,10.3,16.7,13.6,4.6,0.9,1.5,11.9
Acie Law,PG,24,Acie Law,55,560,10.6,.490,.209,.432,-0.4,16.3,0.3,0.4,0.7,.062,-3.0,-2.0,-5.0,1.3,10.9,6.1,23.4,1.1,0.4,14.9
Courtney Lee,SG,23,Courtney Lee,77,1939,10.7,.556,.376,.174,1.2,15.5,1.3,3.1,4.4,.108,-1.0,1.5,0.5,1.1,9.1,5.2,7.6,2.0,0.5,10.6
David Lee,C,25,David Lee,81,2824,19.0,.590,.003,.347,2.5,19.2,5.9,3.1,9.0,.154,0.4,1.1,1.5,9.6,27.9,18.4,10.1,1.4,0.6,12.0
Rashard Lewis,PF,29,Rashard Lewis,79,2859,16.8,.580,.509,.247,4.5,22.0,4.7,4.8,9.5,.160,2.7,1.5,4.2,3.7,13.9,8.9,12.5,1.5,1.3,11.6
Shaun Livingston,PG,23,Shaun Livingston,12,231,12.1,.551,.000,.167,-0.1,14.2,0.2,0.2,0.4,.074,-2.9,-0.5,-3.4,1.5,12.7,7.0,13.9,1.6,0.6,12.3
Shaun Livingston,PG,23,Shaun Livingston,4,41,5.4,.461,.000,.500,-0.1,14.6,-0.1,0.0,0.0,-0.021,-7.1,-1.2,-8.3,0.0,5.9,2.9,14.2,2.6,0.0,23.5
Shaun Livingston,PG,23,Shaun Livingston,8,190,13.5,.567,.000,.115,0.0,14.1,0.2,0.1,0.4,.095,-2.0,-0.4,-2.4,1.8,14.2,7.9,13.8,1.3,0.8,9.9
Brook Lopez,C,20,Brook Lopez,82,2501,17.9,.568,.002,.257,1.2,20.3,3.2,2.7,5.8,.112,-1.2,1.2,0.0,10.6,21.2,15.8,6.2,0.9,4.9,13.5
Robin Lopez,C,20,Robin Lopez,60,614,11.6,.566,.007,.496,0.0,14.0,0.6,0.4,1.1,.083,-2.1,-0.2,-2.3,10.3,12.1,11.2,1.8,0.9,4.9,14.4
Kevin Love,C,20,Kevin Love,81,2048,18.3,.538,.028,.488,0.5,21.0,3.4,1.9,5.3,.124,-0.7,-0.4,-1.1,15.1,27.3,21.0,6.8,0.9,1.9,12.4
Kyle Lowry,PG,22,Kyle Lowry,77,1679,14.4,.547,.226,.521,0.6,18.1,1.8,1.8,3.6,.103,-0.5,-0.1,-0.7,1.9,11.6,6.8,26.4,2.2,0.8,18.0
Kyle Lowry,PG,22,Kyle Lowry,49,1071,14.1,.540,.254,.592,0.1,18.4,0.9,0.9,1.8,.081,-0.7,-0.8,-1.5,1.5,11.4,6.4,26.9,2.4,0.6,18.7
Kyle Lowry,PG,22,Kyle Lowry,28,608,15.0,.561,.179,.401,0.4,17.5,0.9,0.9,1.8,.143,-0.3,1.1,0.8,2.6,12.0,7.5,25.7,1.8,1.1,16.6
Tyronn Lue,PG,31,Tyronn Lue,44,521,10.3,.537,.383,.117,-0.2,16.8,0.5,0.4,0.8,.078,-1.2,-2.2,-3.4,1.3,9.2,5.2,18.6,0.8,0.0,11.9
Tyronn Lue,PG,31,Tyronn Lue,30,392,10.6,.559,.378,.134,-0.1,16.8,0.4,0.2,0.6,.073,-0.9,-2.5,-3.4,1.7,9.2,5.3,18.8,0.8,0.0,14.3
Tyronn Lue,PG,31,Tyronn Lue,14,129,9.4,.474,.395,.070,-0.1,16.6,0.1,0.2,0.3,.093,-2.1,-1.5,-3.6,0.0,9.4,4.8,17.8,0.8,0.0,4.3
Mark Madsen,C,33,Mark Madsen,19,116,-0.1,.190,.000,.286,-0.1,7.3,-0.2,0.0,-0.1,-0.061,-6.4,-0.1,-6.4,9.7,8.4,9.1,4.7,0.5,0.7,16.0
Corey Maggette,PF,29,Corey Maggette,51,1588,16.9,.582,.150,.655,-0.2,25.2,2.8,0.6,3.3,.100,0.2,-2.8,-2.6,3.4,16.0,9.7,9.2,1.4,0.3,12.8
Jamaal Magloire,C,30,Jamaal Magloire,55,709,10.6,.505,.000,.458,-0.3,12.5,0.4,0.9,1.3,.089,-4.1,0.6,-3.4,13.7,23.8,18.7,4.6,0.8,2.9,16.9
Stephon Marbury,PG,31,Stephon Marbury,23,414,4.4,.377,.225,.117,-0.6,17.3,-0.9,0.5,-0.3,-0.038,-6.2,-1.1,-7.3,0.6,7.3,4.1,26.6,1.3,0.6,24.1
Shawn Marion,SF,30,Shawn Marion,69,2470,16.0,.522,.067,.187,1.9,18.1,2.1,3.1,5.2,.101,-0.8,1.9,1.1,8.6,19.7,14.2,9.3,1.9,2.1,11.0
Shawn Marion,SF,30,Shawn Marion,42,1516,15.7,.522,.090,.191,1.2,16.7,1.4,2.2,3.6,.113,-1.2,2.2,1.1,8.4,20.5,14.4,8.2,2.0,2.4,10.4
Shawn Marion,SF,30,Shawn Marion,27,954,16.4,.523,.038,.181,0.7,20.2,0.7,1.0,1.6,.082,-0.3,1.4,1.1,9.1,18.4,13.8,10.9,1.7,1.7,11.7
Sean Marks,C,33,Sean Marks,60,838,8.8,.521,.061,.267,-0.5,12.6,0.2,1.0,1.2,.067,-4.5,0.4,-4.1,9.0,18.0,13.5,2.6,0.5,3.3,16.0
Donyell Marshall,PF,35,Donyell Marshall,25,189,18.9,.621,.753,.082,0.3,19.7,0.6,0.2,0.8,.201,4.4,-1.1,3.3,3.8,21.7,12.7,13.6,1.1,2.1,7.3
Cartier Martin,SF,24,Cartier Martin,33,266,9.2,.489,.429,.325,-0.1,17.2,0.1,0.3,0.4,.070,-2.7,-0.9,-3.5,3.3,12.0,7.7,8.0,1.6,1.2,9.3
Kenyon Martin,PF,31,Kenyon Martin,66,2111,13.6,.523,.059,.304,1.6,17.7,0.9,3.1,4.0,.090,-1.6,2.5,0.9,4.6,16.8,10.9,10.0,2.3,2.7,12.4
,,,,,,,,,,,,,,,,,,,,,,,,,
Kevin Martin,SG,25,Kevin Martin,51,1947,19.2,.601,.342,.650,0.8,27.4,4.7,0.1,4.7,.117,3.1,-3.4,-0.3,1.7,9.3,5.5,12.3,1.6,0.3,12.3
Desmond Mason,SG,31,Desmond Mason,39,1064,7.1,.456,.011,.298,-0.8,15.7,-1.0,0.7,-0.3,-0.012,-5.0,0.1,-4.9,4.4,12.8,8.5,6.7,0.7,2.1,14.8
Roger Mason,SG,28,Roger Mason,82,2496,11.9,.554,.479,.144,1.0,18.9,1.9,2.9,4.7,.091,0.0,-0.4,-0.4,0.8,11.1,6.0,11.1,0.9,0.4,10.3
Jason Maxiell,C,25,Jason Maxiell,78,1408,15.8,.580,.003,.494,0.7,14.7,2.6,1.5,4.1,.141,-0.3,0.4,0.1,14.0,13.2,13.7,2.8,1.0,3.5,10.4
Sean May,PF,24,Sean May,24,301,6.2,.435,.010,.204,-0.5,20.8,-0.7,0.4,-0.3,-0.045,-7.8,-0.9,-8.8,8.3,20.0,14.2,5.6,0.9,1.1,19.6
O.J. Mayo,SG,21,O.J. Mayo,82,3120,14.2,.539,.295,.219,0.9,24.5,1.5,1.8,3.4,.052,0.7,-1.6,-0.9,2.2,10.1,6.1,15.5,1.6,0.3,13.8
Luc Mbah a Moute,PF,22,Luc Mbah a Moute,82,2114,12.3,.516,.008,.391,1.2,14.3,1.2,2.8,4.0,.092,-1.9,2.2,0.2,10.1,17.4,13.6,6.3,2.1,1.8,14.8
Rashad McCants,SG,24,Rashad McCants,58,1101,13.0,.504,.387,.289,-0.4,25.1,0.0,0.5,0.6,.025,-0.9,-2.6,-3.5,2.2,9.7,5.8,10.7,2.2,1.0,10.4
Rashad McCants,SG,24,Rashad McCants,34,636,9.9,.470,.408,.277,-0.5,26.4,-0.7,0.4,-0.3,-0.024,-2.5,-2.5,-5.0,1.9,9.9,5.8,8.5,2.2,0.7,12.1
Rashad McCants,SG,24,Rashad McCants,24,465,17.2,.553,.357,.306,0.1,23.3,0.8,0.1,0.9,.092,1.4,-2.8,-1.3,2.5,9.4,5.9,13.7,2.2,1.3,7.9
Antonio McDyess,PF,34,Antonio McDyess,62,1866,16.6,.529,.000,.164,1.5,15.7,2.8,2.8,5.6,.144,-0.7,1.8,1.1,11.6,27.2,19.3,7.3,1.2,2.1,8.3
JaVale McGee,C,21,JaVale McGee,75,1143,17.0,.534,.000,.419,-0.3,20.7,1.1,0.9,2.0,.084,-2.5,-0.6,-3.1,12.0,18.4,15.1,3.4,1.5,5.4,11.7
Tracy McGrady,SG,29,Tracy McGrady,35,1181,16.3,.492,.241,.322,1.0,24.5,0.9,1.8,2.7,.108,0.4,1.0,1.4,2.1,12.7,7.6,25.2,1.9,0.9,11.1
Dominic McGuire,SF,23,Dominic McGuire,79,2072,10.8,.483,.012,.315,0.8,10.1,0.5,1.3,1.7,.040,-2.7,2.2,-0.5,6.2,18.4,12.1,13.8,1.6,2.9,20.0
Josh McRoberts,PF,21,Josh McRoberts,33,279,12.5,.451,.120,.157,0.1,15.7,0.0,0.4,0.4,.073,-3.3,2.2,-1.1,10.2,19.1,14.6,8.4,2.1,4.3,11.9
Pops Mensah-Bonsu,PF,25,Pops Mensah-Bonsu,22,283,14.5,.447,.019,.466,-0.3,23.4,0.0,0.4,0.3,.058,-3.6,-2.7,-6.2,23.1,23.8,23.5,3.3,1.7,1.4,13.3
Pops Mensah-Bonsu,PF,25,Pops Mensah-Bonsu,3,20,35.8,.744,.000,1.000,0.0,29.3,0.1,0.1,0.2,.418,2.7,-5.6,-2.9,30.2,29.4,29.8,0.0,2.7,3.7,16.6
Pops Mensah-Bonsu,PF,25,Pops Mensah-Bonsu,19,263,12.9,.421,.021,.427,-0.3,23.0,-0.1,0.3,0.2,.031,-4.0,-2.4,-6.5,22.5,23.4,23.0,3.6,1.6,1.2,13.0
Chris Mihm,C,29,Chris Mihm,18,105,10.0,.418,.000,.175,0.0,22.2,-0.1,0.2,0.1,.026,-4.9,1.2,-3.7,16.4,20.2,18.3,13.7,0.5,4.4,18.8
C.J. Miles,SG,21,C.J. Miles,72,1623,11.8,.546,.319,.158,0.4,18.4,1.6,1.3,2.9,.086,0.1,-1.1,-0.9,3.3,9.0,6.1,10.4,1.5,0.7,9.6
Darius Miles,SF,27,Darius Miles,34,298,16.1,.533,.061,.313,0.1,21.0,0.1,0.4,0.5,.077,-2.9,1.6,-1.2,7.7,15.9,11.7,10.1,2.0,5.5,15.7
Darko Miličić,C,23,Darko Miličić,61,1034,13.8,.533,.000,.395,0.0,16.3,0.7,1.2,1.9,.088,-3.0,0.8,-2.2,9.7,21.8,15.7,5.6,1.1,4.0,13.3
Andre Miller,PG,32,Andre Miller,82,2976,18.6,.548,.051,.393,3.6,21.8,6.2,2.5,8.8,.141,2.8,0.1,2.8,4.9,9.9,7.4,30.2,2.0,0.4,14.0
Brad Miller,C,32,Brad Miller,70,2100,16.7,.566,.091,.443,1.7,18.4,3.6,1.5,5.1,.117,0.6,0.6,1.2,8.3,21.9,15.0,17.9,1.3,1.3,15.1
Brad Miller,C,32,Brad Miller,43,1354,15.7,.562,.111,.402,0.8,17.9,1.9,0.6,2.6,.091,0.0,0.3,0.3,7.1,22.7,14.8,17.8,1.1,1.3,15.4
Brad Miller,C,32,Brad Miller,27,746,18.6,.574,.058,.513,0.9,19.4,1.7,0.9,2.6,.165,1.7,1.1,2.8,10.3,20.5,15.4,18.0,1.5,1.2,14.5
,,,,,,,,,,,,,,,,,,,,,,,,,
Mike Miller,SF,28,Mike Miller,73,2356,13.8,.588,.411,.272,2.1,14.5,2.8,1.4,4.2,.086,0.6,0.8,1.4,3.5,21.2,12.0,21.6,0.7,1.0,19.1
Paul Millsap,PF,23,Paul Millsap,76,2290,18.6,.576,.005,.435,3.0,20.0,4.5,3.3,7.7,.162,1.3,1.9,3.3,13.1,21.0,17.0,9.8,1.8,2.5,12.6
Yao Ming,C,28,Yao Ming,77,2589,22.7,.618,.001,.426,3.3,26.2,5.6,5.0,10.6,.196,0.6,2.4,3.0,9.6,24.1,17.1,10.0,0.6,4.2,16.0
Cuttino Mobley,SG,33,Cuttino Mobley,11,365,10.3,.491,.240,.123,-0.3,21.5,-0.3,0.1,-0.1,-0.017,-2.8,-2.3,-5.1,2.8,6.5,4.6,5.8,2.1,0.4,10.5
Nazr Mohammed,C,31,Nazr Mohammed,39,341,7.7,.438,.000,.396,-0.4,19.6,-0.4,0.5,0.0,.004,-6.4,-0.1,-6.5,12.8,15.9,14.3,3.9,0.8,3.9,16.2
Jamario Moon,SF,28,Jamario Moon,80,2068,13.3,.567,.386,.169,1.9,12.4,2.4,2.5,4.9,.114,-0.4,2.0,1.6,3.3,17.5,10.4,7.0,2.2,2.3,7.8
Jamario Moon,SF,28,Jamario Moon,54,1379,14.2,.569,.347,.205,1.7,12.6,1.7,1.7,3.4,.119,0.2,2.6,2.8,4.1,16.9,10.6,7.7,2.5,2.5,8.2
Jamario Moon,SF,28,Jamario Moon,26,689,11.6,.562,.465,.096,0.2,12.0,0.6,0.8,1.5,.103,-1.6,1.0,-0.7,1.7,18.6,10.1,5.5,1.6,1.9,6.8
Mikki Moore,PF-C,33,Mikki Moore,70,1202,8.9,.593,.000,.296,-0.1,10.6,1.2,0.9,2.1,.083,-2.3,0.1,-2.2,7.6,17.7,12.7,6.6,0.7,1.2,17.1
Mikki Moore,PF,33,Mikki Moore,46,746,8.6,.574,.000,.347,-0.3,10.0,0.6,0.2,0.8,.052,-3.0,-0.6,-3.6,7.0,16.9,11.9,5.6,0.9,1.4,16.2
Mikki Moore,C,33,Mikki Moore,24,456,9.3,.621,.000,.224,0.2,11.7,0.6,0.7,1.3,.135,-1.3,1.3,0.1,8.7,19.1,14.1,8.3,0.5,0.9,18.4
Randolph Morris,C,23,Randolph Morris,23,89,1.8,.480,.000,.235,-0.1,13.6,-0.1,0.1,0.0,-0.013,-8.0,-0.5,-8.5,5.3,21.0,13.2,3.3,1.2,0.9,27.2
Adam Morrison,SF,24,Adam Morrison,52,711,5.7,.448,.430,.103,-0.6,17.5,-0.6,0.6,0.0,.001,-3.8,-1.7,-5.5,3.1,10.6,6.9,9.4,0.7,0.5,12.1
Adam Morrison,SF,24,Adam Morrison,44,667,5.8,.452,.436,.100,-0.6,17.6,-0.5,0.5,0.1,.004,-3.6,-1.7,-5.3,3.0,10.3,6.7,9.4,0.7,0.5,11.6
Adam Morrison,SF,24,Adam Morrison,8,44,2.9,.388,.333,.167,-0.1,15.9,-0.1,0.0,0.0,-0.045,-6.4,-2.1,-8.5,5.2,15.2,10.3,9.2,0.0,0.0,18.9
Anthony Morrow,SG,23,Anthony Morrow,67,1515,14.7,.588,.345,.172,0.4,17.7,3.0,0.0,3.0,.096,1.9,-2.9,-1.0,5.6,8.7,7.1,8.2,1.2,0.5,8.3
Troy Murphy,PF,28,Troy Murphy,73,2482,17.8,.614,.467,.240,3.1,16.9,5.2,3.4,8.5,.165,2.0,1.0,3.0,6.4,32.0,19.1,10.4,1.2,1.0,11.9
Ronald Murray,SG,29,Ronald Murray,80,1975,14.7,.543,.304,.293,0.3,24.3,1.2,2.0,3.1,.076,-0.2,-1.3,-1.5,1.3,8.7,5.0,14.0,2.4,0.7,12.5
Dikembe Mutombo,C,42,Dikembe Mutombo,9,96,10.8,.472,.000,.692,-0.1,11.1,0.0,0.2,0.2,.088,-7.7,1.0,-6.7,15.2,24.5,20.0,0.0,0.0,8.3,26.1
Eduardo Nájera,PF,32,Eduardo Nájera,27,319,7.7,.472,.338,.297,-0.1,14.9,-0.2,0.3,0.1,.010,-3.7,-0.1,-3.8,6.3,18.9,12.5,9.4,1.7,1.0,17.7
Steve Nash,PG,34,Steve Nash,74,2484,19.5,.615,.289,.247,1.3,21.1,6.7,0.5,7.3,.140,3.5,-3.4,0.0,0.9,9.2,5.2,42.4,1.1,0.3,20.8
DeMarcus Nelson,PG,23,DeMarcus Nelson,13,171,6.5,.440,.056,.259,-0.2,18.8,-0.3,0.1,-0.3,-0.071,-5.6,-1.0,-6.6,3.8,11.4,7.6,11.3,2.6,0.8,20.0
Jameer Nelson,PG,26,Jameer Nelson,42,1309,20.6,.612,.341,.183,2.4,23.2,3.9,2.1,6.0,.220,4.8,0.4,5.1,1.8,10.5,6.2,32.1,2.0,0.2,12.6
Rasho Nesterović,C,32,Rasho Nesterović,70,1214,14.1,.524,.002,.073,0.4,18.5,1.1,1.1,2.2,.086,-1.1,0.4,-0.8,8.4,13.5,10.9,14.3,1.2,2.3,12.3
Demetris Nichols,SF,24,Demetris Nichols,4,14,8.8,.354,.222,.222,-0.1,31.0,0.0,0.0,0.0,-0.108,-9.7,-7.6,-17.3,0.0,16.2,7.8,12.2,0.0,5.2,0.0
Demetris Nichols,SF,24,Demetris Nichols,2,5,-3.5,.250,.250,.000,0.0,35.7,0.0,0.0,0.0,-0.283,-9.4,-12.3,-21.7,0.0,0.0,0.0,34.2,0.0,0.0,0.0
Demetris Nichols,SF,24,Demetris Nichols,2,9,15.7,.425,.200,.400,0.0,28.4,0.0,0.0,0.0,-0.010,-9.9,-4.9,-14.9,0.0,25.2,12.2,0.0,0.0,8.1,0.0
Joakim Noah,C,23,Joakim Noah,80,1938,16.5,.594,.003,.489,2.6,12.3,3.8,2.7,6.4,.159,0.5,2.8,3.4,14.5,21.3,17.9,8.1,1.3,4.1,15.4
,,,,,,,,,,,,,,,,,,,,,,,,,
Andrés Nocioni,PF-SF,29,Andrés Nocioni,76,1991,12.2,.555,.444,.261,0.0,20.1,1.4,1.4,2.8,.068,-0.4,-1.6,-2.0,3.1,17.8,10.5,8.3,1.0,1.2,12.6
Andrés Nocioni,PF,29,Andrés Nocioni,53,1278,11.4,.547,.465,.276,-0.1,20.1,0.8,1.1,1.9,.072,-0.5,-1.7,-2.2,3.1,16.8,9.9,7.4,1.0,0.9,12.7
Andrés Nocioni,SF,29,Andrés Nocioni,23,713,13.6,.568,.405,.234,0.1,20.0,0.6,0.3,0.9,.060,-0.2,-1.5,-1.7,3.3,19.6,11.4,9.9,0.9,1.8,12.6
Steve Novak,PF,25,Steve Novak,71,1161,13.5,.606,.722,.058,0.0,16.8,2.0,0.2,2.2,.092,1.6,-3.5,-1.9,1.8,10.9,6.2,5.8,0.9,0.3,5.4
Dirk Nowitzki,PF,30,Dirk Nowitzki,81,3050,23.1,.564,.105,.337,2.4,30.3,7.5,3.4,10.9,.171,1.9,-0.7,1.2,3.3,22.1,12.8,12.1,1.0,1.5,7.8
Patrick O'Bryant,C,22,Patrick O'Bryant,39,255,11.8,.544,.024,.238,-0.1,20.9,-0.2,0.5,0.3,.056,-5.3,2.2,-3.1,6.3,24.2,15.5,7.1,1.2,5.9,19.2
Patrick O'Bryant,C,22,Patrick O'Bryant,26,108,9.5,.551,.000,.387,0.0,23.0,-0.2,0.3,0.1,.025,-7.4,4.3,-3.0,8.3,29.1,19.1,11.8,1.5,5.9,31.9
Patrick O'Bryant,C,22,Patrick O'Bryant,13,147,13.5,.540,.038,.151,0.0,19.3,0.0,0.2,0.2,.079,-3.9,0.7,-3.2,4.8,20.6,12.8,3.6,1.1,5.8,8.1
Jermaine O'Neal,C,30,Jermaine O'Neal,68,2027,15.4,.522,.001,.288,0.5,23.2,0.2,2.3,2.6,.060,-2.8,1.7,-1.1,7.4,17.8,12.6,10.3,0.8,5.3,14.2
Jermaine O'Neal,C,30,Jermaine O'Neal,41,1216,15.4,.526,.002,.305,0.3,23.5,-0.1,1.4,1.4,.055,-3.0,1.9,-1.1,6.9,20.7,13.9,9.3,0.8,5.2,14.9
Jermaine O'Neal,C,30,Jermaine O'Neal,27,811,15.5,.514,.000,.262,0.2,22.7,0.3,0.9,1.2,.069,-2.6,1.5,-1.1,8.0,13.4,10.7,11.7,0.7,5.4,13.3
Shaquille O'Neal,C,36,Shaquille O'Neal,75,2252,22.3,.623,.001,.617,2.3,24.2,5.6,2.2,7.8,.166,1.7,0.3,2.0,10.1,22.3,16.4,8.9,1.1,3.5,13.6
Fabricio Oberto,C,33,Fabricio Oberto,54,677,10.6,.595,.010,.337,0.3,11.3,0.8,0.8,1.7,.119,-1.7,1.6,-0.1,11.6,13.4,12.5,12.9,0.6,1.2,24.1
Greg Oden,C,21,Greg Oden,61,1314,18.1,.599,.000,.644,0.9,19.3,2.6,2.0,4.6,.167,-0.2,0.9,0.8,15.7,24.5,20.0,3.9,1.1,4.2,16.2
Lamar Odom,PF,29,Lamar Odom,78,2316,16.6,.542,.147,.366,2.9,18.1,2.7,4.2,6.9,.143,-0.1,3.1,2.9,8.7,22.2,15.5,12.8,1.7,3.3,14.5
Emeka Okafor,C,26,Emeka Okafor,82,2691,18.0,.581,.000,.478,1.4,18.9,3.7,4.6,8.2,.147,-1.4,1.4,0.0,12.7,25.2,19.0,3.5,1.0,4.2,13.4
Mehmet Okur,C,29,Mehmet Okur,72,2409,17.5,.592,.227,.376,2.1,21.7,4.5,2.9,7.4,.148,1.2,0.2,1.4,6.1,21.5,13.8,8.1,1.2,1.7,11.3
Kevin Ollie,PG,36,Kevin Ollie,50,850,9.9,.525,.007,.640,-0.4,12.0,0.9,0.3,1.2,.067,-2.6,-1.2,-3.8,1.7,8.9,5.2,20.2,1.2,0.4,15.0
Travis Outlaw,SF,24,Travis Outlaw,81,2246,15.1,.541,.278,.285,0.9,22.0,3.0,2.3,5.3,.113,0.1,-0.5,-0.4,3.8,14.6,9.1,6.3,1.2,2.0,8.9
Zaza Pachulia,C,24,Zaza Pachulia,77,1473,14.1,.571,.009,.719,0.2,16.3,2.0,1.9,3.9,.127,-1.5,0.2,-1.3,13.8,20.9,17.4,6.0,1.3,1.4,17.8
Anthony Parker,SG,33,Anthony Parker,80,2637,12.1,.524,.320,.192,1.7,16.3,1.4,2.0,3.4,.063,0.0,0.6,0.6,2.0,12.0,7.1,15.7,2.0,0.4,12.2
Tony Parker,PG,26,Tony Parker,72,2456,23.4,.556,.051,.287,3.2,31.7,5.6,3.0,8.6,.168,3.9,-0.8,3.1,1.3,9.4,5.4,40.1,1.5,0.1,11.6
Chris Paul,PG,23,Chris Paul,78,3002,30.0,.599,.140,.418,10.0,27.5,13.3,5.0,18.3,.292,9.1,2.1,11.2,2.8,14.6,8.7,54.5,3.9,0.3,13.5
Sasha Pavlović,SF,25,Sasha Pavlović,66,1053,8.6,.510,.425,.196,0.0,15.5,0.2,1.5,1.7,.077,-2.0,0.2,-1.8,3.6,10.4,7.2,10.5,1.1,1.2,13.8
Oleksiy Pecherov,C,23,Oleksiy Pecherov,32,277,14.5,.510,.426,.287,-0.3,20.3,0.4,0.1,0.5,.080,-0.8,-5.8,-6.6,14.4,17.9,16.1,1.2,1.1,0.9,8.1
Kendrick Perkins,C,24,Kendrick Perkins,76,2253,13.2,.591,.004,.335,2.4,14.8,1.1,4.5,5.6,.119,-1.9,4.1,2.2,11.5,21.4,16.7,6.5,0.5,5.3,23.1
,,,,,,,,,,,,,,,,,,,,,,,,,
Morris Peterson,SG,31,Morris Peterson,43,515,10.7,.499,.464,.104,-0.3,19.3,0.0,0.6,0.6,.058,-2.3,-2.0,-4.3,3.1,16.6,9.9,5.2,1.6,0.3,7.3
Johan Petro,C,23,Johan Petro,49,559,8.1,.429,.011,.165,-0.6,17.2,-0.6,0.8,0.2,.018,-6.1,-0.1,-6.3,8.7,23.9,16.3,4.5,1.7,2.0,12.9
Johan Petro,C,23,Johan Petro,22,342,9.3,.426,.009,.133,-0.4,17.4,-0.3,0.5,0.1,.019,-6.0,-0.6,-6.6,8.9,23.3,16.0,2.8,2.4,1.1,11.1
Johan Petro,C,23,Johan Petro,27,217,6.4,.434,.016,.222,-0.2,16.9,-0.2,0.3,0.1,.017,-6.3,0.7,-5.6,8.3,25.0,16.9,7.1,0.7,3.6,15.8
Paul Pierce,SF,31,Paul Pierce,81,3035,17.7,.582,.257,.468,3.4,25.4,5.5,4.8,10.3,.164,1.7,0.7,2.5,2.4,15.4,9.2,16.3,1.4,0.7,13.8
Mickaël Piétrus,SG,26,Mickaël Piétrus,54,1329,11.6,.538,.523,.258,0.8,18.4,1.0,2.0,3.0,.108,-0.2,0.7,0.5,3.8,10.9,7.5,8.0,1.2,1.3,10.6
James Posey,SG,32,James Posey,75,2140,10.8,.568,.599,.279,0.9,15.0,1.7,2.6,4.2,.095,-0.6,0.3,-0.3,2.2,18.3,10.2,6.0,1.5,0.8,11.8
Leon Powe,PF,25,Leon Powe,70,1227,17.2,.591,.000,.790,0.8,20.2,2.7,2.2,4.9,.192,-0.1,0.6,0.5,15.1,18.9,17.1,6.0,1.0,2.5,14.3
Josh Powell,PF,26,Josh Powell,60,703,9.9,.479,.000,.209,-0.6,19.5,-0.3,0.9,0.6,.043,-4.6,-0.9,-5.5,11.6,16.7,14.1,5.6,0.7,1.9,16.3
Ronnie Price,PG,25,Ronnie Price,52,738,8.5,.465,.300,.222,-0.3,17.2,-0.7,0.8,0.1,.009,-3.3,-0.2,-3.5,1.9,9.2,5.6,21.3,2.7,0.5,21.5
Tayshaun Prince,SF,28,Tayshaun Prince,82,3057,15.0,.516,.138,.238,2.2,19.2,3.7,2.5,6.2,.098,0.4,0.4,0.8,4.9,13.7,9.2,13.8,0.8,1.3,8.2
Gabe Pruitt,SG,22,Gabe Pruitt,47,366,7.6,.422,.475,.208,-0.1,16.5,-0.2,0.6,0.4,.047,-3.2,0.5,-2.7,3.1,10.8,7.1,15.5,2.2,0.7,14.7
Joel Przybilla,C,29,Joel Przybilla,82,1952,15.4,.652,.004,.628,1.2,10.2,3.2,3.4,6.6,.163,-1.4,1.9,0.4,12.8,33.1,22.8,2.0,1.0,3.9,18.5
Chris Quinn,PG,25,Chris Quinn,66,962,12.9,.539,.474,.201,-0.2,17.0,1.5,0.6,2.1,.104,-0.1,-2.8,-2.9,1.0,8.4,4.7,21.5,1.3,0.2,9.5
Vladimir Radmanović,SF,28,Vladimir Radmanović,78,1445,11.0,.549,.562,.124,0.2,18.6,0.0,1.8,1.9,.062,-0.9,-0.5,-1.4,3.8,14.3,9.1,8.9,1.7,0.8,16.6
Vladimir Radmanović,SF,28,Vladimir Radmanović,46,771,11.6,.604,.636,.126,0.3,15.6,0.5,1.0,1.6,.098,-0.3,-0.3,-0.6,2.7,14.3,8.6,6.9,1.8,0.7,17.2
Vladimir Radmanović,SF,28,Vladimir Radmanović,32,674,10.2,.503,.500,.123,-0.1,22.2,-0.5,0.8,0.3,.021,-1.7,-0.7,-2.3,5.0,14.2,9.6,11.2,1.5,1.0,16.1
Anthony Randolph,PF,19,Anthony Randolph,63,1129,16.9,.506,.009,.327,-0.1,21.7,0.4,1.2,1.6,.069,-2.8,0.3,-2.5,12.4,22.6,17.5,6.8,1.8,4.5,14.0
Shavlik Randolph,PF,25,Shavlik Randolph,10,37,19.4,.610,.077,.308,-0.1,26.4,0.0,0.0,0.0,.041,-3.8,-8.4,-12.2,33.0,27.3,30.2,0.0,0.0,2.1,28.9
Zach Randolph,PF-C,27,Zach Randolph,50,1757,19.6,.531,.111,.279,0.3,28.1,1.7,1.4,3.0,.083,0.3,-1.5,-1.2,9.9,23.2,16.3,11.5,1.3,0.7,10.4
Zach Randolph,C,27,Zach Randolph,11,388,19.8,.517,.127,.354,-0.1,27.1,0.4,0.5,0.9,.108,-1.5,-1.6,-3.0,10.9,28.3,19.3,6.6,1.7,0.6,9.5
Zach Randolph,PF,27,Zach Randolph,39,1369,19.6,.535,.107,.259,0.4,28.4,1.2,0.9,2.2,.076,0.8,-1.5,-0.7,9.6,21.7,15.5,12.9,1.1,0.7,10.7
Theo Ratliff,C,35,Theo Ratliff,46,579,11.2,.560,.000,.547,0.4,7.4,0.5,0.9,1.4,.115,-2.9,3.9,1.0,9.4,17.1,13.2,2.2,1.6,6.6,15.0
Michael Redd,SG,29,Michael Redd,33,1203,17.9,.566,.349,.294,1.0,25.0,2.3,0.9,3.2,.128,3.2,-2.0,1.1,2.3,8.5,5.3,13.2,1.5,0.1,7.9
J.J. Redick,SG,24,J.J. Redick,64,1111,9.9,.562,.599,.311,0.2,16.4,0.8,1.5,2.3,.098,-1.0,-0.3,-1.3,0.8,10.0,5.5,10.3,1.0,0.1,13.7
Jason Richardson,SG,28,Jason Richardson,72,2410,16.7,.571,.334,.204,1.9,21.5,4.3,1.5,5.8,.116,2.4,-1.3,1.1,3.9,11.5,7.8,9.8,1.6,0.9,8.2
Jason Richardson,SG,28,Jason Richardson,14,491,15.8,.536,.268,.250,0.2,25.8,0.5,0.5,1.1,.104,1.0,-1.4,-0.4,3.3,11.3,7.3,14.1,1.5,0.5,8.9
Jason Richardson,SG,28,Jason Richardson,58,1919,16.9,.581,.353,.191,1.7,20.4,3.8,0.9,4.7,.119,2.8,-1.3,1.5,4.1,11.5,7.9,8.7,1.6,1.0,8.0
,,,,,,,,,,,,,,,,,,,,,,,,,
Jeremy Richardson,SF,24,Jeremy Richardson,12,93,2.8,.358,.347,.122,-0.3,27.1,-0.3,0.1,-0.2,-0.107,-8.7,-4.1,-12.7,1.2,15.4,8.5,5.5,0.0,0.0,5.5
Quentin Richardson,SG,28,Quentin Richardson,72,1894,11.6,.510,.493,.175,0.2,18.2,1.0,1.1,2.1,.054,-0.5,-1.0,-1.5,4.0,14.8,9.2,9.4,1.2,0.3,9.3
Luke Ridnour,PG,27,Luke Ridnour,72,2033,12.9,.500,.253,.246,0.9,18.0,1.2,2.2,3.4,.081,-0.5,0.2,-0.3,1.8,11.3,6.3,28.2,2.3,0.7,15.7
Anthony Roberson,PG,25,Anthony Roberson,29,276,11.4,.487,.675,.042,-0.1,20.6,0.1,0.1,0.2,.041,0.1,-3.4,-3.4,2.4,6.6,4.4,11.3,1.8,0.3,6.1
Anthony Roberson,PG,25,Anthony Roberson,23,253,11.8,.509,.689,.049,0.0,19.3,0.2,0.1,0.3,.057,0.5,-3.1,-2.5,1.7,4.9,3.2,11.7,2.0,0.3,6.2
Anthony Roberson,PG,25,Anthony Roberson,6,23,8.0,.353,.588,.000,-0.1,34.9,-0.1,0.0,-0.1,-0.136,-4.7,-7.6,-12.4,10.0,24.8,17.4,7.7,0.0,0.0,5.6
Nate Robinson,PG,24,Nate Robinson,74,2209,18.9,.549,.375,.288,2.6,25.6,4.4,1.5,5.9,.128,3.7,-1.1,2.6,4.7,9.8,7.2,22.9,2.1,0.2,10.7
Sergio Rodríguez,PG,22,Sergio Rodríguez,80,1225,12.5,.491,.347,.234,0.1,18.5,0.5,1.2,1.7,.068,-0.5,-1.1,-1.6,4.3,9.0,6.6,35.6,2.4,0.1,24.7
Rajon Rondo,PG,22,Rajon Rondo,80,2642,18.8,.543,.063,.353,4.3,19.2,4.8,5.1,9.9,.179,2.0,2.5,4.5,4.8,13.9,9.6,39.7,3.0,0.3,19.2
Derrick Rose,PG,20,Derrick Rose,81,3000,16.0,.516,.060,.207,1.1,22.6,3.4,1.5,4.9,.078,0.9,-1.5,-0.6,3.7,8.4,6.1,28.8,1.1,0.4,13.3
Malik Rose,SF-PF,34,Malik Rose,38,470,5.3,.424,.053,.389,-0.6,17.7,-0.8,0.4,-0.4,-0.039,-6.8,-0.5,-7.3,4.0,19.5,11.6,11.5,1.1,0.5,19.0
Malik Rose,PF,34,Malik Rose,18,160,-1.9,.327,.098,.268,-0.4,17.1,-0.6,0.1,-0.6,-0.167,-11.1,-1.0,-12.1,2.6,19.1,10.6,8.6,0.3,0.5,27.1
Malik Rose,SF,34,Malik Rose,20,310,9.0,.465,.033,.444,-0.2,18.1,-0.1,0.3,0.2,.027,-4.6,-0.2,-4.8,4.8,19.7,12.1,13.0,1.5,0.5,15.0
Quinton Ross,SF,27,Quinton Ross,68,1164,6.9,.478,.340,.162,-0.5,12.6,-0.1,0.7,0.6,.025,-3.1,-0.5,-3.6,3.0,10.4,6.6,6.3,1.5,1.0,11.5
Brandon Roy,SG,24,Brandon Roy,78,2903,24.0,.573,.167,.383,5.7,27.4,10.9,2.6,13.5,.223,5.9,-0.2,5.8,4.4,11.6,7.9,25.4,1.7,0.6,9.0
Michael Ruffin,PF,32,Michael Ruffin,11,35,10.3,.381,.000,.286,0.0,13.3,0.0,0.1,0.1,.080,-4.5,0.0,-4.5,20.9,18.0,19.5,0.0,4.7,2.3,20.2
Brandon Rush,SG,23,Brandon Rush,75,1803,9.0,.505,.363,.115,-0.7,16.4,-0.4,1.3,0.9,.024,-2.6,-0.9,-3.4,2.1,12.3,7.1,5.4,1.0,1.5,11.0
Kareem Rush,SG,28,Kareem Rush,25,199,6.3,.452,.569,.069,-0.2,16.0,-0.1,0.1,0.0,-0.003,-3.6,-2.2,-5.7,0.0,9.1,4.5,11.5,1.3,0.4,14.3
John Salmons,SF,29,John Salmons,79,2959,16.0,.580,.276,.317,1.4,21.3,4.7,0.8,5.6,.090,1.7,-1.8,-0.1,2.3,10.8,6.5,14.5,1.4,0.6,11.7
John Salmons,SF,29,John Salmons,53,1980,16.0,.573,.247,.312,0.7,21.9,2.9,0.1,3.0,.072,1.6,-2.1,-0.6,2.5,10.6,6.5,17.3,1.5,0.3,12.6
John Salmons,SF,29,John Salmons,26,979,16.0,.596,.338,.330,0.7,20.2,1.9,0.7,2.6,.127,1.9,-1.1,0.8,1.9,11.2,6.6,8.8,1.3,1.1,9.7
Cheikh Samb,C,24,Cheikh Samb,18,83,5.3,.214,.094,.219,-0.2,20.6,-0.4,0.1,-0.2,-0.144,-12.4,0.3,-12.1,13.6,19.5,16.7,1.7,1.9,9.1,7.9
Cheikh Samb,C,24,Cheikh Samb,6,24,2.9,.154,.077,.000,0.0,27.8,-0.2,0.1,-0.1,-0.246,-17.6,8.7,-8.9,10.0,32.9,21.8,6.0,4.2,16.1,13.3
Cheikh Samb,C,24,Cheikh Samb,10,51,9.2,.302,.125,.313,-0.1,17.2,-0.1,0.0,0.0,-0.046,-8.8,-2.4,-11.2,15.4,14.0,14.7,0.0,1.0,7.3,5.2
Cheikh Samb,C,24,Cheikh Samb,2,8,-12.6,.000,.000,.667,-0.1,21.1,-0.1,0.0,-0.1,-0.458,-19.5,-7.7,-27.2,13.2,14.2,13.7,0.0,0.0,0.0,0.0
Brian Scalabrine,C,30,Brian Scalabrine,39,504,7.4,.558,.535,.158,0.1,12.4,0.4,0.7,1.1,.105,-1.4,0.0,-1.4,1.8,9.9,6.0,5.3,0.7,1.6,9.0
Luis Scola,PF,28,Luis Scola,82,2488,17.0,.572,.004,.323,2.1,19.3,4.3,4.3,8.6,.165,-0.1,1.5,1.4,9.8,23.4,16.9,8.6,1.5,0.3,11.9
Thabo Sefolosha,SF-SG,24,Thabo Sefolosha,66,1453,12.1,.500,.244,.204,0.9,13.8,0.4,1.8,2.2,.074,-1.8,2.3,0.5,4.2,14.9,9.6,11.4,2.7,2.3,14.1
Thabo Sefolosha,SF,24,Thabo Sefolosha,43,735,11.7,.503,.275,.137,0.3,14.0,0.1,0.9,1.0,.067,-1.9,1.7,-0.2,4.1,15.0,9.6,13.1,2.5,1.9,16.1
Thabo Sefolosha,SG,24,Thabo Sefolosha,23,718,12.5,.497,.211,.274,0.6,13.7,0.3,1.0,1.2,.081,-1.7,3.0,1.3,4.4,14.8,9.5,9.8,2.9,2.7,12.1
Mouhamed Sene,C,22,Mouhamed Sene,6,29,32.9,.746,.000,1.111,0.0,26.5,0.1,0.1,0.2,.274,-2.9,-3.9,-6.7,19.0,35.9,27.3,0.0,1.8,7.6,23.0
Mouhamed Sene,C,22,Mouhamed Sene,5,23,33.2,.776,.000,1.286,0.0,26.8,0.1,0.0,0.1,.292,-1.4,-3.8,-5.2,14.8,30.6,22.5,0.0,2.2,6.4,21.5
Mouhamed Sene,C,22,Mouhamed Sene,1,6,32.0,.615,.000,.500,0.0,25.0,0.0,0.0,0.0,.207,-8.4,-4.1,-12.4,35.3,56.6,45.6,0.0,0.0,12.2,29.1
,,,,,,,,,,,,,,,,,,,,,,,,,
Ramon Sessions,PG,22,Ramon Sessions,79,2173,17.6,.525,.044,.457,1.5,22.4,3.5,2.1,5.6,.123,1.1,-0.3,0.8,3.3,11.7,7.3,34.6,2.0,0.3,14.0
Walter Sharpe,PF,22,Walter Sharpe,8,20,4.8,.337,.182,.182,-0.1,28.3,-0.1,0.0,-0.1,-0.131,-12.0,-4.5,-16.5,0.0,18.0,8.9,0.0,0.0,7.7,0.0
Bobby Simmons,SF,28,Bobby Simmons,71,1729,12.0,.596,.594,.132,1.1,14.3,2.4,1.0,3.4,.095,1.2,-0.7,0.5,4.9,14.3,9.5,8.5,1.5,0.5,11.7
Cedric Simmons,PF,23,Cedric Simmons,18,84,10.8,.453,.000,.640,-0.1,18.1,0.0,0.1,0.0,.022,-5.5,-2.1,-7.6,6.9,15.1,11.0,3.9,0.6,3.5,5.9
Cedric Simmons,PF,23,Cedric Simmons,11,61,18.0,.515,.000,.667,0.0,19.8,0.1,0.1,0.2,.139,-1.7,-1.0,-2.7,7.6,14.9,11.3,5.4,0.8,4.8,0.0
Cedric Simmons,PF,23,Cedric Simmons,7,23,-8.3,.102,.000,.500,-0.1,13.4,-0.1,0.0,-0.1,-0.288,-15.4,-5.1,-20.5,5.0,15.3,10.2,0.0,0.0,0.0,29.1
Courtney Sims,C,25,Courtney Sims,2,13,12.8,.500,.000,.000,0.0,23.5,0.0,0.0,0.0,-0.013,-6.7,-8.2,-14.9,16.3,17.4,16.8,0.0,0.0,0.0,14.3
Courtney Sims,C,25,Courtney Sims,1,2,-26.0,,,,0.0,22.0,0.0,0.0,0.0,-0.735,-25.1,-0.2,-25.2,0.0,0.0,0.0,0.0,0.0,0.0,100.0
Courtney Sims,C,25,Courtney Sims,1,11,19.8,.500,.000,.000,0.0,23.7,0.0,0.0,0.0,.118,-3.4,-9.7,-13.0,19.3,20.6,19.9,0.0,0.0,0.0,0.0
Sean Singletary,PG,23,Sean Singletary,37,303,6.7,.478,.294,.247,-0.2,17.8,-0.2,0.2,0.0,.006,-3.6,-1.3,-4.9,4.1,9.8,7.0,14.4,1.9,0.0,19.6
Sean Singletary,PG,23,Sean Singletary,13,122,8.5,.429,.270,.162,0.0,16.1,0.0,0.1,0.1,.026,-2.1,-1.1,-3.3,5.0,10.1,7.7,13.0,2.5,0.0,11.2
Sean Singletary,PG,23,Sean Singletary,24,181,5.5,.513,.313,.313,-0.2,18.9,-0.2,0.2,0.0,-0.007,-4.6,-1.4,-6.0,3.4,9.5,6.5,15.3,1.5,0.0,24.8
James Singleton,PF,27,James Singleton,62,884,16.4,.615,.181,.353,0.4,15.1,1.9,1.1,3.0,.163,-0.3,-0.2,-0.4,11.7,20.7,16.2,2.9,1.5,2.3,12.4
Brian Skinner,PF,32,Brian Skinner,51,843,10.6,.474,.010,.229,-0.4,14.5,-0.3,0.7,0.4,.024,-5.1,1.3,-3.8,9.6,18.5,13.9,5.1,1.1,4.6,16.0
Craig Smith,PF,25,Craig Smith,74,1460,16.9,.599,.002,.482,0.3,22.5,2.3,0.8,3.1,.104,-0.1,-1.2,-1.3,7.6,15.5,11.4,9.7,1.1,1.0,14.4
J.R. Smith,SG,23,J.R. Smith,81,2245,16.8,.576,.477,.286,2.1,24.2,3.6,2.2,5.8,.124,3.0,-1.3,1.7,2.3,12.8,7.7,17.3,1.8,0.5,12.3
Joe Smith,C,33,Joe Smith,57,1102,13.8,.507,.021,.246,0.0,16.2,1.4,1.4,2.7,.118,-2.2,0.3,-1.9,9.5,18.3,13.9,6.0,0.8,2.7,6.3
Joe Smith,C,33,Joe Smith,36,691,13.2,.492,.018,.248,-0.2,16.4,0.6,0.6,1.3,.088,-2.7,-0.3,-3.0,8.7,18.6,13.6,5.9,0.7,2.8,5.8
Joe Smith,C,33,Joe Smith,21,411,14.8,.534,.026,.243,0.2,15.8,0.7,0.7,1.4,.168,-1.3,1.2,-0.1,10.8,17.8,14.5,6.2,0.9,2.7,7.3
Josh Smith,PF,23,Josh Smith,69,2421,17.2,.533,.102,.423,2.3,22.6,1.3,3.6,4.9,.097,-0.8,2.5,1.7,6.5,17.6,12.1,12.1,2.1,3.5,13.8
Will Solomon,PG,30,Will Solomon,53,712,12.5,.506,.351,.139,-0.4,20.2,0.1,0.4,0.5,.033,-1.1,-2.9,-4.0,2.0,8.5,5.3,30.0,2.0,0.4,17.2
Will Solomon,PG,30,Will Solomon,39,544,12.5,.504,.315,.133,-0.3,20.4,0.0,0.3,0.4,.032,-1.2,-2.8,-4.0,2.0,7.3,4.6,36.1,1.9,0.6,20.4
Will Solomon,PG,30,Will Solomon,14,168,12.6,.512,.453,.156,-0.1,19.6,0.1,0.0,0.1,.037,-0.8,-3.3,-4.0,2.1,12.6,7.3,10.0,2.1,0.0,6.8
Darius Songaila,C,30,Darius Songaila,77,1521,13.9,.570,.002,.197,0.2,17.1,1.8,0.7,2.4,.076,-0.8,-0.7,-1.5,5.6,12.1,8.8,10.3,2.2,1.1,13.0
Marreese Speights,C,21,Marreese Speights,79,1263,17.9,.543,.016,.263,0.1,21.9,2.4,1.5,3.8,.146,-0.7,-1.0,-1.7,11.6,16.3,13.9,4.2,1.1,3.6,7.6
Jerry Stackhouse,SG,34,Jerry Stackhouse,10,162,3.4,.333,.317,.117,-0.3,20.4,-0.5,0.1,-0.4,-0.110,-6.5,-1.9,-8.3,3.6,8.4,6.0,10.7,1.3,0.5,12.5
DeShawn Stevenson,SG,27,DeShawn Stevenson,32,886,6.9,.410,.558,.260,-0.6,14.9,-0.6,0.0,-0.6,-0.032,-2.2,-2.5,-4.7,1.4,8.9,5.0,16.3,1.3,0.2,11.1
Peja Stojaković,SF,31,Peja Stojaković,61,2089,12.5,.531,.534,.145,0.7,18.8,1.9,1.9,3.8,.087,0.6,-1.2,-0.6,2.6,12.7,7.6,6.0,1.4,0.1,6.3
Amar'e Stoudemire,PF,26,Amar'e Stoudemire,53,1948,20.3,.617,.009,.517,1.5,24.2,4.6,1.4,6.1,.149,1.3,-0.3,1.0,7.2,18.1,12.9,8.3,1.3,2.1,14.0
Rodney Stuckey,PG,22,Rodney Stuckey,79,2517,14.8,.508,.085,.318,1.0,23.0,1.7,2.2,3.8,.073,0.0,-0.5,-0.5,3.2,9.8,6.5,26.1,1.7,0.3,14.3
,,,,,,,,,,,,,,,,,,,,,,,,,
Robert Swift,C,23,Robert Swift,26,343,11.5,.551,.000,.225,-0.1,11.1,0.3,0.4,0.7,.104,-3.9,0.8,-3.1,6.9,23.2,14.9,4.0,0.7,3.7,9.3
Stromile Swift,PF,29,Stromile Swift,19,185,6.8,.460,.018,.464,-0.3,20.3,-0.3,0.2,-0.1,-0.033,-6.8,-1.7,-8.6,10.4,18.6,14.6,2.4,1.1,3.3,19.2
Stromile Swift,PF,29,Stromile Swift,6,64,6.6,.580,.000,.733,-0.1,19.6,-0.1,0.0,0.0,-0.026,-6.2,-2.6,-8.9,9.2,15.1,12.1,2.6,0.0,2.6,26.1
Stromile Swift,PF,29,Stromile Swift,13,121,6.8,.410,.024,.366,-0.2,20.6,-0.2,0.1,-0.1,-0.037,-7.1,-1.3,-8.4,11.0,20.4,15.9,2.3,1.7,3.6,15.9
Wally Szczerbiak,SF,31,Wally Szczerbiak,74,1527,12.1,.581,.422,.266,0.7,15.4,2.3,2.2,4.5,.140,-0.2,0.0,-0.2,3.5,14.2,9.0,8.3,1.0,0.5,11.0
Mike Taylor,PG,23,Mike Taylor,51,771,10.1,.477,.150,.303,-0.7,22.2,-0.9,0.4,-0.4,-0.028,-3.8,-1.7,-5.5,3.2,10.0,6.5,22.9,2.4,0.0,19.4
Sebastian Telfair,PG,23,Sebastian Telfair,75,2095,10.8,.481,.303,.230,-0.7,19.6,0.0,0.8,0.8,.019,-1.2,-2.2,-3.4,1.7,5.5,3.5,26.1,1.8,0.4,16.0
Jason Terry,SG,31,Jason Terry,74,2491,19.3,.571,.390,.193,2.8,25.5,5.4,1.9,7.3,.140,4.3,-1.8,2.5,1.8,6.3,4.1,17.6,2.0,0.6,8.6
Etan Thomas,C,30,Etan Thomas,26,306,10.1,.525,.000,.348,-0.3,14.0,0.0,0.1,0.1,.018,-4.7,-0.5,-5.2,9.3,16.2,12.7,3.0,0.5,4.8,19.1
Kenny Thomas,PF,31,Kenny Thomas,8,62,8.8,.375,.000,.000,0.0,6.5,0.0,0.1,0.1,.056,-4.6,2.6,-2.0,7.5,20.9,14.1,2.3,4.9,1.2,11.1
Kurt Thomas,PF,36,Kurt Thomas,79,1404,14.0,.530,.007,.148,1.1,12.6,1.8,2.7,4.5,.152,-2.2,3.2,1.1,11.5,22.7,17.2,7.2,1.3,3.1,11.5
Tim Thomas,PF,31,Tim Thomas,64,1247,12.2,.555,.432,.276,-0.2,19.9,0.9,0.8,1.7,.065,-0.8,-1.8,-2.5,3.7,14.6,9.0,8.6,1.2,0.6,12.5
Tim Thomas,PF,31,Tim Thomas,10,220,9.1,.453,.222,.378,-0.3,24.6,-0.3,0.1,-0.2,-0.038,-4.5,-3.5,-8.1,7.1,17.3,12.1,7.7,0.7,0.3,11.8
Tim Thomas,PF,31,Tim Thomas,36,773,13.4,.600,.488,.260,0.2,18.8,0.9,0.5,1.5,.091,0.2,-1.0,-0.7,2.7,13.6,8.0,9.3,1.4,0.9,13.8
Tim Thomas,PF,31,Tim Thomas,18,254,11.5,.531,.478,.222,-0.1,19.1,0.2,0.2,0.4,.078,-0.6,-2.7,-3.2,3.6,15.3,9.5,7.4,1.2,0.0,9.2
Tyrus Thomas,PF,22,Tyrus Thomas,79,2175,15.9,.525,.013,.445,1.2,19.4,1.2,3.4,4.6,.101,-2.5,2.6,0.2,7.8,18.9,13.4,5.5,2.2,5.1,13.6
Jason Thompson,PF,22,Jason Thompson,82,2303,13.9,.540,.011,.399,-0.4,19.3,1.8,0.9,2.7,.057,-1.7,-1.1,-2.7,11.8,19.0,15.4,6.8,1.0,1.9,14.8
Al Thornton,SF,25,Al Thornton,71,2654,12.6,.502,.075,.298,-1.0,22.6,0.2,1.0,1.3,.023,-2.3,-1.2,-3.5,5.2,11.0,8.0,6.9,1.2,1.7,9.9
Anthony Tolliver,PF,23,Anthony Tolliver,19,208,7.6,.375,.631,.154,-0.1,17.8,-0.3,0.3,0.0,.010,-3.1,-0.1,-3.2,7.0,16.4,11.7,12.1,1.3,0.4,9.2
Alando Tucker,SG,24,Alando Tucker,30,282,13.0,.509,.190,.273,-0.3,23.3,0.2,0.0,0.2,.039,-1.2,-4.6,-5.8,8.2,4.8,6.4,6.4,0.9,0.3,9.4
Ronny Turiaf,C,26,Ronny Turiaf,79,1696,14.5,.559,.008,.339,1.6,12.4,2.2,1.4,3.6,.101,-1.5,3.1,1.7,5.7,17.4,11.6,13.9,1.0,6.9,14.3
Hedo Türkoğlu,SF,29,Hedo Türkoğlu,77,2815,14.8,.541,.367,.380,2.9,23.0,3.0,4.4,7.3,.125,0.9,1.2,2.1,1.8,14.2,8.2,22.5,1.2,0.5,14.6
Ime Udoka,SF,31,Ime Udoka,67,1035,9.5,.470,.436,.160,0.0,16.2,-0.5,1.7,1.3,.058,-3.3,1.2,-2.1,3.3,18.1,10.8,7.9,1.9,0.9,11.0
Beno Udrih,PG,26,Beno Udrih,73,2270,12.3,.525,.162,.216,-0.4,18.2,1.0,0.2,1.2,.026,-0.9,-1.9,-2.8,2.4,9.0,5.7,24.7,1.8,0.4,17.2
Roko Ukić,PG,24,Roko Ukić,72,890,9.8,.430,.191,.185,-0.8,21.3,-0.8,0.4,-0.4,-0.019,-2.9,-2.5,-5.4,3.6,6.3,4.9,27.2,1.8,0.2,14.6
,,,,,,,,,,,,,,,,,,,,,,,,,
Anderson Varejão,PF,26,Anderson Varejão,81,2306,14.6,.565,.004,.496,2.1,14.2,3.3,4.7,8.0,.166,-1.2,2.8,1.6,8.9,20.6,15.0,5.4,1.8,2.3,11.5
Jacque Vaughn,PG,33,Jacque Vaughn,30,292,7.6,.392,.013,.240,-0.4,16.2,-0.2,0.3,0.1,.020,-5.8,-1.7,-7.5,1.7,7.3,4.5,27.6,1.1,0.0,15.3
Charlie Villanueva,PF,24,Charlie Villanueva,78,2095,18.6,.529,.237,.220,1.4,28.5,2.2,2.7,4.9,.112,1.0,-0.3,0.7,8.3,21.6,14.7,12.4,1.2,2.2,10.4
Jake Voskuhl,C,31,Jake Voskuhl,38,240,0.4,.342,.000,.311,-0.4,13.1,-0.5,0.2,-0.3,-0.064,-7.7,-0.2,-7.9,10.4,18.4,14.4,4.6,0.7,1.3,24.9
Sasha Vujačić,SG,24,Sasha Vujačić,80,1293,12.6,.531,.556,.190,0.9,16.0,1.8,1.9,3.7,.138,0.8,0.1,0.8,1.7,10.0,5.9,12.2,3.0,0.4,7.5
Dwyane Wade,SG,27,Dwyane Wade,79,3048,30.4,.574,.160,.443,9.7,36.2,10.3,4.4,14.7,.232,8.7,2.0,10.7,3.5,12.2,7.8,40.3,3.0,2.8,11.6
Von Wafer,SG,23,Von Wafer,63,1225,14.7,.541,.320,.229,0.2,23.6,1.1,1.6,2.6,.103,-0.3,-1.2,-1.5,1.9,8.6,5.4,10.3,1.7,0.5,9.5
Henry Walker,SF,21,Henry Walker,29,216,10.9,.646,.017,.397,0.0,18.6,0.2,0.3,0.5,.117,-2.0,0.0,-2.0,4.7,11.3,8.2,9.9,1.5,0.7,20.9
Ben Wallace,PF,34,Ben Wallace,56,1314,12.2,.450,.000,.413,1.7,7.8,0.8,2.9,3.8,.138,-2.3,5.3,3.0,12.8,19.7,16.4,4.7,2.0,4.5,15.7
Gerald Wallace,SF,26,Gerald Wallace,71,2669,18.6,.585,.162,.560,4.1,20.5,4.9,4.6,9.5,.172,1.2,2.9,4.1,5.2,20.3,12.8,12.4,2.5,2.1,12.8
Rasheed Wallace,C,34,Rasheed Wallace,66,2123,14.9,.520,.443,.140,1.8,18.5,1.6,3.4,5.1,.114,-0.3,1.7,1.4,3.1,24.6,13.7,7.1,1.6,3.1,7.2
Luke Walton,SF,28,Luke Walton,65,1166,11.3,.491,.186,.186,0.2,15.1,0.7,1.3,2.0,.083,-1.6,0.1,-1.5,5.4,12.0,8.7,21.1,1.4,0.7,17.2
Hakim Warrick,PF,26,Hakim Warrick,82,2029,16.9,.554,.033,.540,-0.2,22.0,3.0,1.7,4.7,.111,-1.1,-1.4,-2.4,7.7,17.0,12.3,5.9,1.3,1.6,10.3
C.J. Watson,PG,24,C.J. Watson,77,1883,14.2,.564,.214,.343,0.4,16.8,2.7,0.6,3.3,.084,0.5,-1.5,-1.1,2.3,8.8,5.5,16.2,2.5,0.1,12.5
Earl Watson,PG,29,Earl Watson,68,1776,9.5,.448,.188,.234,-1.4,16.3,-1.2,1.1,-0.2,-0.005,-3.4,-1.7,-5.0,2.3,9.7,5.9,33.4,1.4,0.5,23.8
Kyle Weaver,SG,22,Kyle Weaver,56,1166,10.2,.551,.378,.236,0.3,12.9,0.2,1.0,1.2,.049,-1.9,0.8,-1.1,3.0,9.9,6.4,13.1,2.1,1.6,20.3
Martell Webster,SF,22,Martell Webster,1,5,-8.4,.000,1.000,.000,0.0,9.4,0.0,0.0,0.0,-0.204,-8.8,-2.9,-11.7,0.0,0.0,0.0,0.0,0.0,0.0,0.0
Sonny Weems,SG,22,Sonny Weems,12,55,-3.9,.333,.120,.320,-0.2,27.9,-0.3,0.0,-0.3,-0.255,-12.6,-4.5,-17.2,0.0,8.2,4.2,8.7,0.9,0.0,17.4
David West,PF,28,David West,76,2982,18.9,.540,.019,.321,1.2,26.5,4.2,3.5,7.8,.125,-0.6,0.2,-0.5,6.5,19.7,13.1,10.9,0.9,1.9,10.0
Delonte West,SG,25,Delonte West,64,2152,14.1,.559,.365,.173,2.3,16.7,3.0,3.4,6.4,.142,1.1,1.2,2.3,1.8,9.2,5.6,16.6,2.4,0.5,12.0
,,,,,,,,,,,,,,,,,,,,,,,,,
Mario West,SG,24,Mario West,53,269,10.0,.456,.029,.882,0.1,10.5,0.0,0.4,0.4,.080,-2.9,2.8,-0.1,10.5,13.9,12.2,10.1,3.6,1.1,21.6
Russell Westbrook,PG,20,Russell Westbrook,82,2668,15.2,.489,.118,.391,1.3,25.8,-0.1,2.0,1.9,.035,0.1,-0.2,-0.1,7.6,9.7,8.6,27.5,2.1,0.4,17.6
D.J. White,PF,22,D.J. White,7,130,19.8,.556,.000,.260,0.0,20.0,0.3,0.1,0.4,.157,-0.5,-0.5,-1.0,8.7,19.8,14.2,8.3,1.2,2.8,5.1
James White,SF,26,James White,4,11,14.6,.700,.400,.000,0.0,33.8,0.0,0.0,0.0,-0.066,-5.5,-0.1,-5.7,0.0,0.0,0.0,19.2,4.8,6.6,37.5
Chris Wilcox,C,26,Chris Wilcox,62,1049,13.3,.518,.011,.378,-0.6,21.3,0.1,1.0,1.1,.048,-3.2,-0.9,-4.1,10.2,20.0,15.0,7.6,1.3,1.1,14.8
Chris Wilcox,C,26,Chris Wilcox,37,719,13.4,.509,.011,.325,-0.4,22.2,-0.1,0.7,0.6,.039,-3.3,-0.9,-4.2,10.2,21.2,15.6,8.0,1.3,1.1,15.2
Chris Wilcox,C,26,Chris Wilcox,25,330,13.2,.539,.010,.520,-0.2,19.2,0.2,0.3,0.5,.070,-2.9,-0.9,-3.8,10.0,17.5,13.6,6.7,1.2,1.1,13.8
Damien Wilkins,SG,29,Damien Wilkins,41,636,8.3,.467,.338,.216,-0.4,18.8,-0.4,0.4,0.0,.002,-3.3,-1.4,-4.7,3.6,9.2,6.3,9.1,1.8,0.8,13.7
Deron Williams,PG,24,Deron Williams,68,2505,21.1,.573,.230,.390,2.4,24.7,6.5,1.9,8.4,.160,4.3,-2.5,1.8,1.1,8.1,4.6,47.8,1.5,0.6,16.5
Jawad Williams,SF,25,Jawad Williams,10,20,14.1,.500,.500,.000,0.0,30.7,0.0,0.0,0.0,.045,-2.1,-6.7,-8.7,6.2,5.7,6.0,0.0,2.7,0.0,7.7
Lou Williams,SG,22,Lou Williams,81,1919,16.3,.513,.261,.456,0.5,27.7,1.6,1.7,3.4,.085,0.7,-1.6,-0.9,2.2,8.1,5.2,21.6,2.4,0.6,13.0
Marcus Williams,PG,23,Marcus Williams,9,54,3.7,.305,.353,.353,-0.1,18.7,-0.1,0.0,-0.1,-0.127,-6.7,-4.9,-11.7,0.0,8.1,4.0,32.6,0.9,1.3,16.9
Marcus Williams,PF,22,Marcus Williams,2,3,53.0,1.000,.000,.000,0.0,32.3,0.0,0.0,0.0,.517,17.7,-8.5,9.1,0.0,0.0,0.0,0.0,0.0,0.0,0.0
Marvin Williams,SF,22,Marvin Williams,61,2093,16.0,.569,.249,.439,1.5,18.2,3.9,2.2,6.1,.140,0.8,0.1,0.9,6.2,15.2,10.7,6.3,1.5,1.4,8.6
Mo Williams,PG,26,Mo Williams,81,2834,17.2,.588,.373,.202,3.1,23.4,6.1,3.7,9.8,.165,3.0,-0.7,2.3,2.1,9.4,5.9,20.1,1.3,0.3,12.7
Sean Williams,PF,22,Sean Williams,33,366,8.8,.465,.000,.444,0.0,13.6,-0.1,0.4,0.3,.036,-4.8,2.4,-2.4,10.9,14.8,12.9,5.4,1.0,6.5,18.9
Shawne Williams,SF,22,Shawne Williams,15,170,7.5,.345,.304,.196,-0.2,17.8,-0.2,0.2,0.0,-0.012,-5.8,-1.6,-7.4,13.0,18.1,15.5,1.7,0.6,3.9,7.6
Shelden Williams,PF,25,Shelden Williams,45,512,13.7,.503,.013,.401,-0.4,19.2,0.0,0.5,0.5,.048,-4.7,-0.7,-5.3,10.9,24.3,17.5,3.8,2.2,2.7,15.5
Shelden Williams,PF,25,Shelden Williams,30,305,12.2,.521,.022,.472,-0.3,19.6,-0.1,0.2,0.1,.014,-5.2,-1.3,-6.5,9.5,20.4,14.9,4.2,2.0,2.4,19.5
Shelden Williams,PF,25,Shelden Williams,15,207,16.0,.479,.000,.309,-0.1,18.6,0.1,0.3,0.4,.098,-3.9,0.2,-3.7,13.1,30.0,21.2,3.2,2.5,3.0,9.4
Metta World Peace,SF,29,Metta World Peace,69,2452,15.6,.512,.369,.253,2.7,24.5,1.6,4.0,5.5,.108,1.1,1.2,2.3,3.2,13.4,8.5,16.2,2.3,0.7,10.8
Antoine Wright,SF,24,Antoine Wright,65,1552,8.6,.501,.346,.220,0.1,15.6,0.3,1.2,1.4,.044,-1.6,-0.1,-1.7,2.3,7.7,5.0,7.4,1.6,1.3,10.3
Brandan Wright,PF,21,Brandan Wright,39,688,18.7,.570,.016,.346,0.1,19.0,1.4,0.4,1.9,.131,-0.2,-0.9,-1.2,9.8,15.0,12.4,4.9,1.6,3.7,7.5
Dorell Wright,SF,23,Dorell Wright,6,73,3.7,.398,.000,.300,-0.2,18.4,-0.2,0.1,-0.1,-0.086,-10.8,-1.3,-12.1,3.3,29.8,16.4,4.2,1.5,0.0,20.9
,,,,,,,,,,,,,,,,,,,,,,,,,
Julian Wright,SF,21,Julian Wright,54,772,12.6,.479,.090,.128,0.0,18.1,-0.4,1.2,0.8,.048,-3.7,1.6,-2.1,7.2,16.6,11.9,9.4,2.5,2.1,14.8
Lorenzen Wright,C,33,Lorenzen Wright,17,125,4.0,.377,.000,.296,-0.1,14.9,-0.3,0.2,-0.1,-0.022,-8.4,2.0,-6.4,6.9,16.5,11.9,3.5,1.7,3.2,22.8
Nick Young,SG,23,Nick Young,82,1837,13.1,.530,.217,.255,-1.3,23.1,1.2,-0.1,1.2,.030,-1.1,-3.8,-4.9,1.9,7.8,4.8,9.0,1.1,0.9,9.9
Thaddeus Young,PF,20,Thaddeus Young,75,2580,15.3,.549,.171,.197,1.7,20.5,3.0,2.5,5.5,.102,0.8,-0.2,0.5,6.4,11.1,8.8,5.8,2.1,0.7,10.2
Sun Yue,SG,23,Sun Yue,10,28,-8.6,.273,.545,.000,-0.1,22.0,-0.2,0.0,-0.1,-0.226,-11.4,-3.7,-15.2,0.0,0.0,0.0,9.8,1.8,2.8,21.4
