As. Pct,Blk Pct,Box +-,DRB Pct,DWS,Deff. Box +-,FG3 PerFGA%,Fta PerFGA%,GP,MP,ORB Pct,OWS,Off. Box +-,PER,Stl Pct,TO Pct,TRB Pct,TS %,Teams,Usg Pct,VORP,WS,WS Per 48,age,name
10.4,0.5,-1.9,7.7,0.5,-1.7,.636,.222,49,986,2.4,0.8,-0.2,10.0,1.3,10.3,5.0,.550,Muhammad-Ali Abdur-Rahkman,14.0,0.1,1.3,.062,,Muhammad-Ali Abdur-Rahkman
6.7,4.4,-2.1,20.7,0.1,-1.8,.370,.241,3,100,4.1,0.1,-0.3,19.2,1.4,6.3,12.2,.544,Quincy Acy,26.5,0.0,0.2,.096,28,Quincy Acy
25.3,0.6,0.1,11.4,0.6,-0.5,.559,.224,20,633,2.8,0.3,0.7,13.9,2.4,16.2,7.2,.524,Jaylen Adams,20.8,0.6,1.0,.074,22,Jaylen Adams
39.2,0.0,11.9,14.5,0.0,6.9,1.000,.000,2,7,0.0,0.0,5.1,25.2,13.3,33.3,7.3,.750,Jordan Adams,17.0,0.0,0.0,.313,24,Jordan Adams
22.4,1.6,-1.1,13.6,0.8,0.0,.429,.225,20,598,1.4,-0.2,-1.1,13.1,1.7,16.6,7.4,.516,Josh Adams,25.1,0.2,0.6,.049,,Josh Adams
11.6,1.3,-2.4,16.7,1.2,0.0,.311,.233,37,1143,2.6,0.0,-2.4,11.8,1.1,14.1,9.6,.524,Deng Adel,19.2,-0.2,1.2,.051,21,Deng Adel
12.2,1.1,-1.8,15.8,0.9,0.3,.342,.242,25,779,2.2,0.1,-2.0,11.8,1.1,13.6,8.9,.524,Deng Adel,19.1,0.1,1.0,.063,21,Deng Adel
10.5,1.5,-3.6,18.6,0.3,-0.5,.244,.213,12,364,3.5,-0.1,-3.1,11.7,0.9,15.3,10.9,.522,Deng Adel,19.5,-0.2,0.2,.026,21,Deng Adel
22.1,1.3,1.8,14.0,0.1,-1.5,.375,.531,2,58,1.8,0.2,3.3,24.7,3.2,15.1,7.9,.621,DeVaughn Akoon-Purcell,33.0,0.1,0.2,.196,25,DeVaughn Akoon-Purcell
16.6,0.2,0.6,11.1,1.3,-1.3,.689,.256,50,1503,0.7,2.1,1.9,13.9,1.5,12.0,6.0,.562,Bryce Alford,19.6,1.6,3.4,.109,24,Bryce Alford
,,,,,,,,,,,,,,,,,,,,,,,,
17.2,2.3,-0.3,15.1,1.6,1.6,.318,.163,44,1138,6.9,-0.4,-1.9,14.0,1.7,16.2,11.0,.510,Rawle Alkins,22.2,0.8,1.3,.053,21,Rawle Alkins
4.3,1.6,-2.1,13.5,0.8,1.0,.166,.176,39,751,2.5,0.1,-3.1,9.1,1.7,13.7,8.0,.548,Dakarai Allen,12.9,0.0,0.9,.060,,Dakarai Allen
4.7,1.8,-1.2,13.9,0.8,1.5,.170,.182,28,626,2.6,0.2,-2.6,10.3,1.9,12.7,8.2,.553,Dakarai Allen,13.6,0.2,1.0,.076,,Dakarai Allen
2.0,0.6,-6.6,11.7,0.0,-1.4,.136,.136,11,125,1.8,-0.1,-5.2,3.1,0.4,20.5,6.9,.515,Dakarai Allen,9.9,-0.2,0.0,-0.018,,Dakarai Allen
11.4,1.0,0.8,8.8,0.3,-1.6,.618,.360,12,368,0.9,0.7,2.4,15.8,1.6,11.3,4.9,.622,Grayson Allen,20.5,0.4,1.1,.138,23,Grayson Allen
29.4,1.1,2.3,14.0,2.1,1.6,.175,.292,39,1240,3.4,1.3,0.7,17.4,2.3,15.3,8.9,.531,Kadeem Allen,22.9,2.2,3.4,.131,26,Kadeem Allen
8.7,6.3,5.5,17.8,0.5,2.9,.077,.205,17,377,19.2,1.0,2.5,21.5,1.6,17.5,18.5,.639,Lavoy Allen,17.0,1.2,1.5,.187,29,Lavoy Allen
7.1,0.7,-4.0,9.4,0.6,-1.1,.151,.331,43,899,3.4,0.1,-2.9,10.3,1.8,10.5,6.3,.515,Marcus Allen,17.9,-0.7,0.7,.036,,Marcus Allen
12.7,0.6,-0.5,20.3,1.0,0.3,.485,.210,42,1108,3.8,0.2,-0.8,11.8,1.9,15.0,12.0,.514,Noah Allen,17.2,0.7,1.2,.052,,Noah Allen
12.5,0.2,-3.9,12.0,0.3,-0.5,.299,.289,39,521,5.2,0.1,-3.4,6.7,1.0,20.4,8.7,.485,C.J. Anderson,10.8,-0.4,0.4,.036,22,C.J. Anderson
,,,,,,,,,,,,,,,,,,,,,,,,
9.0,0.0,-5.4,13.5,0.0,-0.9,.250,.500,4,54,2.0,0.0,-4.5,5.4,0.9,17.0,7.9,.461,C.J. Anderson,9.0,-0.1,0.0,.018,22,C.J. Anderson
13.0,0.2,-3.7,11.8,0.3,-0.5,.303,.270,35,467,5.6,0.1,-3.2,6.9,1.1,20.7,8.8,.487,C.J. Anderson,11.0,-0.3,0.4,.038,22,C.J. Anderson
9.1,1.6,-0.9,30.7,0.8,-0.2,.160,.372,37,677,17.1,1.1,-0.7,18.5,1.1,12.7,24.0,.524,Ryan Anderson,18.7,0.3,1.9,.133,,Ryan Anderson
13.1,1.9,3.3,15.9,1.3,1.5,.507,.289,38,924,4.3,1.6,1.7,16.5,3.1,10.0,10.1,.563,Braian Angola-Rodas,17.3,2.0,2.9,.152,22,Braian Angola-Rodas
3.6,5.6,-3.4,21.9,0.5,0.6,.000,.338,21,571,15.3,-0.1,-4.0,14.7,0.8,18.7,18.5,.502,Ike Anigbogu,20.5,-0.3,0.4,.037,20,Ike Anigbogu
4.1,4.6,-0.8,18.4,0.8,1.0,.149,.652,40,1016,7.5,1.0,-1.9,14.7,1.7,16.9,12.8,.594,Kostas Antetokounmpo,17.5,0.5,1.8,.084,21,Kostas Antetokounmpo
7.7,5.8,2.2,22.1,1.1,3.3,.029,.435,36,820,10.0,1.1,-1.1,16.7,1.6,17.7,16.0,.598,Isaiah Armwood,15.2,1.4,2.2,.127,,Isaiah Armwood
13.4,0.4,-1.2,10.3,0.4,-1.5,.372,.208,31,1072,3.5,0.8,0.3,13.1,1.2,14.0,7.0,.545,Jamel Artis,21.7,0.4,1.2,.053,26,Jamel Artis
9.8,1.8,3.0,18.7,0.8,1.1,.303,.308,44,771,8.4,1.9,1.9,17.5,2.1,11.6,13.7,.635,J.J. Avila,14.1,1.6,2.7,.166,27,J.J. Avila
10.9,3.0,1.6,15.0,0.1,0.3,.188,.458,15,175,8.8,0.5,1.2,18.5,1.9,12.2,11.8,.641,J.J. Avila,15.6,0.3,0.6,.162,27,J.J. Avila
,,,,,,,,,,,,,,,,,,,,,,,,
9.5,1.5,3.4,19.8,0.6,1.3,.340,.261,29,596,8.3,1.4,2.1,17.2,2.2,11.4,14.3,.633,J.J. Avila,13.7,1.3,2.1,.167,27,J.J. Avila
11.2,0.6,-2.6,18.7,0.8,-1.4,.310,.249,17,546,3.3,-0.1,-1.2,17.1,1.8,8.2,11.0,.498,Dwayne Bacon,31.3,-0.1,0.7,.058,23,Dwayne Bacon
6.6,0.0,-3.2,6.1,0.1,-3.3,.579,.066,17,417,2.1,0.3,0.1,9.5,1.6,7.1,4.1,.518,Travis Bader,17.0,-0.2,0.4,.045,27,Travis Bader
21.4,0.6,0.5,14.6,0.5,-0.9,.227,.243,14,450,3.2,0.5,1.3,19.8,2.5,11.0,8.8,.547,Wade Baldwin,29.2,0.5,1.0,.110,22,Wade Baldwin
18.2,0.4,-1.0,13.3,0.1,-1.6,.179,.330,6,197,3.7,0.2,0.6,19.8,3.1,10.5,8.3,.530,Wade Baldwin,30.2,0.1,0.3,.081,22,Wade Baldwin
23.8,0.6,1.6,15.7,0.3,-0.3,.266,.175,8,253,2.8,0.4,1.9,19.9,2.0,11.5,9.2,.562,Wade Baldwin,28.5,0.4,0.7,.133,22,Wade Baldwin
27.5,0.1,-2.3,10.8,1.1,-1.3,.225,.360,42,1092,2.5,0.1,-1.0,15.0,1.9,15.1,6.7,.510,Cat Barber,26.0,-0.1,1.2,.051,24,Cat Barber
23.6,0.0,-3.8,12.3,0.6,-1.3,.259,.417,28,559,2.0,-0.5,-2.6,12.4,1.7,12.6,7.1,.465,Cat Barber,26.0,-0.4,0.2,.014,24,Cat Barber
31.6,0.3,-0.7,9.3,0.4,-1.2,.190,.300,14,533,3.1,0.6,0.6,17.7,2.1,17.7,6.3,.560,Cat Barber,26.1,0.3,1.0,.090,24,Cat Barber
9.4,0.4,-2.7,12.2,1.5,-2.2,.345,.150,47,1179,3.5,-0.2,-0.5,16.9,2.1,9.8,7.8,.524,Jaylen Barford,31.0,-0.3,1.3,.053,23,Jaylen Barford
,,,,,,,,,,,,,,,,,,,,,,,,
9.1,1.5,-8.0,7.4,0.0,-1.3,.154,.154,7,55,5.6,-0.1,-6.7,1.7,0.0,17.8,6.5,.360,Kentrell Barkley,12.2,-0.1,0.0,-0.033,,Kentrell Barkley
5.6,3.0,0.3,12.7,0.4,0.4,.493,.132,35,647,5.0,1.0,-0.1,12.9,1.5,11.1,8.7,.620,Jordan Barnett,10.8,0.6,1.3,.098,23,Jordan Barnett
6.0,2.0,-1.1,7.3,0.1,-0.5,.575,.100,18,356,2.2,0.4,-0.6,9.9,1.4,8.7,4.7,.581,Jordan Barnett,10.4,0.1,0.5,.062,23,Jordan Barnett
5.2,4.3,2.1,19.3,0.3,1.5,.391,.172,17,291,8.4,0.6,0.6,16.5,1.5,13.8,13.7,.668,Jordan Barnett,11.3,0.5,0.9,.142,23,Jordan Barnett
7.1,1.6,-0.2,14.8,0.5,-0.5,.449,.329,42,1140,1.7,1.5,0.2,12.9,1.0,12.2,8.1,.615,Canyon Barry,14.6,0.8,2.0,.085,25,Canyon Barry
7.6,3.9,0.0,21.3,0.6,0.8,.329,.183,16,585,4.8,0.3,-0.8,16.4,1.5,9.3,12.9,.523,Keita Bates-Diop,21.7,0.5,0.8,.070,23,Keita Bates-Diop
7.5,2.1,-1.1,10.6,1.2,0.6,.426,.099,39,798,4.5,0.0,-1.7,10.7,1.7,10.9,7.7,.503,Devon Baulkman,17.8,0.3,1.2,.070,27,Devon Baulkman
6.2,1.2,-2.2,10.5,1.0,0.0,.694,.122,43,916,1.8,-0.1,-2.2,8.5,1.4,8.8,6.2,.510,V.J. Beachem,14.0,-0.1,1.0,.050,24,V.J. Beachem
0.0,0.0,-6.6,0.0,0.0,-0.6,,,1,2,0.0,0.0,-6.0,0.0,0.0,,0.0,,V.J. Beachem,0.0,0.0,0.0,-0.025,24,V.J. Beachem
6.2,1.2,-2.2,10.6,1.0,0.0,.694,.122,42,914,1.8,-0.1,-2.2,8.5,1.4,8.8,6.2,.510,V.J. Beachem,14.0,-0.1,1.0,.050,24,V.J. Beachem
,,,,,,,,,,,,,,,,,,,,,,,,
21.9,0.0,-4.6,5.5,0.0,-3.3,.229,.200,8,151,3.2,0.2,-1.3,11.2,0.9,22.4,4.3,.617,Trae Bell-Haynes,13.2,-0.2,0.2,.054,,Trae Bell-Haynes
0.0,3.5,-13.8,29.0,0.0,-1.6,.000,1.333,2,27,4.1,-0.1,-12.2,-1.0,0.0,17.4,16.5,.210,Kyle Benjamin,9.1,-0.1,0.0,-0.065,,Kyle Benjamin
8.4,1.4,4.5,17.7,0.5,-0.7,.632,.319,25,523,5.0,1.8,5.2,21.8,2.0,12.5,11.6,.721,Anthony Bennett,19.5,1.4,2.3,.214,25,Anthony Bennett
16.3,1.2,-5.6,4.9,0.2,-3.5,.451,.129,21,469,1.3,-0.2,-2.1,9.8,1.3,11.2,3.0,.475,Joel Berry,23.9,-0.7,0.0,-0.005,23,Joel Berry
6.2,0.3,-1.1,13.1,1.2,-1.0,.596,.219,46,1045,3.0,0.5,0.0,12.4,2.0,11.6,8.0,.543,Michael Bethea Jr.,20.5,0.4,1.7,.077,,Michael Bethea Jr.
12.3,0.3,-2.5,9.7,0.8,-1.7,.535,.173,49,1447,1.2,0.7,-0.7,11.1,1.2,10.4,5.5,.531,Justin Bibbs,17.5,-0.3,1.6,.052,23,Justin Bibbs
12.7,0.3,-2.5,9.4,0.8,-1.7,.527,.173,44,1320,1.0,0.6,-0.8,11.2,1.3,10.2,5.2,.528,Justin Bibbs,17.9,-0.3,1.4,.051,23,Justin Bibbs
8.4,0.0,-1.7,13.1,0.0,-1.8,.636,.182,5,127,3.5,0.1,0.1,10.2,0.8,12.3,8.5,.575,Justin Bibbs,13.5,0.0,0.2,.065,23,Justin Bibbs
21.0,1.8,1.8,21.3,0.3,0.5,.000,.493,23,312,12.8,0.6,1.3,22.5,2.8,12.9,17.1,.537,DeJuan Blair,28.3,0.5,0.9,.142,29,DeJuan Blair
16.5,0.0,-7.2,23.4,0.1,-1.6,.128,.154,2,71,2.9,-0.1,-5.6,11.6,0.7,8.8,13.2,.456,Antonio Blakeney,28.0,-0.2,0.0,-0.010,22,Antonio Blakeney
,,,,,,,,,,,,,,,,,,,,,,,,
10.5,2.9,-1.4,19.1,1.0,-0.7,.267,.261,35,1168,5.0,0.8,-0.7,17.1,1.0,9.5,11.9,.531,Jaron Blossomgame,24.8,0.3,1.9,.077,25,Jaron Blossomgame
9.7,3.0,-1.6,19.3,1.0,-0.3,.302,.235,29,948,4.8,0.2,-1.3,16.0,1.2,8.9,11.9,.510,Jaron Blossomgame,24.7,0.2,1.2,.061,25,Jaron Blossomgame
14.1,2.2,-0.7,18.1,0.1,-2.2,.110,.380,6,220,5.6,0.6,1.6,22.1,0.2,12.1,11.9,.621,Jaron Blossomgame,25.4,0.1,0.7,.148,25,Jaron Blossomgame
10.9,0.1,-4.1,11.9,0.4,-1.5,.315,.325,39,1080,2.6,-0.5,-2.6,9.7,1.9,12.8,7.1,.476,Vander Blue,19.0,-1.0,-0.1,-0.005,26,Vander Blue
12.2,0.0,-3.9,11.5,0.2,-0.9,.349,.333,22,631,3.1,-0.5,-3.0,7.9,1.8,14.4,7.2,.438,Vander Blue,16.5,-0.5,-0.3,-0.023,26,Vander Blue
9.0,0.2,-4.5,12.4,0.2,-2.4,.280,.317,17,449,1.8,0.0,-2.1,12.2,1.9,11.1,7.0,.515,Vander Blue,22.4,-0.5,0.2,.020,26,Vander Blue
10.7,1.1,0.2,13.2,0.8,-0.8,.538,.189,24,596,4.8,0.7,1.0,14.7,1.7,9.4,9.1,.541,Trevon Bluiett,21.4,0.5,1.5,.121,24,Trevon Bluiett
9.6,0.7,-0.2,12.5,0.5,-1.2,.553,.171,17,381,6.0,0.3,1.0,14.7,1.6,9.9,9.4,.533,Trevon Bluiett,22.8,0.3,0.9,.111,24,Trevon Bluiett
12.7,1.7,0.9,14.6,0.2,0.0,.506,.228,7,215,2.6,0.4,0.9,14.8,1.8,8.4,8.6,.558,Trevon Bluiett,18.8,0.3,0.6,.138,24,Trevon Bluiett
27.0,0.3,-3.2,10.1,0.1,-2.4,.586,.086,11,220,1.5,0.1,-0.8,11.2,1.7,20.7,5.9,.523,Ryan Boatright,17.5,-0.1,0.2,.044,26,Ryan Boatright
,,,,,,,,,,,,,,,,,,,,,,,,
19.2,0.0,-7.3,12.7,0.0,-2.8,.619,.000,4,60,1.7,-0.1,-4.5,7.0,1.6,34.4,7.1,.571,Ryan Boatright,22.1,-0.1,-0.1,-0.100,26,Ryan Boatright
29.9,0.5,-1.7,9.1,0.1,-2.3,.571,.122,7,160,1.4,0.2,0.6,12.8,1.8,13.4,5.4,.503,Ryan Boatright,15.8,0.0,0.3,.098,26,Ryan Boatright
22.7,6.3,6.1,30.9,1.6,5.2,.059,.308,43,895,13.4,2.3,0.9,22.4,1.2,18.0,22.3,.611,John Bohannon,15.8,3.0,3.9,.210,27,John Bohannon
15.1,1.8,1.1,29.4,0.4,1.2,.505,.320,8,248,9.2,0.1,-0.1,16.7,2.3,17.0,19.4,.519,Jonah Bolden,23.5,0.3,0.4,.081,23,Jonah Bolden
24.8,2.7,-1.8,13.5,1.2,2.0,.355,.215,47,809,4.7,-0.7,-3.8,10.4,2.9,22.2,9.1,.432,Tim Bond,19.2,0.1,0.5,.031,23,Tim Bond
12.6,3.6,0.0,16.7,1.0,1.9,.316,.280,31,869,6.7,-0.1,-1.9,12.8,1.9,20.7,11.5,.539,Isaac Bonga,20.0,0.7,0.8,.046,19,Isaac Bonga
26.1,0.4,-5.2,8.5,0.0,-3.0,.568,.000,12,195,2.3,0.0,-2.3,7.9,1.5,25.4,5.4,.477,Devon Bookert,12.7,-0.3,0.0,.011,,Devon Bookert
5.8,9.8,6.1,25.9,2.3,3.3,.365,.387,28,957,8.9,2.9,2.9,29.7,1.7,8.7,17.3,.611,Chris Boucher,29.5,3.2,5.1,.258,26,Chris Boucher
15.8,2.9,1.0,16.9,0.1,0.7,.175,.175,8,135,18.1,0.1,0.3,17.2,1.7,8.9,17.5,.432,Cinmeon Bowers,20.2,0.2,0.2,.080,,Cinmeon Bowers
7.3,1.2,-1.3,14.6,0.5,-1.9,.731,.226,28,474,2.6,0.6,0.6,14.3,1.8,10.2,8.6,.566,Jacobi Boykins,21.3,0.1,1.2,.117,,Jacobi Boykins
,,,,,,,,,,,,,,,,,,,,,,,,
8.2,4.2,1.2,17.8,0.6,0.5,.111,.202,20,509,13.4,1.0,0.7,19.2,0.5,11.7,15.6,.594,Tony Bradley,21.4,0.7,1.5,.144,21,Tony Bradley
6.4,4.9,2.2,16.8,2.1,4.2,.403,.172,50,1252,4.6,0.1,-2.0,11.6,2.7,15.1,10.7,.517,Stephaun Branch,13.0,2.2,2.2,.086,23,Stephaun Branch
8.2,10.1,1.6,24.5,1.4,4.2,.000,.698,47,1097,14.4,0.0,-2.6,17.1,0.6,24.2,19.5,.573,Amida Brimah,18.2,1.7,1.4,.060,24,Amida Brimah
34.4,1.5,-8.1,0.0,0.0,-7.9,.174,.391,2,62,0.0,0.2,-0.2,19.3,2.4,10.0,0.0,.593,Isaiah Briscoe,21.0,-0.2,0.3,.195,22,Isaiah Briscoe
11.7,1.5,-1.6,17.4,0.8,-0.2,.414,.172,27,783,3.2,0.0,-1.4,12.9,1.7,14.4,10.3,.524,Anthony Brown,21.6,0.1,0.8,.049,26,Anthony Brown
16.0,5.3,-1.7,14.3,0.1,1.3,.138,.379,2,66,7.8,0.0,-3.0,14.7,0.7,10.6,11.0,.458,Bruce Brown,23.8,0.0,0.1,.057,22,Bruce Brown
6.8,0.0,-6.7,10.1,0.1,-1.7,.466,.190,11,145,3.6,-0.3,-5.0,5.7,2.0,16.0,6.8,.430,Elijah Brown,21.4,-0.3,-0.2,-0.052,,Elijah Brown
11.1,0.2,0.1,6.0,0.2,-3.7,.746,.128,49,1428,1.5,3.1,3.8,14.9,1.1,6.2,3.8,.585,Jared Brownridge,20.5,1.3,3.3,.111,,Jared Brownridge
17.2,0.0,-0.7,16.1,0.1,-1.7,.471,.039,3,109,3.6,0.1,1.0,15.5,2.1,13.4,9.7,.549,Sterling Brown,22.3,0.1,0.1,.062,23,Sterling Brown
5.9,1.3,-2.1,15.9,1.0,-1.6,.659,.136,47,1176,3.7,0.8,-0.5,11.8,0.9,9.9,9.9,.556,Vitto Brown,17.8,0.0,1.8,.074,23,Vitto Brown
,,,,,,,,,,,,,,,,,,,,,,,,
14.1,10.7,9.2,30.0,0.0,3.7,.250,.583,1,33,19.7,0.2,5.5,32.8,0.0,11.7,24.8,.696,Thomas Bryant,21.5,0.2,0.2,.341,21,Thomas Bryant
2.8,3.1,-2.4,10.3,0.0,-1.8,.571,.357,4,49,4.2,0.1,-0.6,11.3,1.0,11.0,7.3,.617,Michael Bryson,15.3,0.0,0.1,.082,24,Michael Bryson
7.0,0.0,-8.0,14.6,0.0,-2.9,.677,.161,13,114,1.0,-0.2,-5.1,3.9,1.3,17.4,7.8,.422,Connor Burchfield,14.8,-0.3,-0.1,-0.061,,Connor Burchfield
4.1,0.0,-10.9,0.0,0.0,-4.3,.667,.111,4,31,0.0,-0.1,-6.6,-0.4,1.5,0.0,0.0,.265,Connor Burchfield,12.7,-0.1,-0.1,-0.117,,Connor Burchfield
8.2,0.0,-7.0,20.0,0.0,-2.4,.682,.182,9,83,1.3,-0.1,-4.6,5.5,1.2,22.8,10.7,.484,Connor Burchfield,15.6,-0.2,-0.1,-0.041,,Connor Burchfield
12.9,1.2,1.2,17.9,0.3,0.0,.533,.160,27,511,5.2,0.8,1.3,15.0,2.1,13.5,11.4,.601,Trahson Burrell,15.1,0.7,1.1,.105,26,Trahson Burrell
20.7,0.8,-4.3,7.6,0.7,-1.1,.353,.332,41,853,1.6,-0.3,-3.2,8.1,1.6,16.5,4.6,.451,Deonte Burton,16.3,-0.8,0.4,.023,27,Deonte Burton
16.3,2.9,2.7,13.6,1.2,2.4,.330,.370,24,703,3.7,0.4,0.3,18.1,3.6,16.0,8.7,.551,Deonte Burton,24.8,1.4,1.6,.112,25,Deonte Burton
6.8,8.7,6.5,16.5,1.4,3.8,.492,.243,28,793,9.4,2.0,2.7,22.3,1.9,12.8,12.9,.644,Bruno Caboclo,20.3,2.8,3.4,.208,23,Bruno Caboclo
9.6,1.9,0.0,17.6,0.9,-1.6,.472,.139,43,772,6.9,1.1,1.6,17.8,1.7,12.2,12.3,.586,Antonio Campbell,25.4,0.7,2.0,.122,,Antonio Campbell
,,,,,,,,,,,,,,,,,,,,,,,,
5.9,0.4,-2.1,11.1,0.3,-1.8,.369,.209,24,489,4.4,0.6,-0.3,14.1,1.8,8.5,7.6,.566,Jeffrey Carroll,18.4,0.0,0.9,.092,24,Jeffrey Carroll
2.7,1.4,-7.4,15.1,0.2,-1.6,.356,.339,23,243,6.1,-0.3,-5.9,5.2,0.8,15.0,10.6,.428,Phillip Carr,14.2,-0.5,-0.1,-0.014,23,Phillip Carr
4.1,1.9,-4.2,11.0,0.1,0.5,.231,.615,10,92,0.0,0.0,-4.7,5.5,0.5,5.7,5.7,.484,Phillip Carr,8.2,-0.1,0.1,.061,23,Phillip Carr
1.8,1.2,-9.4,17.6,0.1,-2.8,.391,.261,13,151,9.8,-0.3,-6.6,5.0,1.0,17.7,13.6,.410,Phillip Carr,17.8,-0.5,-0.2,-0.059,23,Phillip Carr
24.8,1.2,3.2,11.0,1.0,1.1,.341,.189,22,759,3.0,0.8,2.1,18.2,3.7,14.7,7.1,.536,Jevon Carter,24.3,1.6,1.9,.120,23,Jevon Carter
28.8,1.9,1.1,10.6,0.9,1.0,.343,.375,27,770,3.4,0.3,0.1,16.4,3.5,19.8,6.9,.526,Alex Caruso,23.6,1.0,1.2,.077,24,Alex Caruso
12.6,2.2,0.4,21.9,1.1,1.2,.238,.388,40,967,4.6,1.1,-0.7,14.0,1.1,16.3,13.5,.581,Kyle Casey,16.9,1.0,2.3,.113,29,Kyle Casey
22.2,0.3,1.7,16.6,1.3,-0.6,.366,.248,49,1651,2.6,3.5,2.4,17.8,1.3,12.5,9.6,.584,Troy Caupain,20.7,2.6,4.9,.142,23,Troy Caupain
13.6,1.2,2.4,22.9,1.5,-0.2,.434,.363,41,1240,5.8,2.9,2.6,19.2,1.1,12.2,14.3,.602,Tyler Cavanaugh,23.6,2.3,4.4,.171,24,Tyler Cavanaugh
17.2,0.0,-5.8,6.4,0.1,-2.1,.690,.069,14,147,2.2,-0.1,-3.7,3.4,1.6,26.9,4.4,.452,Austin Chatman,11.6,-0.2,-0.1,-0.021,,Austin Chatman
,,,,,,,,,,,,,,,,,,,,,,,,
6.4,0.5,-3.6,16.2,0.4,-0.4,.450,.101,15,298,1.7,-0.2,-3.2,9.7,2.6,8.8,9.2,.483,Kameron Chatman,17.1,-0.2,0.2,.035,,Kameron Chatman
25.5,0.5,0.0,10.0,1.4,-0.8,.268,.411,43,1345,1.8,1.8,0.7,16.0,1.5,12.9,5.9,.543,Joe Chealey,22.9,1.1,3.1,.112,23,Joe Chealey
21.4,1.1,-0.9,12.2,2.4,1.9,.276,.187,46,1287,2.4,-0.6,-2.9,10.8,2.8,14.4,7.2,.441,Will Cherry,18.1,0.6,1.8,.066,27,Will Cherry
7.2,0.3,-1.9,12.3,0.1,-1.5,.274,.452,23,323,6.7,0.5,-0.4,11.1,1.0,19.4,9.5,.651,Quinton Chievous,13.9,0.0,0.6,.090,26,Quinton Chievous
30.8,0.2,1.0,13.4,1.4,-0.3,.384,.189,47,1569,2.2,2.0,1.3,15.4,2.6,17.9,7.8,.542,Chris Chiozza,18.4,2.0,3.4,.103,23,Chris Chiozza
51.2,0.0,-1.3,12.7,0.2,-2.7,.733,.200,4,128,1.6,0.4,1.4,18.4,2.9,25.2,7.1,.582,Chris Chiozza,13.5,0.0,0.6,.208,23,Chris Chiozza
29.0,0.2,1.2,13.5,1.2,-0.1,.363,.188,43,1441,2.3,1.6,1.3,15.1,2.5,17.4,7.8,.539,Chris Chiozza,18.8,1.9,2.8,.094,23,Chris Chiozza
14.8,2.3,2.4,16.3,0.3,1.0,.694,.236,7,212,5.8,0.4,1.4,15.3,2.0,9.1,11.0,.528,Gary Clark,16.3,0.4,0.6,.146,24,Gary Clark
11.1,2.8,2.2,16.4,2.4,3.2,.282,.269,42,1115,4.6,0.9,-0.9,15.3,2.9,11.9,10.4,.536,Antonius Cleveland,18.6,2.0,3.3,.141,24,Antonius Cleveland
0.0,2.0,-10.8,30.4,0.1,-3.4,.400,.000,3,40,8.4,0.0,-7.3,7.3,2.4,9.1,19.4,.350,Jeffrey Coby,11.6,-0.1,0.0,.011,,Jeffrey Coby
,,,,,,,,,,,,,,,,,,,,,,,,
15.5,1.8,3.0,16.4,1.5,3.5,.228,.212,29,871,8.3,0.5,-0.5,14.8,3.0,17.7,12.3,.521,Kyle Collinsworth,16.4,1.8,2.0,.109,27,Kyle Collinsworth
6.9,3.0,-0.4,18.3,1.2,-0.3,.367,.206,46,1418,5.6,1.4,-0.1,16.1,1.3,8.6,11.8,.543,Bonzie Colson,20.3,0.9,2.6,.088,23,Bonzie Colson
6.0,1.8,-2.1,13.2,0.3,-1.0,.356,.142,23,754,5.4,0.2,-1.0,12.7,1.4,8.6,9.2,.499,Bonzie Colson,19.3,0.0,0.5,.034,23,Bonzie Colson
7.8,4.3,1.5,24.2,0.8,0.6,.379,.279,23,664,5.8,1.2,0.9,19.9,1.2,8.5,14.8,.589,Bonzie Colson,21.5,1.0,2.1,.149,23,Bonzie Colson
5.2,4.6,-2.1,18.5,0.4,0.7,.011,.701,27,372,12.3,0.5,-2.8,13.7,0.8,16.2,15.3,.562,Chance Comanche,15.8,0.0,0.9,.111,22,Chance Comanche
10.3,1.2,-0.5,10.0,0.7,-0.7,.364,.278,40,1263,3.8,1.3,0.2,13.5,1.7,11.8,7.0,.564,Charles Cooke,19.0,0.8,2.0,.076,24,Charles Cooke
7.6,2.3,2.6,23.6,2.0,3.0,.015,.262,45,1115,18.4,1.6,-0.4,18.7,3.0,14.0,21.0,.528,Derek Cooke Jr.,15.9,2.1,3.7,.159,27,Derek Cooke Jr.
7.1,2.2,3.6,26.3,1.3,2.9,.015,.278,25,664,18.0,1.5,0.7,20.4,2.6,12.1,22.1,.569,Derek Cooke Jr.,15.5,1.5,2.9,.206,27,Derek Cooke Jr.
8.4,2.4,1.2,19.6,0.7,3.1,.015,.237,20,451,19.1,0.1,-2.0,16.0,3.5,16.7,19.4,.467,Derek Cooke Jr.,16.6,0.6,0.8,.089,27,Derek Cooke Jr.
17.1,0.5,-4.7,10.0,0.2,-0.6,.522,.239,17,168,1.9,-0.2,-4.2,6.3,2.0,16.4,6.0,.403,Tyrell Corbin,15.0,-0.2,0.0,-0.003,,Tyrell Corbin
,,,,,,,,,,,,,,,,,,,,,,,,
17.4,0.5,-4.5,10.2,0.2,-0.6,.522,.239,16,165,1.9,-0.1,-3.9,6.8,2.0,15.0,6.1,.403,Tyrell Corbin,15.0,-0.2,0.0,.005,,Tyrell Corbin
0.0,0.0,-20.2,0.0,0.0,0.1,,,1,3,0.0,0.0,-20.3,-21.8,0.0,100.0,0.0,,Tyrell Corbin,14.4,0.0,0.0,-0.469,,Tyrell Corbin
29.5,0.4,0.5,13.1,1.2,-0.5,.339,.117,39,1202,2.1,1.4,1.0,15.6,1.8,13.1,7.6,.522,Isaiah Cousins,22.7,1.2,2.6,.104,24,Isaiah Cousins
10.6,2.0,-2.8,15.6,0.3,2.5,.057,.629,26,143,8.1,-0.2,-5.3,9.4,3.0,32.0,11.7,.582,Jaleel Cousins,19.2,-0.1,0.1,.046,25,Jaleel Cousins
9.9,0.8,-1.8,11.5,1.2,-0.5,.391,.168,47,1142,2.8,0.0,-1.3,11.8,2.4,11.2,7.3,.496,Markel Crawford,20.4,0.1,1.2,.049,24,Markel Crawford
11.0,0.5,2.7,9.8,1.5,0.8,.144,.396,41,1251,7.9,2.8,1.9,16.8,1.5,11.7,8.9,.610,Mitchell Creek,18.1,2.5,4.3,.166,26,Mitchell Creek
6.9,6.2,-1.8,19.3,0.1,0.7,.341,.182,8,141,11.0,0.1,-2.5,12.5,0.3,7.8,15.0,.452,DeAndre Daniels,15.2,0.0,0.2,.051,26,DeAndre Daniels
4.0,0.0,-3.5,6.8,0.0,-1.6,.000,1.000,2,30,13.8,0.0,-1.8,3.9,0.0,25.8,10.2,.521,A.J. Davis,5.3,0.0,0.0,.043,31,A.J. Davis
7.7,5.2,2.4,26.3,2.4,4.2,.009,.070,43,1007,8.8,1.3,-1.9,17.9,1.9,14.0,17.3,.597,Deyonta Davis,17.0,1.8,3.7,.176,22,Deyonta Davis
10.3,1.4,-1.3,19.4,0.8,0.2,.234,.174,41,711,4.8,0.7,-1.4,13.4,1.6,13.0,12.1,.560,Devin Davis,16.5,0.2,1.5,.099,23,Devin Davis
,,,,,,,,,,,,,,,,,,,,,,,,
8.5,1.9,-2.4,21.5,0.3,0.8,.031,.219,22,230,7.1,0.1,-3.2,12.2,2.0,17.6,14.2,.542,Mike Davis,15.4,0.0,0.3,.070,30,Mike Davis
26.0,0.0,-4.0,17.8,0.1,-0.7,.453,.226,9,140,3.8,-0.1,-3.3,11.1,2.1,17.1,10.9,.429,Trey Davis,21.6,-0.1,0.0,.001,25,Trey Davis
10.3,6.0,6.3,23.0,0.6,2.3,.000,.474,15,401,23.6,1.7,4.0,28.7,1.1,12.3,23.3,.624,Tyler Davis,24.4,1.4,2.3,.279,21,Tyler Davis
7.5,3.8,-0.2,15.1,0.2,1.3,.075,.025,10,115,10.5,0.2,-1.5,15.1,0.4,11.0,12.9,.569,Will Davis,15.3,0.1,0.3,.130,26,Will Davis
14.1,1.4,-2.4,9.4,0.4,0.4,.670,.044,29,365,2.8,-0.2,-2.8,6.4,1.7,19.2,6.1,.480,John Dawson,13.0,-0.1,0.3,.033,23,John Dawson
9.8,1.2,-7.4,11.8,0.2,-1.0,.184,.184,16,211,4.6,-0.4,-6.3,6.8,1.4,21.9,8.2,.475,Quenton DeCosey,21.3,-0.5,-0.2,-0.053,,Quenton DeCosey
8.3,0.7,-8.1,9.9,0.1,-0.9,.189,.189,8,135,2.5,-0.3,-7.2,3.3,1.1,31.0,6.2,.511,Quenton DeCosey,18.3,-0.3,-0.2,-0.082,,Quenton DeCosey
12.4,2.2,-6.1,15.1,0.1,-1.2,.179,.179,8,76,8.4,-0.1,-4.8,13.1,1.9,10.6,11.8,.440,Quenton DeCosey,26.7,-0.1,0.0,-0.001,,Quenton DeCosey
12.7,2.5,3.7,33.4,1.9,1.8,.054,.298,44,1471,13.6,3.5,1.9,23.4,1.0,17.0,23.9,.633,Angel Delgado,22.4,3.5,5.4,.177,24,Angel Delgado
15.2,0.9,0.8,11.4,1.5,0.9,.285,.361,50,1535,4.5,1.7,-0.1,12.8,1.8,14.8,8.0,.550,Cody Demps,17.0,1.8,3.2,.101,25,Cody Demps
,,,,,,,,,,,,,,,,,,,,,,,,
9.9,0.0,-1.1,5.0,0.0,-4.6,.670,.364,7,198,1.0,0.5,3.5,17.0,1.9,8.1,2.9,.598,Justin Dentmon,23.3,0.1,0.5,.120,33,Justin Dentmon
3.8,0.3,-3.3,12.6,0.2,-2.3,.567,.183,43,763,3.5,0.5,-1.0,10.0,1.3,13.4,7.9,.557,Demetrius Denzel-Dyson,16.1,-0.4,0.7,.046,23,Demetrius Denzel-Dyson
10.4,1.9,1.1,17.1,1.6,0.6,.420,.181,35,953,5.4,1.3,0.5,15.7,1.3,13.3,11.1,.585,Marcus Derrickson,20.8,1.2,2.9,.144,22,Marcus Derrickson
7.0,3.0,0.3,16.4,0.3,0.0,.237,.268,6,179,10.3,0.3,0.3,20.6,2.9,7.7,13.4,.530,Hamidou Diallo,27.2,0.2,0.6,.157,20,Hamidou Diallo
10.8,2.8,-3.2,9.2,0.1,-0.9,.510,.235,4,112,6.1,-0.2,-2.3,12.5,2.5,24.2,7.6,.542,Donte DiVincenzo,26.9,-0.1,-0.1,-0.045,22,Donte DiVincenzo
0.0,3.4,-6.1,14.6,0.1,-2.6,.000,.302,10,179,9.2,0.2,-3.5,11.7,1.1,9.3,11.8,.575,Asauhn Dixon-Tatum,12.5,-0.3,0.3,.072,,Asauhn Dixon-Tatum
13.4,0.9,-4.7,13.6,0.4,-1.0,.484,.179,29,726,1.5,-0.7,-3.7,8.1,1.1,15.9,7.4,.488,Daniel Dixon,18.7,-0.8,-0.2,-0.015,24,Daniel Dixon
2.7,0.8,-3.0,10.6,0.1,-2.9,.476,.357,12,113,4.7,0.2,-0.1,15.9,2.1,14.1,7.6,.648,Dikembe Dixson,21.2,0.0,0.3,.115,,Dikembe Dixson
3.2,0.0,-5.3,4.5,0.1,-1.2,.375,.188,6,46,4.5,0.0,-4.1,9.5,3.1,14.8,4.5,.520,Dikembe Dixson,19.3,-0.1,0.0,.026,,Dikembe Dixson
2.3,1.3,-1.5,14.8,0.0,-4.1,.538,.462,6,67,4.8,0.2,2.6,20.3,1.4,13.8,9.8,.719,Dikembe Dixson,22.5,0.0,0.2,.176,,Dikembe Dixson
,,,,,,,,,,,,,,,,,,,,,,,,
22.7,2.1,6.4,20.6,0.2,0.0,.425,.379,5,159,2.0,0.7,6.4,29.8,2.7,10.6,11.5,.655,Tyler Dorsey,29.6,0.6,1.0,.294,22,Tyler Dorsey
24.5,1.4,7.0,19.1,0.2,-0.2,.477,.292,4,115,1.0,0.5,7.2,29.7,2.9,12.0,10.2,.661,Tyler Dorsey,30.2,0.4,0.7,.286,22,Tyler Dorsey
17.9,3.7,4.8,24.7,0.1,0.6,.273,.636,1,44,4.7,0.2,4.1,30.2,2.1,6.6,15.0,.639,Tyler Dorsey,28.1,0.1,0.3,.317,22,Tyler Dorsey
31.0,1.6,1.9,15.4,1.7,0.4,.285,.253,46,1624,4.1,1.3,1.5,18.4,1.7,14.6,9.8,.530,PJ Dozier,28.4,2.6,3.0,.089,22,PJ Dozier
7.8,0.5,-3.7,12.3,0.1,-0.3,.231,.051,14,158,4.0,0.0,-3.4,8.5,2.7,13.1,8.2,.476,Terrence Drisdom,12.0,-0.1,0.1,.035,26,Terrence Drisdom
0.0,0.0,-14.1,11.9,0.0,-3.8,.222,.000,5,44,7.5,-0.2,-10.4,-4.2,0.0,18.2,9.7,.111,Terrence Drisdom,10.4,-0.2,-0.1,-0.162,26,Terrence Drisdom
10.7,0.7,0.3,12.4,0.1,1.1,.233,.067,9,114,2.7,0.1,-0.8,13.5,3.7,11.5,7.6,.583,Terrence Drisdom,12.6,0.1,0.3,.112,26,Terrence Drisdom
6.3,1.0,-0.5,14.8,0.4,-1.7,.440,.435,31,586,6.1,1.2,1.2,14.6,1.2,8.8,10.4,.593,Duje Dukan,17.7,0.4,1.6,.129,27,Duje Dukan
6.7,0.0,-5.2,6.2,0.0,1.4,.333,.000,3,17,6.4,0.0,-6.6,-0.6,2.8,0.0,6.3,.000,Duje Dukan,7.3,0.0,0.0,-0.066,27,Duje Dukan
6.3,1.1,-0.4,15.1,0.3,-1.8,.441,.441,28,569,6.1,1.3,1.4,15.1,1.2,8.9,10.5,.601,Duje Dukan,18.0,0.4,1.6,.135,27,Duje Dukan
,,,,,,,,,,,,,,,,,,,,,,,,
4.7,0.3,-0.2,9.0,0.4,-1.6,.640,.228,50,1071,2.3,1.8,1.5,11.5,1.4,10.5,5.7,.648,Kellen Dunham,12.9,0.8,2.2,.097,25,Kellen Dunham
17.8,0.3,-4.3,8.7,0.4,-1.9,.302,.242,39,1102,1.4,-1.0,-2.4,10.3,1.9,16.0,5.0,.486,Trevon Duval,22.0,-1.1,-0.6,-0.026,20,Trevon Duval
9.1,1.3,-0.6,11.8,0.8,0.0,.630,.094,31,948,5.5,0.6,-0.6,9.4,1.1,9.9,8.6,.488,Vincent Edwards,14.3,0.5,1.4,.070,22,Vincent Edwards
13.3,3.1,1.0,34.7,0.5,1.1,.440,.532,8,257,3.6,0.4,-0.1,20.2,0.7,12.9,19.0,.569,Henry Ellenson,25.0,0.3,0.9,.169,22,Henry Ellenson
4.6,3.2,-0.5,21.5,1.2,-0.3,.481,.072,49,1170,8.7,1.7,-0.2,15.5,0.8,10.7,15.0,.605,Aaron Epps,17.2,0.7,2.9,.119,,Aaron Epps
9.1,8.4,4.0,26.0,1.0,2.4,.006,.346,32,799,8.5,2.6,1.7,27.5,0.9,13.9,17.3,.683,Drew Eubanks,23.4,2.0,3.7,.220,21,Drew Eubanks
32.1,0.8,-1.7,12.9,0.9,0.0,.179,.281,32,927,1.3,-0.1,-1.6,15.1,2.7,17.9,7.0,.518,Jawun Evans,26.3,0.1,0.8,.040,22,Jawun Evans
13.9,2.9,-1.9,12.4,0.9,1.3,.274,.177,21,548,1.9,-0.2,-3.3,11.7,1.7,15.7,7.0,.509,Jacob Evans,21.0,0.0,0.7,.062,21,Jacob Evans
16.9,0.4,-0.3,10.4,0.9,-0.7,.375,.354,45,1243,2.1,1.9,0.4,13.5,1.6,13.9,6.2,.570,Keenan Evans,17.3,0.9,2.8,.107,22,Keenan Evans
15.4,0.3,0.2,10.0,0.6,-0.7,.387,.323,21,671,2.0,1.0,0.9,13.9,1.4,12.4,6.0,.570,Keenan Evans,19.0,0.6,1.6,.112,22,Keenan Evans
,,,,,,,,,,,,,,,,,,,,,,,,
18.6,0.5,-0.9,10.8,0.3,-0.7,.355,.401,24,572,2.2,0.9,-0.2,13.1,2.0,16.0,6.5,.570,Keenan Evans,15.3,0.3,1.2,.101,22,Keenan Evans
14.2,3.2,3.4,18.1,2.3,3.2,.219,.393,46,1412,5.7,2.6,0.2,18.1,1.9,10.6,11.9,.587,C.J. Fair,17.2,3.2,5.0,.169,27,C.J. Fair
29.1,0.1,-2.2,10.8,0.5,-2.4,.556,.111,45,1216,1.4,1.0,0.1,12.4,1.4,18.4,6.1,.524,Matt Farrell,19.2,-0.1,1.5,.057,22,Matt Farrell
30.6,1.2,1.6,10.9,0.5,-0.3,.398,.295,11,353,2.3,0.5,1.9,17.2,2.3,10.0,6.6,.500,Kay Felder,25.9,0.5,0.9,.128,23,Kay Felder
20.0,0.7,-2.0,6.5,0.5,-1.9,.500,.146,49,1354,0.8,1.1,-0.2,11.3,1.5,14.2,3.8,.521,Brandon Fields,17.0,0.0,1.6,.056,30,Brandon Fields
6.0,0.0,-5.9,8.4,0.1,-1.5,.833,.208,11,84,2.4,-0.1,-4.4,2.7,2.2,10.3,5.5,.363,Matthew Fisher-Davis,13.9,-0.1,0.0,-0.017,,Matthew Fisher-Davis
7.8,0.0,-7.8,25.3,0.0,-0.9,.750,.000,1,16,0.0,0.0,-6.9,-0.7,0.0,0.0,13.1,.250,Matthew Fisher-Davis,10.7,0.0,0.0,-0.026,,Matthew Fisher-Davis
5.5,0.0,-5.4,4.5,0.1,-1.6,.850,.250,10,68,3.0,-0.1,-3.8,3.6,2.7,11.9,3.7,.383,Matthew Fisher-Davis,14.7,-0.1,0.0,-0.015,,Matthew Fisher-Davis
7.9,1.3,-5.8,9.6,0.0,-1.8,.737,.000,9,70,0.0,-0.1,-4.0,4.1,0.7,24.0,4.8,.553,Tre'Shaun Fletcher,15.2,-0.1,0.0,-0.018,,Tre'Shaun Fletcher
0.0,5.8,-13.1,10.6,0.0,-4.3,.231,.462,1,31,3.6,0.0,-8.7,7.5,0.0,6.0,7.1,.416,Melvin Frazier,23.4,-0.1,0.0,-0.037,22,Melvin Frazier
,,,,,,,,,,,,,,,,,,,,,,,,
14.3,0.7,2.6,13.3,1.7,0.1,.581,.264,45,1498,3.7,3.0,2.5,15.9,2.1,12.7,8.5,.593,Michael Frazier,19.4,2.9,4.7,.150,24,Michael Frazier
31.1,0.3,-0.7,9.8,1.2,-1.1,.265,.280,49,1425,1.8,2.3,0.4,13.8,1.5,23.5,5.9,.616,Abdul Gaddy,14.4,0.8,3.5,.120,27,Abdul Gaddy
11.8,1.2,-5.2,6.5,0.0,-0.8,.250,.125,13,64,3.0,0.0,-4.4,5.4,1.4,37.2,4.7,.592,Kanellos Garbis,8.5,-0.1,0.0,-0.009,,Kanellos Garbis
9.2,0.4,-2.4,8.9,0.7,-1.1,.763,.068,42,683,0.9,-0.3,-1.3,7.9,2.0,12.6,4.9,.489,Shep Garner,17.8,-0.1,0.4,.027,,Shep Garner
18.9,0.4,-0.2,10.4,1.8,-0.9,.283,.293,48,1432,0.8,1.9,0.7,16.1,1.4,12.7,5.8,.572,Billy Garrett,23.8,1.1,3.7,.123,24,Billy Garrett
10.7,1.2,2.6,21.6,2.0,0.4,.764,.293,50,1299,3.9,2.2,2.3,16.9,1.7,8.6,12.8,.590,Kaiser Gates,19.8,2.5,4.2,.156,22,Kaiser Gates
8.6,0.8,-0.3,10.7,1.8,1.1,.592,.124,46,1205,1.9,0.5,-1.4,9.1,1.8,10.3,6.2,.516,Michael Gbinije,12.5,0.8,2.4,.094,26,Michael Gbinije
5.3,0.5,-2.9,10.7,0.3,-0.5,.398,.235,9,320,3.3,0.0,-2.4,10.4,2.1,15.6,7.1,.546,Marcus Georges-Hunt,17.2,-0.1,0.3,.038,24,Marcus Georges-Hunt
29.8,3.7,6.9,25.3,0.1,1.6,.162,.206,4,91,8.2,0.2,5.3,29.3,1.0,13.9,16.9,.614,Harry Giles,39.2,0.3,0.3,.172,20,Harry Giles
4.1,1.0,-3.3,10.6,0.1,-1.8,.053,.295,36,501,9.2,0.6,-1.4,10.8,0.7,11.8,9.9,.567,L.G. Gill,14.3,-0.3,0.7,.068,24,L.G. Gill
,,,,,,,,,,,,,,,,,,,,,,,,
27.1,0.4,-1.6,8.5,0.9,-2.2,.466,.562,46,1351,0.7,2.4,0.6,14.8,1.5,19.4,4.7,.607,John Gillon,19.1,0.2,3.3,.118,24,John Gillon
33.3,0.0,-3.6,7.5,0.2,-3.0,.402,.512,10,258,0.4,0.3,-0.6,14.5,1.4,23.0,3.9,.592,John Gillon,20.9,-0.2,0.5,.101,24,John Gillon
25.7,0.4,-1.1,8.8,0.7,-2.0,.481,.574,36,1093,0.8,2.1,0.9,14.9,1.5,18.5,4.9,.611,John Gillon,18.6,0.4,2.8,.122,24,John Gillon
5.9,5.6,0.5,14.5,1.2,2.3,.464,.393,50,648,6.4,0.3,-1.8,12.5,1.3,13.0,10.6,.538,Gyorgy Goloman,16.3,0.7,1.5,.109,,Gyorgy Goloman
21.4,2.0,0.0,14.0,0.9,0.2,.249,.408,29,857,4.7,0.5,-0.2,17.9,2.0,13.2,9.4,.526,Archie Goodwin,27.1,0.7,1.4,.080,24,Archie Goodwin
22.4,0.4,3.3,16.7,0.8,-0.4,.344,.234,27,955,3.9,2.1,3.7,20.9,2.0,11.6,10.3,.582,Brandon Goodwin,24.6,2.1,2.9,.145,23,Brandon Goodwin
23.2,0.5,3.5,17.8,0.4,0.0,.347,.226,16,623,4.9,1.2,3.5,19.7,1.8,11.7,11.2,.563,Brandon Goodwin,23.2,1.4,1.6,.125,23,Brandon Goodwin
21.0,0.3,3.0,14.8,0.4,-1.1,.339,.247,11,332,2.0,0.9,4.1,23.2,2.3,11.5,8.5,.612,Brandon Goodwin,27.3,0.7,1.3,.185,23,Brandon Goodwin
8.0,1.8,0.1,26.8,1.0,0.9,.153,.349,35,566,14.4,0.9,-0.9,17.5,1.0,10.4,20.7,.533,Drew Gordon,18.4,0.5,1.8,.156,28,Drew Gordon
22.3,0.0,3.2,11.9,0.5,-1.1,.542,.246,13,441,2.1,0.8,4.3,20.2,2.2,12.1,7.0,.579,Devonte' Graham,27.9,1.0,1.3,.141,23,Devonte' Graham
,,,,,,,,,,,,,,,,,,,,,,,,
5.9,0.0,3.0,22.3,0.1,1.6,.455,.364,1,26,7.7,0.0,1.4,22.5,5.2,19.0,15.2,.666,Treveon Graham,23.5,0.1,0.1,.188,25,Treveon Graham
10.1,1.2,1.3,21.2,1.3,0.9,.587,.147,34,902,4.6,0.9,0.4,13.9,1.9,11.0,13.1,.537,Donte Grantham,17.2,1.2,2.1,.113,23,Donte Grantham
4.5,4.4,6.5,8.8,0.1,-0.2,.000,1.400,5,33,27.4,0.2,6.6,30.3,1.4,15.7,17.9,.774,Kendall Gray,22.5,0.1,0.3,.386,26,Kendall Gray
18.0,1.2,0.0,10.3,0.5,-1.8,.297,.283,46,1278,2.7,2.4,1.8,18.2,1.7,10.8,6.4,.549,Rob Gray,25.8,1.0,3.0,.111,24,Rob Gray
9.6,0.8,-4.3,7.1,0.1,-1.4,.185,.288,39,847,2.6,-0.2,-2.9,7.2,1.3,23.0,4.9,.552,Jordan Green,13.4,-0.8,-0.1,-0.005,25,Jordan Green
6.5,2.5,-0.2,16.9,0.2,-1.3,.000,.300,25,264,18.5,0.7,1.2,20.9,0.9,10.3,17.7,.610,Derrick Griffin,19.3,0.2,0.9,.167,,Derrick Griffin
7.0,4.0,0.4,20.6,0.8,0.9,.005,.424,33,602,9.3,1.3,-0.5,19.5,1.1,17.6,14.9,.674,Isaac Haas,20.9,0.6,2.1,.166,23,Isaac Haas
10.0,0.4,-2.6,5.5,0.1,-2.4,.672,.060,10,211,1.0,0.2,-0.2,8.9,0.9,6.8,3.3,.531,Devon Hall,14.5,-0.1,0.3,.074,,Devon Hall
15.1,2.6,-0.5,16.1,1.2,0.8,.337,.198,47,864,5.7,0.6,-1.3,14.1,1.1,13.8,10.9,.554,Ferrakohn Hall,20.5,0.5,1.8,.099,28,Ferrakohn Hall
30.8,1.1,-1.2,27.6,0.2,0.1,.304,.101,5,147,4.9,0.0,-1.2,15.6,0.3,18.2,16.5,.520,Daniel Hamilton,24.5,0.1,0.2,.060,23,Daniel Hamilton
,,,,,,,,,,,,,,,,,,,,,,,,
12.9,0.0,-8.9,30.4,0.0,-0.9,.333,.000,1,10,10.2,0.0,-7.9,4.2,0.0,25.0,20.3,.333,Daniel Hamilton,15.8,0.0,0.0,-0.056,23,Daniel Hamilton
32.2,1.2,-0.6,27.4,0.1,0.1,.303,.106,4,137,4.6,0.0,-0.7,16.5,0.3,17.8,16.3,.528,Daniel Hamilton,25.1,0.1,0.2,.069,23,Daniel Hamilton
15.5,0.6,-5.7,14.6,0.3,-0.6,.419,.161,31,319,3.3,-0.5,-5.1,6.4,1.8,16.0,8.8,.382,Isaac Hamilton,16.1,-0.5,-0.2,-0.037,24,Isaac Hamilton
8.0,8.7,4.9,21.3,2.1,4.6,.008,.413,49,1189,15.9,2.6,0.3,21.9,0.7,16.4,18.6,.609,Johnny Hamilton,18.8,3.4,4.7,.190,24,Johnny Hamilton
7.8,0.3,-2.4,6.2,0.5,-3.4,.387,.225,49,1254,1.2,2.1,1.0,14.4,0.8,11.0,3.8,.601,Dusty Hannahs,22.0,-0.2,2.6,.098,25,Dusty Hannahs
13.5,1.1,-1.2,12.9,0.4,-2.0,.562,.139,35,789,5.2,0.9,0.8,13.0,0.7,8.7,8.9,.521,Justin Harper,20.1,0.3,1.3,.079,29,Justin Harper
18.2,4.9,7.5,30.6,1.5,3.7,.191,.400,26,842,16.2,2.7,3.9,26.2,0.9,18.2,23.4,.661,Isaiah Hartenstein,22.0,3.3,4.2,.238,20,Isaiah Hartenstein
18.3,0.4,2.6,9.9,1.0,-1.5,.500,.214,38,1059,1.9,2.5,4.1,19.0,2.2,13.4,6.0,.622,Tyler Harvey,23.5,2.0,3.5,.158,25,Tyler Harvey
23.7,5.4,6.5,25.3,0.4,3.5,.421,.305,9,223,5.9,0.6,3.0,23.0,2.3,12.9,15.3,.594,Spencer Hawes,22.4,0.8,1.0,.207,,Spencer Hawes
4.1,0.0,-10.3,6.2,0.0,-3.2,.000,.167,5,34,9.1,-0.1,-7.1,4.2,0.0,13.4,7.6,.388,Randy Haynes,18.2,-0.1,0.0,-0.063,,Randy Haynes
,,,,,,,,,,,,,,,,,,,,,,,,
7.2,0.7,-0.5,14.4,0.8,-1.0,.708,.235,40,1133,2.3,1.3,0.5,10.6,0.5,14.1,8.4,.612,Reggie Hearn,15.8,0.7,2.1,.089,27,Reggie Hearn
11.2,0.0,-10.6,5.8,0.0,-4.3,.500,.250,5,95,1.2,-0.3,-6.3,0.4,1.0,14.5,3.5,.338,Corey Henderson,18.4,-0.3,-0.3,-0.130,,Corey Henderson
10.1,5.5,5.4,22.3,1.4,3.3,.599,.162,32,727,8.8,1.2,2.2,19.4,2.6,9.9,15.7,.553,Kevin Hervey,20.2,2.3,2.6,.171,22,Kevin Hervey
4.2,0.7,-2.9,5.9,0.0,-1.7,.711,.114,17,437,0.9,0.1,-1.3,6.8,1.3,8.4,3.3,.514,A.J. Hess,12.1,-0.2,0.1,.015,,A.J. Hess
9.8,0.6,-0.6,12.1,0.5,0.2,.528,.125,37,756,4.2,0.7,-0.8,10.1,1.9,12.3,8.0,.549,Robert Heyer,11.3,0.4,1.2,.078,26,Robert Heyer
9.2,0.0,-5.4,15.0,0.1,2.0,.462,.154,7,54,0.0,-0.2,-7.4,1.9,3.6,17.8,7.8,.288,Nate Hickman,13.4,-0.1,-0.1,-0.052,,Nate Hickman
13.0,5.3,2.1,18.6,1.6,3.1,.192,.301,27,810,6.6,0.4,-1.0,18.1,1.5,16.7,12.8,.564,Isaiah Hicks,25.1,1.4,2.0,.119,24,Isaiah Hicks
5.0,0.6,-1.1,14.5,0.5,-1.9,.281,.339,48,1563,7.9,2.8,0.8,15.3,1.0,10.2,11.1,.562,Stephan Hicks,19.3,0.6,3.3,.102,26,Stephan Hicks
10.5,1.3,0.7,15.1,1.0,0.4,.452,.223,46,1485,6.6,1.3,0.3,13.2,1.7,12.8,10.9,.529,Haywood Highsmith,16.9,1.7,2.3,.075,22,Haywood Highsmith
20.5,1.3,0.5,10.7,0.7,-1.0,.543,.105,44,768,3.0,1.3,1.5,15.5,2.0,10.9,6.9,.551,Jeremiah Hill,17.7,0.8,2.0,.123,,Jeremiah Hill
,,,,,,,,,,,,,,,,,,,,,,,,
7.4,3.2,0.3,13.4,0.8,-0.1,.693,.107,43,1049,2.4,0.8,0.3,13.1,1.6,12.4,8.0,.568,D.J. Hogg,18.0,1.0,1.6,.073,,D.J. Hogg
8.3,0.6,-2.9,10.7,0.5,-0.7,.282,.163,38,789,5.1,0.0,-2.3,9.9,1.9,14.8,7.9,.509,Demarcus Holland,16.7,-0.3,0.5,.032,24,Demarcus Holland
5.2,0.5,-4.4,12.5,0.2,-0.8,.234,.271,12,340,3.6,-0.1,-3.6,8.6,1.7,13.7,7.9,.505,Demarcus Holland,16.5,-0.3,0.1,.021,24,Demarcus Holland
10.6,0.7,-1.8,9.3,0.3,-0.5,.317,.083,26,449,6.3,0.1,-1.3,10.9,2.0,15.7,7.8,.512,Demarcus Holland,16.8,0.0,0.4,.040,24,Demarcus Holland
11.3,0.4,0.0,9.1,0.5,-2.5,.569,.385,40,1164,2.3,2.0,2.5,15.7,2.3,13.8,5.7,.594,John Holland,22.3,1.0,2.5,.105,30,John Holland
2.7,0.0,-5.8,0.0,0.0,-4.5,.583,.083,2,57,0.0,0.0,-1.3,10.9,2.6,10.8,0.0,.563,John Holland,21.1,-0.1,0.0,.022,30,John Holland
11.7,0.4,0.3,9.6,0.5,-2.4,.568,.401,38,1107,2.4,2.0,2.7,16.0,2.3,13.9,6.0,.596,John Holland,22.4,1.1,2.5,.109,30,John Holland
39.2,1.6,-0.9,9.6,0.9,0.8,.220,.307,30,809,2.1,0.1,-1.7,14.1,4.4,27.7,5.8,.468,Tra-Deon Hollins,16.4,0.4,1.0,.059,23,Tra-Deon Hollins
10.8,2.9,-0.2,16.9,1.2,0.1,.416,.213,49,1138,7.3,1.1,-0.3,14.9,1.2,12.1,12.2,.550,Jeremy Hollowell,20.2,0.9,2.3,.097,24,Jeremy Hollowell
16.0,0.8,1.0,12.9,1.1,-0.4,.280,.226,35,981,3.0,1.5,1.4,18.0,1.9,13.5,8.1,.595,Scotty Hopson,23.8,1.2,2.6,.127,29,Scotty Hopson
,,,,,,,,,,,,,,,,,,,,,,,,
7.9,2.4,0.3,28.7,0.6,2.4,.177,.210,21,369,13.1,0.3,-2.1,11.6,0.8,24.5,20.8,.569,Jon Horford,10.1,0.4,0.9,.120,27,Jon Horford
13.0,1.4,-1.7,7.3,0.1,-1.6,.753,.137,22,298,1.4,0.3,-0.1,9.6,1.6,18.0,4.2,.594,Je'Lon Hornbeak,13.0,0.0,0.4,.062,,Je'Lon Hornbeak
7.9,0.3,0.2,8.2,0.2,-1.8,.410,.214,46,1273,2.2,2.7,2.0,15.1,1.8,8.2,5.1,.629,Keith Hornsby,16.0,1.2,2.9,.109,27,Keith Hornsby
16.4,1.5,0.6,11.9,0.6,-1.1,.546,.356,18,606,1.7,1.1,1.6,16.9,1.7,12.3,6.8,.566,Danuel House,24.5,0.7,1.7,.134,25,Danuel House
19.1,0.0,-0.9,10.2,0.5,-2.3,.524,.204,26,535,0.6,0.9,1.3,15.1,1.5,12.2,5.3,.585,Jordan Howard,21.6,0.2,1.3,.121,,Jordan Howard
22.1,0.0,-2.6,6.2,0.0,-3.0,.533,.533,4,53,1.9,0.1,0.4,13.5,2.7,0.0,4.0,.459,Jordan Howard,14.5,0.0,0.1,.108,,Jordan Howard
18.7,0.0,-0.7,10.6,0.5,-2.2,.524,.181,22,482,0.4,0.8,1.4,15.2,1.4,13.0,5.5,.595,Jordan Howard,22.4,0.3,1.2,.122,,Jordan Howard
18.0,0.3,-2.1,9.9,0.7,-1.9,.537,.216,49,1277,1.2,0.4,-0.2,11.3,1.7,15.2,5.5,.524,Pe'Shon Howard,19.8,0.0,1.1,.040,,Pe'Shon Howard
5.4,2.9,-3.5,11.9,0.3,-0.8,.569,.057,27,765,4.7,-0.7,-2.7,7.0,1.1,14.0,8.3,.440,Josh Huestis,16.1,-0.5,-0.4,-0.025,27,Josh Huestis
7.2,3.6,-0.8,22.9,1.5,0.8,.207,.156,46,1005,9.0,0.9,-1.5,17.7,1.6,14.4,16.1,.585,Isaac Humphries,21.2,0.5,2.3,.111,21,Isaac Humphries
,,,,,,,,,,,,,,,,,,,,,,,,
18.1,2.7,1.2,14.7,1.8,0.4,.573,.262,44,1448,1.6,0.7,0.8,15.9,2.2,13.5,8.3,.545,R.J. Hunter,24.8,1.9,2.5,.082,25,R.J. Hunter
16.9,3.1,-1.7,14.8,0.8,0.4,.569,.160,22,718,1.0,-0.7,-2.1,11.2,1.6,16.1,8.0,.496,R.J. Hunter,23.4,0.1,0.1,.006,25,R.J. Hunter
19.3,2.3,4.0,14.6,1.0,0.4,.577,.348,22,730,2.1,1.4,3.6,20.6,2.7,11.3,8.5,.585,R.J. Hunter,26.2,1.8,2.4,.157,25,R.J. Hunter
5.8,0.4,-2.4,10.6,0.4,-1.6,.571,.167,37,903,1.9,0.7,-0.9,9.8,1.3,6.7,6.1,.531,Andre Ingram,14.8,-0.2,1.2,.062,33,Andre Ingram
5.2,0.1,-3.9,11.4,0.1,-1.9,.586,.121,42,642,4.2,0.1,-2.0,7.3,1.2,7.3,7.7,.469,Donte Ingram,11.5,-0.5,0.2,.012,22,Donte Ingram
4.3,0.0,-5.4,3.3,0.0,-3.9,.375,.500,3,32,0.0,0.1,-1.5,9.1,0.0,17.0,1.7,.717,Uchenna Iroegbu,15.2,0.0,0.1,.099,,Uchenna Iroegbu
13.0,0.4,2.0,20.3,1.6,2.0,.036,.199,30,974,6.9,1.4,0.0,15.9,1.5,13.1,13.9,.581,Zak Irvin,15.5,1.6,3.0,.146,,Zak Irvin
2.0,1.1,-5.0,12.5,0.2,-0.6,.614,.140,20,252,6.2,-0.3,-4.4,3.6,1.7,9.0,9.3,.355,Mareik Isom,11.1,-0.3,0.0,-0.005,,Mareik Isom
1.9,0.0,-7.0,18.1,0.0,-2.1,.615,.308,6,63,10.8,-0.1,-4.9,3.5,1.5,6.3,14.3,.271,Mareik Isom,10.1,-0.1,0.0,-0.026,,Mareik Isom
2.1,1.5,-4.3,10.7,0.2,-0.1,.614,.091,14,189,4.7,-0.2,-4.2,3.7,1.8,9.9,7.7,.382,Mareik Isom,11.4,-0.2,0.0,.002,,Mareik Isom
,,,,,,,,,,,,,,,,,,,,,,,,
10.2,0.9,-4.0,8.7,0.3,-3.1,.218,.173,28,777,2.9,0.6,-0.9,15.5,2.1,7.6,5.8,.507,Lonnie Walker IV,27.0,-0.6,0.9,.053,,Lonnie Walker IV
37.6,0.0,-4.7,18.0,0.0,-2.2,.176,.118,1,29,0.0,0.0,-2.5,17.0,1.6,25.1,9.2,.587,Jarrett Jack,34.2,0.0,0.0,-0.015,,Jarrett Jack
2.5,2.2,-7.2,19.5,0.1,-1.1,.093,.204,9,167,6.7,-0.1,-6.1,8.1,1.1,13.3,12.9,.467,Kadeem Jack,16.4,-0.4,0.0,.007,26,Kadeem Jack
31.3,0.5,-0.5,9.4,0.1,-2.1,.398,.260,8,280,4.1,0.4,1.6,16.1,1.7,18.4,6.8,.551,Demetrius Jackson,24.7,0.2,0.5,.090,24,Demetrius Jackson
15.5,1.3,-1.0,6.6,0.0,-4.5,.325,.250,4,133,3.9,0.3,3.6,21.8,1.1,10.1,5.2,.602,Frank Jackson,30.8,0.1,0.3,.123,20,Frank Jackson
6.6,2.5,-3.6,15.8,0.2,0.1,.592,.143,10,181,7.3,-0.2,-3.7,7.1,1.4,18.7,11.5,.432,Justin Jackson,15.4,-0.1,0.0,-0.009,21,Justin Jackson
0.0,0.0,-16.2,0.0,0.0,1.0,,,2,7,0.0,-0.1,-17.2,-16.5,0.0,100.0,0.0,,Parker Jackson-Cartwright,12.3,0.0,-0.1,-0.371,,Parker Jackson-Cartwright
16.3,1.8,4.6,23.8,1.3,1.3,.009,.326,34,1129,13.5,3.8,3.3,23.8,1.2,12.3,18.7,.617,Amile Jefferson,21.9,3.1,5.1,.216,25,Amile Jefferson
4.9,1.7,-2.5,15.6,0.3,-1.7,.635,.288,22,526,6.1,0.3,-0.7,11.1,0.8,11.5,10.9,.530,Cory Jefferson,17.0,-0.1,0.6,.055,28,Cory Jefferson
15.6,0.2,1.4,9.9,0.8,-2.1,.435,.238,21,750,1.0,1.6,3.5,19.7,1.4,11.1,5.6,.608,John Jenkins,27.3,1.1,2.5,.157,27,John Jenkins
,,,,,,,,,,,,,,,,,,,,,,,,
16.5,0.1,1.9,10.0,0.8,-1.7,.410,.236,19,680,1.1,1.5,3.6,20.0,1.6,11.4,5.7,.608,John Jenkins,27.6,1.1,2.3,.161,27,John Jenkins
6.7,1.3,-2.8,9.4,0.0,-5.6,.686,.257,2,70,0.0,0.2,2.7,17.4,0.0,7.1,4.7,.616,John Jenkins,24.9,0.0,0.2,.119,27,John Jenkins
8.4,2.8,1.0,13.3,0.8,-0.2,.660,.155,41,779,3.0,1.4,1.1,14.5,1.4,10.9,8.2,.643,Sheldon Jeter,15.8,1.0,2.2,.136,,Sheldon Jeter
14.3,1.0,3.4,26.9,1.0,0.6,.199,.203,31,1136,12.7,2.6,2.8,21.1,1.2,12.8,19.6,.570,Alize Johnson,21.6,2.5,3.6,.152,22,Alize Johnson
0.0,1.5,-10.3,9.9,0.0,-6.6,.211,.211,2,51,14.2,0.0,-3.7,13.0,0.0,27.8,12.0,.674,Amir Johnson,23.2,-0.2,0.0,-0.010,31,Amir Johnson
6.3,1.5,0.7,13.8,1.2,-0.5,.380,.251,39,1162,4.6,1.9,1.2,17.1,2.3,11.4,9.2,.599,BJ Johnson,21.1,1.3,3.1,.128,23,BJ Johnson
18.5,1.0,2.7,12.1,0.9,-1.1,.353,.376,46,1595,2.2,3.6,3.8,20.4,2.0,13.4,7.0,.608,Darius Johnson-Odom,26.0,3.1,4.5,.136,29,Darius Johnson-Odom
9.6,2.2,2.0,17.0,0.3,-0.8,.310,.296,21,345,11.5,0.9,2.7,20.7,1.8,7.0,14.2,.570,Jaylen Johnson,21.2,0.6,1.2,.163,22,Jaylen Johnson
28.1,0.3,-4.7,7.5,0.5,-2.1,.595,.225,29,606,1.3,0.1,-2.5,8.7,1.9,22.1,4.4,.471,Jordan Johnson,16.0,-0.7,0.6,.048,,Jordan Johnson
23.3,1.1,-2.4,11.5,0.6,-1.0,.350,.255,37,1319,2.1,-0.4,-1.4,10.9,1.8,16.6,6.8,.472,Nick Johnson,20.6,-0.2,0.2,.006,26,Nick Johnson
,,,,,,,,,,,,,,,,,,,,,,,,
21.0,1.3,-2.6,12.2,0.3,-0.4,.400,.228,17,600,1.3,-0.3,-2.2,9.1,1.5,15.7,6.6,.447,Nick Johnson,15.9,-0.1,0.0,-0.004,26,Nick Johnson
25.3,1.0,-2.2,10.9,0.3,-1.5,.322,.270,20,719,2.8,-0.1,-0.7,12.5,2.0,17.1,6.9,.486,Nick Johnson,24.6,0.0,0.2,.015,26,Nick Johnson
7.9,5.1,4.4,19.4,0.9,3.6,.000,.336,32,554,11.7,1.3,0.8,18.8,2.4,13.9,15.6,.632,Nino Johnson,14.0,1.5,2.2,.189,,Nino Johnson
8.4,0.0,-7.8,6.2,0.0,-3.3,.294,.118,4,36,2.9,0.0,-4.5,9.1,2.7,10.1,4.5,.447,Nigel Johnson,23.6,-0.1,0.0,-0.030,,Nigel Johnson
0.0,0.0,-20.2,0.0,0.0,-8.1,.500,.000,1,7,0.0,0.0,-12.1,-5.1,0.0,20.0,0.0,.375,Nigel Johnson,29.6,-0.1,0.0,-0.319,,Nigel Johnson
10.4,0.0,-4.8,7.6,0.0,-2.1,.231,.154,3,29,3.7,0.0,-2.7,12.5,3.3,6.7,5.6,.468,Nigel Johnson,22.2,0.0,0.0,.040,,Nigel Johnson
6.7,1.7,0.4,14.7,0.7,-1.5,.615,.123,50,1379,4.9,2.1,2.0,15.1,1.4,8.4,9.6,.551,Omari Johnson,20.2,1.4,2.9,.099,29,Omari Johnson
13.0,0.2,-3.6,12.9,0.3,-1.8,.488,.137,47,961,0.7,-0.1,-1.9,9.6,1.4,12.3,6.6,.501,Robert Johnson,16.4,-0.7,0.2,.012,23,Robert Johnson
0.0,0.0,-7.2,13.1,0.0,-0.1,,,2,8,0.0,0.0,-7.1,1.5,0.0,,6.6,,Theo Johnson,0.0,0.0,0.0,.022,,Theo Johnson
7.5,1.5,-1.0,20.2,0.7,0.2,.192,.432,45,956,10.0,0.7,-1.2,13.9,2.0,15.0,15.0,.543,Xavier Johnson,16.5,0.4,1.4,.072,25,Xavier Johnson
,,,,,,,,,,,,,,,,,,,,,,,,
6.8,0.1,-1.2,15.8,1.1,-1.0,.582,.187,43,1310,1.3,0.8,-0.2,13.2,2.1,11.5,8.5,.579,Peter Jok,19.8,0.5,2.0,.073,24,Peter Jok
12.6,1.8,-9.0,11.9,0.1,-1.5,.279,.279,4,102,5.2,-0.4,-7.6,4.6,1.4,18.6,8.5,.383,Jalen Jones,25.1,-0.3,-0.3,-0.146,25,Jalen Jones
19.1,3.5,5.2,27.1,1.9,4.5,.121,.156,47,1159,13.7,1.3,0.6,19.5,2.8,20.3,20.2,.560,Jemerrio Jones,17.3,3.5,3.3,.135,23,Jemerrio Jones
7.4,0.3,0.0,10.9,1.4,-0.1,.461,.237,49,1690,2.4,1.9,0.1,11.1,1.4,7.6,6.7,.545,Matt Jones,15.2,1.4,3.2,.091,24,Matt Jones
40.1,0.6,-5.4,6.7,0.1,-4.1,.413,.229,18,282,2.3,0.1,-1.4,13.8,1.5,17.8,4.5,.492,Shawndre Jones,22.3,-0.4,0.3,.048,,Shawndre Jones
43.1,0.7,-4.7,7.5,0.1,-3.9,.417,.260,15,252,2.6,0.2,-0.8,14.8,1.3,18.3,5.0,.500,Shawndre Jones,22.4,-0.3,0.3,.062,,Shawndre Jones
15.0,0.0,-11.7,0.0,0.0,-5.6,.385,.000,3,30,0.0,-0.1,-6.1,5.5,3.2,13.3,0.0,.423,Shawndre Jones,21.6,-0.1,0.0,-0.071,,Shawndre Jones
30.5,2.0,6.2,24.7,1.2,2.1,.222,.481,26,791,6.2,1.9,4.1,25.9,2.1,14.7,15.7,.602,Terrence Jones,30.7,2.7,3.1,.189,27,Terrence Jones
19.1,0.0,3.5,23.4,0.0,-1.4,.300,.800,1,26,0.0,0.1,5.0,27.4,1.8,6.9,11.7,.740,Terrence Jones,22.1,0.1,0.2,.280,27,Terrence Jones
30.9,2.0,6.3,24.8,1.2,2.2,.221,.473,25,765,6.4,1.8,4.1,25.9,2.1,14.9,15.8,.598,Terrence Jones,31.0,2.6,3.0,.186,27,Terrence Jones
,,,,,,,,,,,,,,,,,,,,,,,,
14.5,0.4,-1.7,7.6,0.9,-1.0,.520,.182,49,1261,4.0,0.1,-0.7,11.1,2.3,11.7,5.8,.501,Daxter Miles Jr.,19.5,0.2,1.0,.036,,Daxter Miles Jr.
8.5,0.2,-1.4,12.9,0.5,0.0,.212,.288,17,509,4.6,0.2,-1.4,12.8,2.7,13.9,8.8,.538,Melvin Frazier Jr.,19.0,0.1,0.7,.067,,Melvin Frazier Jr.
17.2,0.5,1.4,15.9,0.3,-0.3,.325,.149,11,374,4.6,0.6,1.7,17.0,2.0,12.3,10.2,.567,Troy Brown Jr.,20.8,0.5,0.8,.108,19,Troy Brown Jr.
19.5,0.4,-6.9,10.4,0.5,-1.1,.317,.378,33,433,0.9,-0.9,-5.9,6.3,2.1,18.4,5.6,.426,Myck Kabongo,22.4,-0.9,-0.4,-0.042,27,Myck Kabongo
2.3,2.8,-4.5,16.7,0.2,0.4,.350,.350,26,207,6.9,-0.2,-4.9,5.3,1.4,11.5,11.9,.368,Ismaila Kane,10.5,-0.2,0.1,.014,21,Ismaila Kane
24.6,1.0,-3.1,12.3,0.4,-1.3,.312,.190,25,415,2.4,-0.1,-1.8,12.8,1.8,18.0,7.5,.503,Marcus Keene,25.1,-0.2,0.3,.029,,Marcus Keene
10.4,0.8,-6.6,7.8,0.3,-2.0,.330,.210,22,463,3.0,-1.0,-4.6,8.0,2.4,15.5,5.4,.452,Tiwian Kendley,26.0,-0.9,-0.7,-0.073,23,Tiwian Kendley
10.1,0.0,-12.5,12.7,0.0,-2.3,.588,.000,4,41,0.0,-0.2,-10.2,-4.6,1.2,15.0,6.4,.294,Tiwian Kendley,21.3,-0.2,-0.2,-0.196,23,Tiwian Kendley
10.4,0.8,-6.1,7.3,0.3,-2.0,.309,.227,18,422,3.3,-0.8,-4.1,9.3,2.6,15.6,5.3,.463,Tiwian Kendley,26.5,-0.7,-0.5,-0.061,23,Tiwian Kendley
37.7,0.0,14.3,21.8,0.0,-3.1,.615,.769,1,24,0.0,0.3,17.4,42.0,0.0,5.4,10.8,.776,Luke Kennard,31.8,0.2,0.3,.574,22,Luke Kennard
,,,,,,,,,,,,,,,,,,,,,,,,
5.3,1.4,-5.7,10.4,0.5,-0.5,.319,.190,28,489,2.1,-0.5,-5.2,7.2,1.4,10.2,6.3,.459,Joe Kilgore,17.4,-0.8,0.0,.000,,Joe Kilgore
5.4,1.5,-5.8,9.8,0.5,-0.4,.314,.207,19,404,2.1,-0.5,-5.4,7.3,1.5,9.5,5.9,.452,Joe Kilgore,18.2,-0.6,0.0,-0.005,,Joe Kilgore
4.9,1.0,-5.4,13.6,0.1,-1.0,.348,.087,9,85,2.4,0.0,-4.4,6.9,0.6,14.3,7.9,.503,Joe Kilgore,13.6,-0.1,0.0,.023,,Joe Kilgore
0.0,0.0,-3.0,0.0,0.0,-7.7,.500,.000,2,4,0.0,0.0,4.8,21.5,0.0,0.0,0.0,.750,Lenjo Kilo,20.6,0.0,0.0,.177,,Lenjo Kilo
12.6,1.5,-0.2,16.5,1.1,0.1,.454,.263,41,1304,2.0,1.0,-0.2,14.4,1.5,17.6,9.1,.615,George King,20.7,1.0,2.1,.077,25,George King
12.4,0.9,-2.6,22.3,0.7,-0.7,.278,.200,33,591,6.3,0.3,-1.9,15.6,1.5,11.6,14.4,.525,Nick King,22.0,-0.1,0.9,.076,23,Nick King
27.5,0.0,-7.7,4.4,0.0,-6.3,.692,.038,2,46,0.0,0.0,-1.3,11.2,1.0,23.2,2.2,.567,Brandon Knight,29.7,-0.1,0.0,-0.003,27,Brandon Knight
0.0,0.0,-10.8,0.0,0.0,-8.2,.333,.000,3,8,27.0,0.0,-2.6,7.5,0.0,25.0,13.6,.500,Oleksandr Kobets,20.7,0.0,0.0,-0.036,22,Oleksandr Kobets
17.1,6.0,6.4,24.9,0.8,3.8,.458,.257,11,358,2.7,0.8,2.6,22.3,1.2,14.4,14.2,.646,Luke Kornet,22.4,1.2,1.6,.211,23,Luke Kornet
13.0,3.5,2.0,17.3,0.2,3.5,.371,.229,4,84,9.6,0.0,-1.5,15.1,3.2,17.2,13.5,.493,Rodions Kurucs,21.4,0.1,0.2,.103,20,Rodions Kurucs
,,,,,,,,,,,,,,,,,,,,,,,,
5.6,5.2,1.7,21.9,1.0,3.7,.084,.319,39,556,14.9,0.7,-2.0,15.3,2.1,21.4,18.4,.586,Khadeem Lattin,13.0,0.9,1.7,.146,,Khadeem Lattin
5.1,5.8,2.4,20.9,0.9,4.3,.097,.312,24,424,14.9,0.5,-1.9,15.0,2.2,18.5,17.9,.544,Khadeem Lattin,12.7,0.8,1.3,.150,,Khadeem Lattin
6.9,3.4,-0.3,25.2,0.2,1.9,.038,.346,15,132,14.7,0.2,-2.2,16.2,1.8,30.3,19.9,.734,Khadeem Lattin,14.0,0.1,0.4,.135,,Khadeem Lattin
6.4,6.3,0.8,16.5,0.6,2.9,.000,.329,29,536,8.7,0.8,-2.2,13.1,0.4,19.7,12.6,.682,Dallas Lauderdale,9.4,0.6,1.4,.121,30,Dallas Lauderdale
19.4,0.1,0.1,6.3,0.4,-2.7,.523,.261,50,1475,1.2,3.3,2.7,15.1,1.3,12.8,3.9,.604,Manu Lecomte,18.9,1.3,3.7,.121,,Manu Lecomte
21.4,0.4,0.7,12.1,0.2,-2.9,.737,.227,19,456,2.9,0.8,3.6,16.3,1.9,17.7,7.5,.592,Jeff Ledbetter,24.4,0.5,1.0,.101,30,Jeff Ledbetter
14.6,0.0,-10.8,22.1,0.1,-2.5,.429,.048,1,32,0.0,-0.2,-8.3,4.7,1.5,12.3,11.5,.373,Courtney Lee,32.8,-0.1,-0.1,-0.155,33,Courtney Lee
11.3,0.1,1.8,18.6,1.4,-0.2,.347,.345,24,756,2.6,1.8,2.0,20.2,2.2,9.5,10.4,.596,Damion Lee,25.0,1.2,3.1,.198,26,Damion Lee
5.1,3.2,1.2,22.0,0.5,1.2,.011,.466,19,398,10.5,0.8,0.0,17.3,1.6,21.5,16.4,.750,Marcus Lee,14.1,0.5,1.3,.155,24,Marcus Lee
2.8,3.4,-4.0,24.5,0.5,-0.5,.398,.123,32,541,6.0,-0.1,-3.5,11.3,1.2,10.4,15.1,.491,William Lee,15.7,-0.4,0.4,.040,24,William Lee
,,,,,,,,,,,,,,,,,,,,,,,,
41.7,0.6,1.6,12.6,1.9,0.3,.173,.212,43,1458,1.8,1.0,1.3,19.5,2.5,16.5,7.2,.542,Walter Lemon Jr.,29.6,2.2,2.9,.096,26,Walter Lemon Jr.
46.2,0.7,2.0,13.0,1.5,0.5,.154,.210,33,1092,2.1,0.8,1.5,19.6,2.2,16.4,7.6,.531,Walter Lemon Jr.,29.8,1.8,2.3,.100,26,Walter Lemon Jr.
28.0,0.2,0.3,11.4,0.5,-0.5,.230,.219,10,366,0.9,0.2,0.8,19.0,3.4,17.0,6.2,.573,Walter Lemon Jr.,29.1,0.4,0.6,.084,26,Walter Lemon Jr.
4.8,0.6,-3.0,15.6,0.8,-1.6,.682,.204,46,888,3.4,0.3,-1.4,8.7,0.8,10.0,9.6,.516,Justin Leon,15.5,-0.4,1.0,.057,23,Justin Leon
5.3,2.3,-6.0,14.4,0.1,-1.9,.293,.293,10,189,10.9,-0.2,-4.2,9.3,1.5,11.5,12.6,.413,CJ Leslie,21.0,-0.3,-0.2,-0.038,27,CJ Leslie
6.8,0.0,-6.2,15.8,0.0,-0.3,.500,.000,5,53,4.0,0.0,-5.9,-0.3,0.0,0.0,10.0,.188,Julien Lewis,6.2,-0.1,0.0,-0.011,26,Julien Lewis
16.1,0.3,-3.2,6.0,0.2,-4.1,.623,.308,14,316,1.8,0.3,0.8,12.6,0.9,10.8,3.9,.531,Trey Lewis,25.0,-0.2,0.5,.077,26,Trey Lewis
23.0,1.3,-0.4,14.3,0.6,0.1,.644,.224,25,790,1.4,0.1,-0.5,11.2,1.8,24.2,8.0,.561,DeAndre Liggins,16.7,0.5,0.7,.043,30,DeAndre Liggins
4.7,0.5,-2.9,14.6,0.4,-1.4,.527,.103,15,351,2.1,0.0,-1.4,10.7,1.6,8.9,8.3,.518,Scottie Lindsey,19.8,-0.1,0.4,.055,22,Scottie Lindsey
13.0,0.3,-3.2,9.5,0.6,-1.1,.348,.236,24,608,3.2,-0.5,-2.1,12.2,2.2,14.0,6.3,.488,Zach Lofton,25.9,-0.3,0.2,.014,26,Zach Lofton
,,,,,,,,,,,,,,,,,,,,,,,,
5.0,2.0,-2.2,15.5,0.4,-0.8,.667,.122,33,551,5.3,0.1,-1.4,8.7,0.9,11.8,10.6,.502,Marc Loving,14.3,0.0,0.5,.042,24,Marc Loving
26.6,0.7,6.2,13.8,2.0,0.7,.383,.395,41,1454,3.1,4.9,5.5,22.5,2.4,11.6,8.4,.615,Jordan Loyd,24.2,5.0,6.9,.229,25,Jordan Loyd
31.7,0.2,2.7,10.3,1.0,-1.8,.324,.240,38,1107,3.1,2.7,4.5,21.9,1.6,10.8,6.7,.555,Kalin Lucas,31.3,2.1,3.7,.159,29,Kalin Lucas
35.4,0.4,1.7,9.0,0.5,-1.8,.316,.240,21,641,2.3,1.2,3.5,19.9,1.8,12.8,5.7,.544,Kalin Lucas,31.3,1.0,1.7,.128,29,Kalin Lucas
26.6,0.0,4.0,12.1,0.4,-1.9,.336,.240,17,466,4.2,1.5,5.9,24.5,1.4,8.0,8.1,.570,Kalin Lucas,31.3,1.2,1.9,.200,29,Kalin Lucas
5.7,0.3,-2.5,10.4,0.6,-0.6,.335,.255,42,861,3.6,0.5,-1.9,8.3,1.3,14.3,7.1,.586,Sanjay Lumpkin,11.6,-0.2,1.1,.063,,Sanjay Lumpkin
10.6,1.3,0.3,22.1,0.2,-0.3,.552,.172,8,268,7.7,0.2,0.6,13.5,1.0,16.1,14.9,.566,Tyler Lydon,17.3,0.3,0.4,.080,22,Tyler Lydon
22.4,0.5,-0.2,12.0,1.4,0.0,.408,.340,46,1228,3.4,0.6,-0.1,14.2,2.5,18.0,7.7,.531,Jairus Lyles,23.5,0.9,2.0,.079,22,Jairus Lyles
37.2,0.4,-1.3,10.1,0.8,-2.0,.319,.309,45,1391,2.3,1.3,0.7,16.2,1.7,20.4,6.0,.544,Scott Machado,24.7,0.4,2.2,.075,28,Scott Machado
25.8,0.5,-0.7,8.7,0.2,-2.5,.338,.372,41,1412,2.3,2.1,1.9,16.7,1.5,13.4,5.4,.545,Daryl Macon,24.3,0.8,2.3,.078,23,Daryl Macon
,,,,,,,,,,,,,,,,,,,,,,,,
15.2,0.2,2.3,8.8,1.0,-0.7,.483,.240,30,836,4.9,1.3,3.0,17.8,2.3,12.4,6.9,.581,J.P. Macura,23.9,1.5,2.3,.129,23,J.P. Macura
20.2,0.7,-0.6,11.6,0.1,-1.9,.331,.113,13,263,1.6,0.4,1.3,16.7,2.5,3.7,6.4,.511,Nate Mason,21.3,0.1,0.6,.105,,Nate Mason
0.0,18.5,-6.2,0.0,0.0,7.6,.000,.000,3,4,0.0,0.0,-13.9,0.0,0.0,0.0,0.0,.000,Terry Maston,10.6,0.0,0.0,-0.188,,Terry Maston
8.7,2.9,2.0,19.8,0.9,-0.9,.234,.490,30,981,11.9,3.0,2.9,23.9,1.1,12.9,15.9,.634,Yante Maten,27.0,1.6,3.9,.189,22,Yante Maten
20.5,0.3,-0.8,10.0,0.2,-1.6,.302,.310,12,282,1.6,0.5,0.8,16.8,2.2,12.6,6.0,.561,Ray McCallum,22.6,0.1,0.7,.113,27,Ray McCallum
13.3,1.1,2.6,10.6,1.3,1.9,.280,.403,33,861,6.0,1.2,0.7,14.1,2.3,15.8,8.3,.588,Tahjere McCall,16.8,1.6,2.5,.140,24,Tahjere McCall
3.9,0.9,-3.6,14.0,0.3,-0.5,.494,.169,14,200,2.6,-0.1,-3.1,11.7,2.9,12.7,8.3,.544,Tre'Darius McCallum,20.6,-0.1,0.2,.049,,Tre'Darius McCallum
15.5,0.2,-5.1,9.9,0.1,-2.5,.413,.063,25,393,0.9,-0.1,-2.5,8.4,1.7,15.1,5.4,.483,Demetri McCamey,16.3,-0.5,0.1,.006,29,Demetri McCamey
6.4,3.5,-6.3,23.5,0.5,-1.5,.087,.293,41,572,13.1,-0.5,-4.8,14.8,1.0,16.8,18.2,.496,Brandon McCoy,26.5,-1.0,0.0,-0.003,20,Brandon McCoy
6.3,5.8,-3.0,16.9,0.1,-1.6,.189,.226,7,84,21.8,0.0,-1.4,21.7,1.1,13.4,19.4,.523,Chris McCullough,31.7,0.0,0.2,.096,23,Chris McCullough
,,,,,,,,,,,,,,,,,,,,,,,,
8.5,4.8,1.5,15.4,1.7,2.3,.297,.282,44,1180,7.0,0.8,-0.8,16.2,2.0,14.6,11.3,.551,KJ McDaniels,21.5,1.7,2.5,.102,25,KJ McDaniels
11.5,2.1,2.7,16.8,1.0,0.7,.545,.261,46,861,9.2,1.6,2.0,16.0,1.7,14.8,13.0,.596,Tanner McGrew,17.2,1.7,2.6,.144,,Tanner McGrew
11.2,2.3,3.6,18.3,0.7,0.9,.598,.219,21,521,7.3,1.1,2.7,17.2,1.6,13.1,12.8,.626,Tanner McGrew,17.4,1.2,1.8,.165,,Tanner McGrew
11.9,1.7,1.4,14.4,0.4,0.3,.455,.333,25,340,12.3,0.4,1.1,14.3,1.8,17.5,13.4,.546,Tanner McGrew,16.8,0.5,0.8,.112,,Tanner McGrew
7.0,1.8,-0.8,15.8,0.8,0.2,.300,.295,25,582,7.0,0.5,-1.1,14.0,1.5,13.5,11.4,.567,MiKyle McIntosh,19.5,0.3,1.3,.107,,MiKyle McIntosh
12.7,0.0,1.3,26.0,0.0,3.0,.000,.000,2,12,0.0,0.0,-1.7,16.2,4.0,33.3,13.0,1.000,Jameel McKay,10.9,0.0,0.0,.178,,Jameel McKay
22.7,0.5,2.3,8.4,1.6,0.2,.489,.229,39,1134,2.3,1.7,2.1,16.0,2.4,11.5,5.4,.542,Jordan McLaughlin,20.8,2.0,3.3,.141,22,Jordan McLaughlin
10.4,0.0,0.0,0.0,0.0,2.3,,,2,11,9.9,0.0,-2.3,1.8,4.3,53.2,4.9,.568,Liam McMorrow,7.1,0.0,0.0,.048,31,Liam McMorrow
19.1,1.5,1.9,12.3,0.8,-1.7,.261,.376,31,1114,2.9,2.6,3.6,23.7,1.8,11.8,7.6,.588,Jordan McRae,33.8,1.8,3.4,.147,27,Jordan McRae
27.7,1.7,-1.6,16.1,0.2,0.3,.431,.196,6,213,4.5,-0.3,-1.9,13.0,2.0,21.3,10.3,.501,De'Anthony Melton,28.5,0.0,-0.1,-0.023,20,De'Anthony Melton
,,,,,,,,,,,,,,,,,,,,,,,,
11.9,4.0,-3.2,23.0,0.6,0.5,.060,.312,26,711,5.6,-0.3,-3.7,15.2,1.2,18.6,14.4,.533,Chimezie Metu,24.9,-0.3,0.3,.022,21,Chimezie Metu
23.5,0.3,-1.9,16.8,0.2,0.2,.429,.338,8,292,0.4,-0.1,-2.1,11.1,2.7,20.6,8.3,.481,Codi Miller-McIntyre,15.8,0.0,0.1,.018,24,Codi Miller-McIntyre
7.9,3.2,1.1,10.5,0.5,1.4,.550,.248,13,358,3.1,0.3,-0.3,12.3,1.8,12.3,6.8,.571,Malcolm Miller,16.0,0.5,0.8,.106,25,Malcolm Miller
5.7,3.7,1.0,19.6,1.0,1.3,.552,.217,33,741,6.3,0.9,-0.3,13.4,1.2,11.2,13.0,.576,Shonn Miller,14.4,0.9,1.9,.121,25,Shonn Miller
23.5,1.0,2.4,10.2,0.4,-1.7,.304,.275,27,937,4.1,2.6,4.1,21.7,1.6,10.9,7.2,.582,Shake Milton,28.6,1.7,3.0,.153,22,Shake Milton
23.7,1.3,1.3,14.4,1.0,-0.6,.491,.280,32,1044,2.1,1.3,1.9,16.5,1.3,16.0,8.2,.570,Naz Mitrou-Long,25.5,1.4,2.4,.109,25,Naz Mitrou-Long
16.7,1.3,-1.4,10.2,0.3,0.7,.485,.121,14,307,1.8,-0.2,-2.0,10.5,3.5,17.4,6.1,.484,Duke Mondy,17.1,0.1,0.2,.026,,Duke Mondy
10.0,1.9,3.7,20.1,1.1,0.7,.174,.472,47,1370,12.9,3.7,3.0,20.0,1.9,15.1,16.5,.640,Ben Moore,17.0,3.2,4.9,.170,23,Ben Moore
10.9,4.1,5.7,19.4,0.1,-1.0,.171,.561,4,100,8.1,0.6,6.7,32.9,0.5,10.5,13.6,.782,Ben Moore,23.5,0.3,0.7,.320,23,Ben Moore
10.0,1.8,3.5,20.1,1.1,0.8,.175,.461,43,1270,13.2,3.1,2.7,19.0,2.1,15.7,16.7,.623,Ben Moore,16.5,2.9,4.2,.158,23,Ben Moore
,,,,,,,,,,,,,,,,,,,,,,,,
5.3,7.4,1.3,25.1,1.6,3.0,.003,.379,50,983,11.0,1.3,-1.7,19.0,1.1,19.5,18.2,.635,Doral Moore,18.5,1.4,2.9,.143,22,Doral Moore
13.9,1.9,-2.0,17.8,0.6,0.4,.021,.328,43,1043,4.3,0.5,-2.4,13.2,1.1,12.2,10.9,.507,Marquise Moore,17.6,0.0,1.1,.052,24,Marquise Moore
29.0,0.0,-3.4,12.7,0.1,-3.4,.376,.312,15,295,1.7,0.2,0.1,14.7,1.1,11.4,7.1,.476,Jovan Mooring,28.2,-0.2,0.3,.056,,Jovan Mooring
15.2,0.0,-6.5,14.1,0.0,-3.8,.448,.379,3,52,2.0,0.0,-2.8,12.6,0.9,17.1,8.0,.517,Jovan Mooring,32.6,-0.1,0.0,-0.003,,Jovan Mooring
31.9,0.0,-2.7,12.4,0.1,-3.4,.359,.297,12,243,1.7,0.3,0.7,15.1,1.2,10.0,6.9,.466,Jovan Mooring,27.2,-0.1,0.3,.069,,Jovan Mooring
31.9,0.6,-2.6,9.9,1.3,-1.4,.371,.246,34,999,2.7,-0.5,-1.2,12.8,1.1,18.6,6.2,.490,Darius Morris,27.1,-0.2,0.7,.035,28,Darius Morris
11.9,1.3,0.7,13.0,0.8,0.0,.349,.237,33,1164,2.8,1.8,0.7,14.7,1.5,10.8,8.0,.598,Jaylen Morris,15.9,1.3,2.6,.109,23,Jaylen Morris
9.5,1.7,0.0,9.1,0.2,-0.4,.309,.242,13,456,4.1,0.6,0.4,13.9,1.6,8.8,6.5,.555,Jaylen Morris,16.1,0.4,0.7,.076,23,Jaylen Morris
13.4,1.0,1.1,15.5,0.7,0.2,.376,.234,20,708,2.1,1.3,0.9,15.2,1.4,12.1,8.9,.628,Jaylen Morris,15.8,0.9,1.9,.130,23,Jaylen Morris
14.5,0.3,-2.6,9.7,0.3,-0.6,.453,.080,19,302,1.0,0.2,-2.0,9.8,2.3,15.3,5.4,.554,AJ Mosby,12.6,-0.1,0.4,.067,,AJ Mosby
,,,,,,,,,,,,,,,,,,,,,,,,
13.1,0.0,-3.7,8.1,0.1,-0.9,.412,.059,7,68,0.0,0.0,-2.8,9.9,2.9,14.7,4.0,.573,AJ Mosby,13.0,0.0,0.1,.065,,AJ Mosby
14.9,0.3,-2.3,10.1,0.2,-0.6,.466,.086,12,234,1.3,0.1,-1.8,9.8,2.1,15.4,5.8,.548,AJ Mosby,12.5,0.0,0.3,.067,,AJ Mosby
14.6,1.9,2.0,22.8,0.8,-0.3,.179,.434,27,924,7.8,2.1,2.2,22.8,0.9,15.1,15.6,.615,Johnathan Motley,29.1,1.5,2.9,.151,23,Johnathan Motley
5.6,1.9,-2.9,9.3,0.6,-0.5,.223,.462,42,636,8.0,0.5,-2.5,11.7,1.6,11.6,8.7,.515,Roger Moute A Bidias,16.9,-0.2,1.2,.087,23,Roger Moute A Bidias
7.1,1.2,-2.0,9.4,0.5,-0.6,.220,.520,27,463,8.1,0.6,-1.3,13.7,1.9,11.9,8.8,.543,Roger Moute A Bidias,17.9,0.0,1.1,.112,23,Roger Moute A Bidias
1.5,3.8,-5.5,9.1,0.2,0.0,.234,.277,15,173,7.7,-0.1,-5.5,6.3,0.8,10.2,8.4,.417,Roger Moute A Bidias,14.1,-0.3,0.1,.021,23,Roger Moute A Bidias
7.8,1.0,0.6,12.2,1.6,-0.3,.658,.143,47,1546,0.7,1.9,0.9,12.6,0.9,7.7,6.5,.611,Mychal Mulder,16.1,1.6,3.5,.109,24,Mychal Mulder
6.2,6.9,-4.7,23.1,0.2,0.6,.481,.185,6,119,3.7,-0.2,-5.3,12.3,1.2,15.9,13.4,.488,Byron Mullens,25.4,-0.1,0.0,-0.005,29,Byron Mullens
23.4,1.0,0.0,11.3,0.3,-1.0,.284,.231,14,476,2.0,0.5,1.0,16.8,2.1,14.5,6.5,.554,Xavier Munford,22.8,0.4,0.8,.077,26,Xavier Munford
8.4,2.0,-0.3,22.2,1.6,1.8,.219,.400,46,1008,6.5,0.8,-2.1,12.9,1.0,14.5,14.5,.549,Kamari Murphy,16.4,0.7,2.4,.113,25,Kamari Murphy
,,,,,,,,,,,,,,,,,,,,,,,,
16.9,0.8,1.6,16.3,1.6,0.4,.416,.304,36,1137,3.5,1.3,1.2,16.0,1.3,14.1,10.1,.559,Dzanan Musa,24.9,1.7,2.8,.119,19,Dzanan Musa
15.7,0.8,-3.8,7.0,0.1,-4.1,.403,.235,8,246,1.7,0.0,0.3,16.5,1.3,15.0,4.3,.572,Sviatoslav Mykhailiuk,32.0,-0.2,0.2,.033,21,Sviatoslav Mykhailiuk
13.3,1.1,-1.7,6.7,0.0,-5.1,.462,.236,5,163,1.9,0.3,3.4,21.5,0.9,13.3,4.2,.624,Sviatoslav Mykhailiuk,33.5,0.0,0.3,.093,21,Sviatoslav Mykhailiuk
20.4,0.0,-8.0,7.6,0.1,-2.3,.256,.233,3,83,1.2,-0.2,-5.7,6.7,2.3,18.8,4.4,.443,Sviatoslav Mykhailiuk,29.2,-0.2,-0.1,-0.083,21,Sviatoslav Mykhailiuk
21.6,0.0,3.2,18.8,0.1,-1.0,.358,.377,3,89,4.9,0.2,4.2,25.6,2.7,11.5,12.0,.591,Abdel Nader,32.6,0.2,0.4,.191,25,Abdel Nader
9.4,0.5,-0.7,9.9,0.6,-1.6,.619,.186,36,694,1.0,1.1,0.9,13.0,0.8,9.4,5.5,.616,Tyler Nelson,16.5,0.4,1.7,.117,,Tyler Nelson
14.5,0.8,-4.0,7.2,0.2,-2.4,.519,.198,35,378,1.6,0.2,-1.6,9.5,1.1,11.8,4.4,.516,Josh Newkirk,17.2,-0.3,0.4,.052,,Josh Newkirk
14.1,0.7,-0.8,9.3,0.2,-0.8,.492,.328,14,197,1.5,0.4,-0.1,12.1,1.1,7.9,5.5,.566,Josh Newkirk,14.9,0.1,0.6,.142,,Josh Newkirk
14.9,1.0,-7.5,4.8,0.0,-4.2,.543,.086,21,181,1.7,-0.2,-3.2,6.6,1.0,15.2,3.2,.468,Josh Newkirk,19.6,-0.4,-0.2,-0.046,,Josh Newkirk
14.8,0.3,-2.5,12.2,0.4,-2.7,.451,.155,42,914,1.9,0.8,0.2,14.1,1.0,10.8,7.0,.556,Malik Newman,21.7,-0.2,1.3,.067,21,Malik Newman
,,,,,,,,,,,,,,,,,,,,,,,,
18.5,0.5,-0.6,13.9,0.2,-2.2,.463,.112,17,301,1.5,0.6,1.6,16.9,1.5,7.9,7.8,.576,Malik Newman,21.1,0.2,0.7,.117,21,Malik Newman
13.0,0.1,-3.4,11.4,0.3,-3.0,.445,.177,25,613,2.1,0.3,-0.5,12.8,0.8,12.2,6.6,.546,Malik Newman,22.0,-0.4,0.5,.043,21,Malik Newman
20.5,1.1,0.6,15.1,0.1,-3.1,.434,.038,3,89,5.0,0.2,3.7,19.9,0.0,8.5,10.0,.585,Georges Niang,28.1,0.1,0.3,.145,25,Georges Niang
13.0,0.3,-0.8,8.0,1.3,-0.2,.479,.222,47,1404,2.0,0.9,-0.6,10.2,1.5,12.5,5.0,.536,Duane Notice,14.7,0.7,2.3,.077,,Duane Notice
16.1,0.9,1.4,10.8,2.4,-0.3,.318,.167,49,1423,3.5,1.9,1.7,19.1,2.4,11.2,7.0,.557,Kendrick Nunn,28.1,2.0,4.2,.143,23,Kendrick Nunn
11.0,0.3,-4.0,8.7,0.2,-2.1,.578,.142,39,822,1.6,-0.2,-1.8,7.9,1.5,14.4,5.0,.488,Ike Nwamu,16.6,-0.7,0.0,-0.001,25,Ike Nwamu
9.0,0.2,-6.1,9.0,0.1,-1.7,.609,.196,17,321,1.2,-0.6,-4.4,4.4,1.7,21.3,5.0,.450,Ike Nwamu,16.0,-0.5,-0.5,-0.072,25,Ike Nwamu
12.3,0.3,-2.6,8.4,0.1,-2.4,.563,.114,22,501,1.8,0.4,-0.2,10.2,1.3,10.2,5.0,.509,Ike Nwamu,16.9,-0.1,0.5,.045,25,Ike Nwamu
31.5,1.1,-1.4,12.1,0.9,0.5,.151,.576,34,873,3.2,0.1,-1.9,15.1,2.9,20.6,7.6,.525,Retin Obasohan,23.7,0.2,1.0,.057,,Retin Obasohan
15.3,3.8,5.7,26.7,1.7,3.5,.023,.374,39,945,12.3,2.7,2.3,24.9,2.1,15.5,19.6,.639,Daniel Ochefu,23.4,3.0,4.4,.224,25,Daniel Ochefu
,,,,,,,,,,,,,,,,,,,,,,,,
11.9,1.1,-3.4,15.2,0.8,1.2,.379,.318,31,643,2.9,-0.4,-4.6,6.9,1.1,18.0,9.1,.469,Jon Octeus,12.4,-0.4,0.4,.030,27,Jon Octeus
7.6,0.0,-11.3,7.7,0.1,-3.1,.175,.250,12,109,6.6,-0.3,-8.2,0.9,0.0,16.9,7.1,.372,Uche Ofoegbu,20.3,-0.4,-0.2,-0.108,,Uche Ofoegbu
33.7,0.6,0.4,12.4,0.2,-1.3,.583,.243,9,322,2.3,0.2,1.7,15.4,2.0,14.9,7.3,.511,Elie Okobo,25.1,0.3,0.4,.066,21,Elie Okobo
13.5,1.6,-4.3,4.2,0.1,-2.2,.857,.214,6,92,0.0,0.0,-2.1,6.0,0.5,0.0,2.1,.408,Kevin Olekaibe,13.0,-0.1,0.1,.062,26,Kevin Olekaibe
0.0,0.0,-13.4,0.0,0.0,-3.1,1.000,.000,1,8,0.0,0.0,-10.3,-9.4,0.0,0.0,0.0,.000,Kevin Olekaibe,10.7,0.0,0.0,-0.239,26,Kevin Olekaibe
14.8,1.7,-3.4,4.6,0.1,-2.1,.846,.231,5,84,0.0,0.1,-1.3,7.4,0.5,0.0,2.3,.436,Kevin Olekaibe,13.2,0.0,0.2,.091,26,Kevin Olekaibe
10.4,6.2,3.8,26.8,1.1,3.1,.235,.354,26,692,8.2,1.3,0.7,23.0,1.9,18.4,17.6,.652,Cameron Oliver,22.6,1.7,2.4,.168,22,Cameron Oliver
6.5,1.2,-4.3,9.5,0.6,-1.2,.464,.257,44,561,5.0,-0.2,-3.1,8.4,0.8,13.0,7.3,.486,Nuni Omot,19.6,-0.5,0.4,.038,24,Nuni Omot
15.9,5.1,3.8,32.8,2.9,5.5,.105,.360,44,1273,10.7,0.4,-1.6,19.4,2.1,19.5,21.7,.546,Chinanu Onuaku,22.6,3.1,3.4,.126,22,Chinanu Onuaku
6.8,2.6,-1.9,9.3,0.2,0.9,.175,.600,27,388,7.4,0.0,-2.8,5.6,0.8,36.5,8.4,.623,Reggis Onwukamuche,8.9,0.0,0.2,.029,26,Reggis Onwukamuche
,,,,,,,,,,,,,,,,,,,,,,,,
22.9,1.6,-9.7,4.2,0.0,-2.9,.176,.118,4,52,2.1,-0.1,-6.7,5.6,1.8,21.9,3.1,.391,Michael Orris,18.2,-0.2,-0.1,-0.078,,Michael Orris
37.1,4.9,-7.5,6.4,0.0,-1.0,.250,.000,1,17,0.0,0.0,-6.5,9.4,2.8,20.0,3.1,.250,Michael Orris,12.1,0.0,0.0,-0.011,,Michael Orris
16.0,0.0,-10.7,3.1,0.0,-3.9,.154,.154,3,35,3.1,-0.1,-6.8,3.7,1.3,22.4,3.1,.432,Michael Orris,21.2,-0.1,-0.1,-0.110,,Michael Orris
9.0,2.0,-3.3,15.6,0.7,0.5,.500,.144,35,726,6.1,-0.7,-3.8,8.7,1.6,18.6,10.7,.481,Trayvon Palmer,17.2,-0.4,0.0,-0.002,,Trayvon Palmer
5.2,3.6,-0.6,15.0,0.1,1.2,.706,.118,2,52,8.1,0.0,-1.8,11.9,1.9,10.1,11.5,.475,Trayvon Palmer,16.0,0.0,0.1,.101,,Trayvon Palmer
9.3,1.9,-3.6,15.6,0.6,0.4,.483,.146,33,674,5.9,-0.7,-4.0,8.5,1.6,19.2,10.7,.481,Trayvon Palmer,17.3,-0.4,-0.1,-0.010,,Trayvon Palmer
18.6,0.3,-0.8,9.6,0.4,-1.6,.241,.801,40,1258,3.7,2.7,0.7,13.7,0.8,17.8,6.7,.627,Bubu Palo,16.9,0.6,3.1,.118,27,Bubu Palo
13.2,8.2,1.5,21.8,0.3,4.6,.075,.300,11,204,9.1,0.0,-3.0,18.3,2.3,18.1,15.6,.530,Justin Patton,22.3,0.3,0.4,.089,21,Justin Patton
32.5,1.7,4.7,19.1,1.7,3.8,.258,.136,28,847,6.7,0.3,0.9,19.2,4.6,18.8,12.9,.508,Gary Payton II,26.2,2.3,2.0,.113,26,Gary Payton II
34.5,1.8,4.9,18.7,1.6,4.0,.259,.126,26,770,6.3,0.2,0.8,18.9,4.6,19.9,12.5,.508,Gary Payton II,26.4,2.2,1.8,.109,26,Gary Payton II
,,,,,,,,,,,,,,,,,,,,,,,,
12.3,1.1,2.5,22.8,0.1,1.2,.243,.243,2,77,9.8,0.1,1.3,21.7,4.3,6.8,16.3,.513,Gary Payton II,23.7,0.1,0.2,.154,26,Gary Payton II
7.7,10.0,4.6,26.0,1.3,4.6,.000,.360,36,821,12.2,1.9,0.0,22.9,0.7,21.8,19.2,.721,Norvel Pelle,17.8,2.2,3.2,.189,25,Norvel Pelle
5.2,2.4,-0.8,18.3,1.0,1.0,.576,.103,41,813,3.6,0.5,-1.8,10.6,0.9,15.5,10.9,.601,Luke Petrasek,12.8,0.4,1.5,.089,23,Luke Petrasek
13.5,2.4,3.0,12.7,1.8,1.8,.310,.342,47,1328,3.5,2.2,1.2,16.6,3.0,15.4,8.1,.610,John Petrucelli,18.1,2.8,4.0,.143,26,John Petrucelli
18.1,1.7,3.2,13.6,1.7,1.1,.321,.265,48,1395,4.2,2.5,2.0,17.7,2.5,13.0,9.0,.571,Tarik Phillip,19.9,3.0,4.2,.145,25,Tarik Phillip
24.0,1.3,3.1,14.1,1.6,0.7,.497,.218,35,1210,2.1,1.7,2.4,16.4,1.3,16.0,8.2,.578,Theo Pinson,23.2,2.6,3.3,.132,23,Theo Pinson
12.6,4.9,5.1,18.5,1.8,4.3,.330,.214,41,957,3.2,1.4,0.8,18.9,3.8,13.9,10.7,.619,Sir'Dominic Pointer,16.9,2.8,3.2,.160,26,Sir'Dominic Pointer
5.2,4.7,-3.1,16.6,0.7,0.1,.162,.290,40,806,5.8,0.1,-3.2,12.8,0.8,15.7,11.2,.554,Darel Poirier,20.0,-0.4,0.7,.043,,Darel Poirier
5.7,3.2,-2.9,17.7,0.4,-0.4,.361,.261,20,326,9.9,0.1,-2.5,12.7,0.4,11.9,13.8,.505,Malik Pope,19.1,-0.1,0.5,.074,,Malik Pope
11.8,0.0,-8.1,19.0,0.0,-0.2,.800,.000,2,22,5.0,-0.1,-7.9,0.9,4.2,16.7,12.2,.250,Marcus Posley,22.7,-0.1,-0.1,-0.195,24,Marcus Posley
,,,,,,,,,,,,,,,,,,,,,,,,
13.1,2.9,-0.2,20.1,0.8,0.3,.203,.183,18,627,7.6,0.3,-0.5,19.5,1.4,14.8,14.0,.573,Alex Poythress,28.6,0.5,1.0,.080,25,Alex Poythress
4.5,1.3,-6.9,23.2,0.4,-2.2,.347,.276,27,477,3.3,-0.2,-4.7,9.6,1.0,12.8,13.0,.503,Billy Preston,19.3,-1.0,0.1,.013,21,Billy Preston
4.3,1.1,-5.8,27.8,0.2,-2.6,.326,.360,10,235,4.4,0.1,-3.2,12.7,1.0,11.5,15.8,.542,Billy Preston,19.9,-0.4,0.3,.060,21,Billy Preston
2.4,0.0,-11.9,15.6,0.0,-4.2,.417,.083,7,57,0.0,-0.1,-7.6,4.1,0.8,13.9,8.0,.462,Billy Preston,20.7,-0.2,-0.1,-0.075,21,Billy Preston
5.2,1.9,-6.9,19.8,0.2,-1.2,.350,.233,10,185,2.9,-0.2,-5.7,7.3,1.0,14.3,11.1,.461,Billy Preston,18.0,-0.4,-0.1,-0.019,21,Billy Preston
12.4,1.1,-0.2,14.7,1.1,-0.1,.548,.087,41,790,3.2,0.5,-0.1,13.4,1.9,12.1,8.9,.546,Rodney Pryor,20.0,0.6,1.5,.092,26,Rodney Pryor
9.5,0.0,-12.1,14.8,0.0,-2.3,.500,.250,1,14,0.0,0.0,-9.8,-1.2,0.0,18.4,7.4,.338,Rodney Pryor,16.9,-0.1,0.0,-0.126,26,Rodney Pryor
12.4,1.2,0.0,14.7,1.0,-0.1,.549,.085,40,776,3.3,0.5,0.1,13.7,1.9,12.0,8.9,.549,Rodney Pryor,20.1,0.7,1.6,.096,26,Rodney Pryor
15.7,0.7,-3.4,11.2,0.8,-1.7,.517,.176,49,1619,1.1,-0.7,-1.7,9.7,1.3,12.5,6.2,.487,Rodney Purvis,21.5,-0.9,0.0,.001,24,Rodney Purvis
9.3,6.4,2.6,25.0,1.8,2.5,.502,.319,40,1209,4.3,1.4,0.1,18.5,1.6,13.2,14.9,.585,Raphiael Putney,22.2,2.3,3.2,.127,28,Raphiael Putney
,,,,,,,,,,,,,,,,,,,,,,,,
10.9,6.3,1.2,24.5,0.3,3.0,.492,.361,7,195,9.9,0.0,-1.9,14.7,1.0,24.6,17.2,.587,Zhou Qi,19.0,0.3,0.3,.076,23,Zhou Qi
10.9,2.0,-0.4,19.2,1.1,0.0,.372,.404,50,1403,4.7,1.0,-0.4,15.9,1.9,10.5,11.8,.515,Michael Qualls,21.5,1.0,2.1,.072,25,Michael Qualls
11.3,4.7,4.2,16.8,0.3,0.4,.225,.250,8,249,10.6,0.9,3.8,25.2,0.9,8.3,13.8,.616,Ivan Rabb,24.3,0.6,1.2,.230,21,Ivan Rabb
13.1,0.0,-7.1,5.4,0.0,-2.7,.684,.000,4,77,0.0,-0.1,-4.4,2.2,1.2,5.0,2.8,.316,Harry Rafferty,10.8,-0.2,-0.1,-0.041,,Harry Rafferty
16.9,0.2,-6.6,7.4,0.1,-2.0,.355,.300,25,408,1.3,-0.4,-4.5,6.3,1.6,22.9,4.4,.466,Kyle Randall,16.3,-0.8,-0.3,-0.033,27,Kyle Randall
19.5,0.3,2.3,10.5,0.2,-1.8,.421,.218,8,273,1.2,0.6,4.1,20.8,2.7,15.6,5.8,.652,Chasson Randle,26.3,0.5,0.9,.153,25,Chasson Randle
9.4,0.4,0.3,11.1,1.1,-1.0,.376,.210,50,1571,3.2,2.3,1.3,14.9,1.8,10.0,7.1,.589,Levi Randolph,18.9,1.5,3.4,.103,26,Levi Randolph
26.9,0.7,-2.7,13.5,0.3,-1.3,.340,.217,25,833,1.7,-0.4,-1.4,11.7,1.6,18.2,7.4,.489,Xavier Rathan-Mayes,22.2,-0.2,-0.1,-0.009,24,Xavier Rathan-Mayes
12.3,0.8,-0.9,15.8,0.7,0.0,.416,.183,34,1174,3.4,0.0,-0.9,11.5,1.9,14.5,9.4,.495,Davon Reed,19.6,0.5,0.7,.029,23,Davon Reed
8.7,5.1,6.0,24.7,1.0,1.8,.011,.358,21,639,16.4,2.6,4.2,28.8,1.1,9.0,20.5,.669,Willie Reed,22.9,2.1,3.6,.273,28,Willie Reed
,,,,,,,,,,,,,,,,,,,,,,,,
8.2,3.7,2.4,12.1,0.9,2.3,.207,.246,33,609,7.5,0.9,0.1,16.1,2.5,15.4,9.8,.618,Justin Reyes,16.4,1.1,1.8,.139,,Justin Reyes
6.4,1.2,0.9,12.8,0.8,-1.5,.563,.142,33,923,3.0,1.8,2.4,16.6,1.3,6.6,8.0,.597,Cameron Reynolds,21.2,1.1,2.7,.140,23,Cameron Reynolds
15.0,0.2,-0.9,16.3,0.5,-1.4,.546,.291,12,422,1.0,0.3,0.5,14.3,1.1,14.3,8.6,.565,Malachi Richardson,25.3,0.2,0.8,.086,23,Malachi Richardson
0.0,0.0,-18.8,7.4,0.0,-6.4,.600,.000,2,14,7.6,-0.1,-12.4,-7.3,0.0,16.7,7.5,.200,Demetre Rivers,18.5,-0.1,-0.1,-0.268,,Demetre Rivers
0.0,1.7,-11.1,15.1,0.1,-1.6,.222,.000,11,104,6.3,-0.3,-9.5,-1.3,0.5,18.2,10.8,.167,Anthony Roberson,8.8,-0.4,-0.2,-0.088,,Anthony Roberson
7.9,0.8,-3.3,14.8,0.6,-0.2,.453,.168,36,744,4.0,0.0,-3.1,7.4,1.0,15.6,9.5,.512,Jeff Roberson,11.9,-0.4,0.6,.039,23,Jeff Roberson
7.2,3.5,1.9,17.6,0.2,-0.5,.000,.404,15,255,21.2,0.8,2.4,23.3,0.9,14.0,19.3,.628,Tyler Roberson,21.4,0.4,1.0,.196,24,Tyler Roberson
6.7,2.2,0.0,21.1,0.7,-0.4,.256,.333,22,757,5.0,1.1,0.4,18.4,1.5,14.3,13.0,.618,Devin Robinson,22.7,0.6,1.8,.114,23,Devin Robinson
11.9,0.2,3.5,10.8,0.5,-2.1,.684,.160,33,1218,1.3,3.5,5.6,18.0,1.3,9.9,6.2,.694,Duncan Robinson,19.3,2.8,4.0,.157,24,Duncan Robinson
16.7,0.4,-0.6,12.0,0.5,-1.7,.462,.196,24,765,1.3,0.6,1.1,15.2,1.8,14.8,6.9,.560,Jerome Robinson,26.2,0.4,1.0,.064,21,Jerome Robinson
,,,,,,,,,,,,,,,,,,,,,,,,
10.7,2.0,-9.5,14.9,0.1,1.0,.375,.406,11,82,6.2,-0.4,-10.4,-1.0,3.4,17.5,10.5,.239,Stanford Robinson,22.1,-0.3,-0.3,-0.172,,Stanford Robinson
10.4,3.2,2.1,31.4,0.2,0.4,.075,.358,4,106,22.0,0.3,1.7,29.3,2.3,16.4,26.8,.619,Thomas Robinson,29.8,0.2,0.5,.212,,Thomas Robinson
26.7,0.3,-0.3,10.1,0.3,-0.3,.350,.301,10,262,5.1,0.3,0.0,14.8,2.8,17.7,7.6,.523,Angel Rodriguez,21.4,0.2,0.7,.119,26,Angel Rodriguez
11.2,1.7,-0.8,12.9,0.9,0.3,.327,.228,49,1366,5.2,0.4,-1.1,11.7,1.5,13.5,9.2,.503,Desi Rodriguez,18.0,0.7,1.3,.046,22,Desi Rodriguez
7.6,3.1,-3.0,15.8,0.3,0.7,.309,.299,21,312,6.9,-0.1,-3.7,10.9,1.7,13.4,11.3,.487,LaQuinton Ross,17.4,-0.1,0.3,.039,,LaQuinton Ross
8.2,3.0,-2.5,15.3,0.2,0.4,.333,.333,15,275,6.7,0.1,-3.0,11.7,1.4,11.9,10.9,.509,LaQuinton Ross,17.1,-0.1,0.3,.057,,LaQuinton Ross
3.5,4.5,-6.7,19.8,0.1,2.5,.154,.077,6,37,8.9,-0.1,-9.2,4.7,3.8,22.9,14.5,.335,LaQuinton Ross,19.6,-0.1,-0.1,-0.093,,LaQuinton Ross
0.7,0.8,-9.7,10.2,0.1,-4.7,.493,.127,15,203,3.2,-0.3,-5.1,5.3,0.7,14.8,6.7,.487,Maverick Rowan,18.3,-0.7,-0.2,-0.046,22,Maverick Rowan
0.0,0.0,-18.5,12.6,0.0,-4.1,.600,.000,3,16,0.0,-0.1,-14.5,-13.0,0.0,0.0,6.6,.000,Maverick Rowan,13.4,-0.1,-0.1,-0.278,22,Maverick Rowan
0.0,0.0,-9.9,4.5,0.0,-5.0,.385,.077,2,46,4.6,0.0,-4.8,4.9,0.0,6.9,4.6,.484,Maverick Rowan,13.5,-0.1,0.0,-0.013,22,Maverick Rowan
,,,,,,,,,,,,,,,,,,,,,,,,
1.1,1.1,-8.7,11.8,0.0,-4.6,.509,.151,10,141,3.2,-0.1,-4.1,7.5,1.0,17.5,7.5,.531,Maverick Rowan,20.5,-0.4,-0.1,-0.031,22,Maverick Rowan
12.0,0.0,-6.2,9.4,0.0,-2.0,.409,.318,22,248,1.3,-0.2,-4.3,3.6,1.4,25.3,5.4,.469,Cameron Rundles,11.4,-0.4,-0.2,-0.029,,Cameron Rundles
5.9,1.2,-3.0,16.3,0.2,-0.8,.027,.356,26,272,10.8,0.3,-2.3,12.4,1.4,6.6,13.5,.468,Jared Sam,13.7,-0.1,0.5,.082,,Jared Sam
14.0,0.7,-1.1,11.9,1.2,-0.9,.480,.268,37,1249,1.6,1.2,-0.1,13.7,1.2,16.3,6.8,.593,Brandon Sampson,20.9,0.5,2.3,.089,21,Brandon Sampson
11.8,0.7,0.0,12.2,0.7,-0.7,.439,.309,19,615,1.2,1.0,0.7,15.6,1.2,10.0,6.7,.612,Brandon Sampson,19.9,0.5,1.7,.132,21,Brandon Sampson
16.2,0.8,-2.1,11.7,0.5,-1.1,.516,.232,18,634,2.1,0.1,-1.0,11.8,1.1,21.4,6.9,.575,Brandon Sampson,21.9,0.0,0.6,.048,21,Brandon Sampson
12.6,3.2,1.9,25.4,1.2,0.9,.201,.235,24,725,6.1,1.4,1.0,23.5,1.1,9.4,15.7,.599,JaKarr Sampson,28.0,1.2,2.6,.171,25,JaKarr Sampson
6.6,3.2,-2.4,18.9,0.4,2.0,.525,.230,23,230,5.2,-0.2,-4.4,7.2,1.2,19.2,12.2,.469,Ismael Sanogo,14.0,0.0,0.2,.043,,Ismael Sanogo
10.2,0.0,-5.8,9.9,0.0,-2.7,.333,.667,4,41,0.0,0.0,-3.0,7.8,1.2,0.0,5.1,.451,Kethan Savage,16.1,-0.1,0.0,.044,25,Kethan Savage
7.1,0.0,-10.3,0.0,0.0,-4.3,1.000,4.000,2,16,0.0,0.0,-6.1,-3.1,0.0,0.0,0.0,.181,Kethan Savage,7.2,-0.1,0.0,-0.083,25,Kethan Savage
,,,,,,,,,,,,,,,,,,,,,,,,
12.1,0.0,-2.8,16.2,0.0,-1.7,.273,.364,2,25,0.0,0.0,-1.1,14.7,1.9,0.0,8.4,.509,Kethan Savage,21.9,0.0,0.1,.125,25,Kethan Savage
25.3,0.7,0.2,14.1,1.9,1.5,.571,.108,46,1396,2.4,-0.2,-1.3,9.8,1.6,22.3,8.4,.486,Shannon Scott,15.3,1.3,1.7,.059,26,Shannon Scott
8.4,0.8,1.2,11.9,1.3,-0.9,.684,.141,42,1343,1.7,1.7,2.1,14.8,2.1,7.3,6.9,.582,Jordan Sibert,19.1,1.8,3.0,.108,26,Jordan Sibert
5.6,0.4,-2.8,8.5,0.1,-3.4,.614,.185,18,434,2.6,0.2,0.5,11.8,1.5,8.9,5.5,.533,Xavier Silas,21.9,-0.2,0.3,.037,31,Xavier Silas
17.4,0.4,-2.2,9.6,0.7,-1.7,.267,.221,35,1120,2.9,0.3,-0.5,14.6,1.8,12.7,6.2,.523,Kobi Simmons,25.4,-0.1,1.0,.044,21,Kobi Simmons
7.4,0.8,-9.7,9.2,0.0,-6.3,.367,.133,4,91,3.7,-0.1,-3.4,11.9,0.0,15.9,6.5,.543,Anfernee Simons,35.1,-0.3,-0.1,-0.048,19,Anfernee Simons
7.9,0.6,-8.0,9.0,0.0,-2.0,.706,.000,13,127,1.5,-0.3,-6.0,0.8,1.1,17.1,5.2,.338,Amjyot Singh,13.2,-0.3,-0.2,-0.093,27,Amjyot Singh
7.2,0.9,-6.8,11.8,0.0,-0.7,.619,.000,7,88,2.2,-0.2,-6.0,1.8,1.6,19.2,6.8,.333,Amjyot Singh,12.0,-0.2,-0.2,-0.088,27,Amjyot Singh
9.6,0.0,-10.7,2.7,0.0,-4.9,.846,.000,6,39,0.0,-0.1,-5.8,-1.3,0.0,13.3,1.4,.346,Amjyot Singh,16.0,-0.1,-0.1,-0.102,27,Amjyot Singh
8.8,4.8,2.6,12.3,1.7,2.5,.241,.398,47,818,13.0,1.0,0.1,18.7,2.4,15.0,12.7,.559,Alen Smailagic,22.9,1.6,2.6,.154,18,Alen Smailagic
,,,,,,,,,,,,,,,,,,,,,,,,
15.0,5.0,-2.0,30.5,0.0,1.9,.000,.000,3,18,24.5,0.0,-3.8,12.0,0.0,14.3,27.5,.333,Jarquez Smith,16.9,0.0,0.0,.063,,Jarquez Smith
33.3,0.3,0.1,10.8,1.6,0.3,.288,.305,45,1295,2.0,1.5,-0.2,14.5,2.7,21.7,6.3,.533,Kenneth Smith,16.0,1.1,3.1,.114,26,Kenneth Smith
8.7,2.2,-3.1,18.0,0.5,-0.1,.193,.168,23,400,8.8,0.0,-3.0,13.5,0.7,13.5,13.4,.509,Roscoe Smith,20.7,-0.2,0.5,.057,27,Roscoe Smith
26.7,0.4,0.7,12.9,1.6,0.0,.463,.216,50,1660,2.5,1.3,0.7,14.2,2.4,14.1,7.6,.503,Scoochie Smith,18.4,1.9,2.8,.081,24,Scoochie Smith
8.8,5.5,2.2,21.3,1.4,4.5,.052,.374,44,831,7.9,0.9,-2.3,13.8,1.2,17.0,14.6,.590,Zach Smith,10.8,1.4,2.3,.133,23,Zach Smith
9.4,2.1,-5.5,9.0,0.1,-1.3,.301,.108,11,249,4.6,-0.2,-4.3,6.6,0.6,16.4,6.8,.454,Zhaire Smith,17.2,-0.4,-0.2,-0.035,19,Zhaire Smith
6.3,2.3,-3.3,23.1,0.4,0.2,.606,.317,29,409,1.0,-0.2,-3.5,8.3,1.6,19.7,11.8,.536,Evan Smotrycz,15.3,-0.2,0.1,.017,,Evan Smotrycz
9.0,2.8,3.2,21.4,1.5,1.9,.123,.441,35,923,13.3,1.9,1.3,20.3,2.1,17.3,17.5,.625,Richard Solomon,21.0,2.0,3.4,.178,26,Richard Solomon
9.3,6.4,2.1,23.0,1.2,3.2,.107,.382,29,873,10.3,0.5,-1.1,20.5,2.6,14.7,16.4,.543,Ray Spalding,23.7,1.5,1.7,.092,21,Ray Spalding
17.0,4.1,1.4,29.2,0.1,0.8,.575,.475,3,98,8.5,0.1,0.7,17.9,0.5,7.6,19.1,.507,Omari Spellman,21.9,0.1,0.3,.136,21,Omari Spellman
,,,,,,,,,,,,,,,,,,,,,,,,
6.2,0.5,-5.6,5.0,0.0,-2.4,.730,.000,9,144,1.4,-0.1,-3.2,4.2,1.0,2.6,3.1,.378,Andre Spight,10.7,-0.2,-0.1,-0.031,,Andre Spight
8.0,0.9,-4.4,7.2,0.1,-2.0,.730,.079,13,202,0.6,0.0,-2.4,6.3,1.0,5.8,3.9,.445,Akeem Springs,14.6,-0.2,0.1,.022,,Akeem Springs
23.0,0.3,-0.9,9.1,0.4,-1.7,.358,.211,39,1245,1.3,1.5,0.8,13.4,1.6,12.0,5.1,.531,Jonathan Stark,17.8,0.6,1.9,.073,23,Jonathan Stark
3.9,1.8,-0.8,17.8,0.2,-1.0,.569,.259,10,229,5.3,0.4,0.2,12.4,0.6,9.8,11.7,.611,D.J. Stephens,13.0,0.1,0.6,.126,28,D.J. Stephens
5.6,1.2,-4.3,8.7,0.2,-1.8,.550,.147,31,339,3.3,0.0,-2.5,8.3,1.7,10.8,6.0,.478,Elijah Stewart,15.7,-0.3,0.1,.016,23,Elijah Stewart
5.1,1.6,-7.1,9.4,0.0,-1.7,.667,.125,12,99,0.0,-0.2,-5.5,2.7,0.9,13.6,4.6,.395,Elijah Stewart,12.0,-0.2,-0.1,-0.063,23,Elijah Stewart
2.0,0.0,-2.7,13.5,0.1,-1.3,.583,.125,3,70,3.1,0.1,-1.3,11.6,2.7,0.0,8.3,.494,Elijah Stewart,15.0,0.0,0.1,.099,23,Elijah Stewart
7.5,1.5,-3.4,6.4,0.1,-2.0,.492,.164,16,170,5.4,0.0,-1.3,10.3,1.7,13.3,5.9,.505,Elijah Stewart,18.3,-0.1,0.1,.029,23,Elijah Stewart
13.8,3.8,1.2,26.1,0.3,1.3,.117,.223,8,212,11.9,0.2,-0.1,21.0,1.5,20.7,19.2,.634,Jarnell Stokes,25.5,0.3,0.5,.120,25,Jarnell Stokes
11.9,4.4,0.9,26.9,0.2,2.0,.092,.262,6,163,12.1,0.2,-1.1,19.6,1.7,21.6,19.7,.628,Jarnell Stokes,23.6,0.2,0.4,.116,25,Jarnell Stokes
,,,,,,,,,,,,,,,,,,,,,,,,
20.3,1.7,2.3,23.5,0.1,-0.8,.172,.138,2,49,11.2,0.1,3.1,25.6,1.0,18.5,17.5,.650,Jarnell Stokes,32.1,0.1,0.1,.134,25,Jarnell Stokes
5.9,3.9,-1.8,20.5,0.6,-1.2,.220,.157,33,467,11.2,0.6,-0.6,21.8,1.7,12.8,15.8,.587,Diamond Stone,27.3,0.0,1.2,.126,21,Diamond Stone
4.4,4.8,-0.3,21.2,0.4,-1.6,.374,.204,21,273,11.6,0.7,1.2,24.3,1.2,12.1,16.4,.634,Diamond Stone,26.4,0.2,1.1,.193,21,Diamond Stone
8.1,2.6,-3.9,19.6,0.2,-0.7,.009,.093,12,194,10.8,-0.1,-3.2,18.4,2.4,13.8,15.1,.520,Diamond Stone,28.4,-0.2,0.1,.031,21,Diamond Stone
13.6,0.0,-9.9,8.2,0.0,-2.3,.357,.250,6,89,2.5,-0.3,-7.6,0.5,1.1,20.5,5.4,.322,Jay-R Strowbridge,18.3,-0.3,-0.2,-0.132,,Jay-R Strowbridge
6.9,1.9,-2.4,12.8,0.6,0.2,.004,.453,50,1026,8.4,1.1,-2.5,11.9,0.8,16.4,10.6,.597,Eric Stuteville,14.1,-0.2,1.7,.080,23,Eric Stuteville
12.4,0.8,0.7,15.1,1.0,0.6,.538,.146,47,898,4.1,1.0,0.1,12.7,1.8,12.6,9.6,.562,Taren Sullivan,14.6,1.0,2.0,.106,23,Taren Sullivan
20.5,1.5,1.2,7.0,0.5,-1.7,.336,.293,26,816,2.4,1.3,2.9,19.8,2.7,13.8,4.6,.569,Edmond Sumner,29.5,1.1,1.8,.106,23,Edmond Sumner
12.1,2.1,-2.5,29.2,0.5,1.2,.121,.311,12,326,13.4,-0.2,-3.7,15.0,1.6,22.7,21.3,.520,Caleb Swanigan,24.6,-0.1,0.2,.033,21,Caleb Swanigan
11.3,3.9,-2.5,25.4,0.1,0.8,.250,.214,4,90,8.0,0.0,-3.3,13.3,1.0,22.7,16.5,.555,Caleb Swanigan,18.3,0.0,0.1,.032,21,Caleb Swanigan
,,,,,,,,,,,,,,,,,,,,,,,,
12.5,1.4,-2.6,30.6,0.4,1.3,.087,.337,8,236,15.4,-0.2,-3.9,15.6,1.8,22.7,23.1,.511,Caleb Swanigan,27.1,-0.1,0.2,.034,21,Caleb Swanigan
5.6,1.0,-5.6,15.3,0.1,-1.4,.508,.102,17,172,2.5,-0.2,-4.2,6.9,1.9,18.5,8.9,.495,Devin Sweetney,18.2,-0.3,-0.1,-0.023,31,Devin Sweetney
9.4,4.1,1.7,10.8,1.5,2.1,.421,.341,49,1160,3.2,1.1,-0.4,13.9,2.5,14.3,7.1,.595,Craig Sword,16.1,1.8,2.6,.108,25,Craig Sword
28.4,2.6,-10.1,6.7,0.0,-3.0,.222,.222,2,31,3.5,0.0,-7.1,5.5,0.0,23.3,5.2,.354,Gary Talton,17.3,-0.1,0.0,-0.072,28,Gary Talton
3.8,0.4,-5.6,27.4,0.2,-3.1,.214,.696,23,187,11.2,0.3,-2.4,15.4,1.0,14.1,19.5,.595,Gerard Tarin,18.9,-0.3,0.4,.113,,Gerard Tarin
5.3,0.6,-3.0,8.9,0.2,-1.0,.451,.211,20,245,2.8,0.0,-2.0,7.9,2.2,6.1,6.0,.470,Evan Taylor,14.3,-0.1,0.2,.039,,Evan Taylor
10.0,0.6,-2.2,10.7,0.5,-1.6,.405,.183,32,1020,2.7,-0.1,-0.6,12.6,2.1,7.7,6.6,.481,Jared Terrell,22.8,-0.1,0.4,.018,23,Jared Terrell
6.6,4.8,0.4,22.5,1.4,2.1,.013,.429,39,982,11.4,1.1,-1.7,17.9,1.8,15.3,17.0,.583,Emanuel Terry,18.6,1.0,2.5,.120,22,Emanuel Terry
8.6,2.9,0.7,23.4,0.7,1.4,.005,.429,19,548,11.8,0.8,-0.6,18.7,1.9,13.7,17.8,.583,Emanuel Terry,19.9,0.6,1.5,.132,22,Emanuel Terry
4.1,7.2,0.1,21.4,0.7,3.1,.026,.427,20,434,10.8,0.3,-3.0,16.8,1.7,17.8,16.0,.583,Emanuel Terry,16.8,0.4,1.0,.106,22,Emanuel Terry
,,,,,,,,,,,,,,,,,,,,,,,,
9.2,2.2,2.1,17.9,0.7,2.0,.036,.231,34,639,13.4,0.9,0.1,15.8,2.6,14.3,15.6,.537,Travin Thibodeaux,14.0,1.1,1.6,.118,,Travin Thibodeaux
9.1,0.0,1.6,9.4,0.3,-1.7,.423,.201,10,323,1.0,0.9,3.2,19.2,2.1,8.5,5.1,.635,Khyri Thomas,22.8,0.5,1.2,.177,22,Khyri Thomas
12.1,1.2,-2.0,18.0,0.9,-0.2,.308,.209,30,1021,2.2,0.2,-1.8,13.3,1.5,10.5,10.0,.525,Hollis Thompson,22.4,0.0,1.1,.054,27,Hollis Thompson
8.6,0.9,-1.5,11.1,1.2,0.5,.420,.118,49,1014,3.8,0.0,-2.0,10.1,1.9,11.2,7.4,.498,Sam Thompson,16.0,0.2,1.2,.055,26,Sam Thompson
5.7,2.8,1.0,24.9,0.5,-1.3,.004,.329,30,616,19.5,2.0,2.3,26.1,0.9,16.3,22.1,.676,Shevon Thompson,21.9,0.8,2.5,.198,25,Shevon Thompson
13.3,0.8,3.5,11.5,1.3,-1.1,.455,.191,35,1015,4.0,2.4,4.6,22.1,2.5,8.3,7.7,.577,Marcus Thornton,29.1,2.3,3.6,.172,31,Marcus Thornton
8.2,0.8,-4.8,10.2,0.1,-2.1,.406,.563,6,184,1.8,-0.1,-2.7,9.7,1.3,19.2,6.2,.551,Sindarius Thornwell,22.7,-0.2,0.0,.005,24,Sindarius Thornwell
28.3,0.4,-6.0,7.5,0.0,-3.0,.194,.319,8,182,4.8,-0.1,-3.0,10.7,1.0,20.4,6.2,.493,Jarvis Threatt,23.5,-0.3,-0.1,-0.017,25,Jarvis Threatt
8.1,1.1,-2.6,18.0,0.1,-1.7,.219,.172,8,145,12.1,0.1,-0.9,15.2,1.3,10.4,15.1,.508,Justin Tillman,22.1,0.0,0.3,.088,,Justin Tillman
11.9,2.9,1.6,22.7,2.3,4.3,.159,.301,44,1048,8.7,0.1,-2.7,13.2,2.5,17.0,15.5,.490,Juan Toscano-Anderson,15.0,1.6,2.5,.114,,Juan Toscano-Anderson
,,,,,,,,,,,,,,,,,,,,,,,,
10.5,0.8,4.2,13.2,0.1,-4.0,.441,.265,6,206,4.0,0.9,8.2,31.1,2.3,6.8,8.5,.659,Gary Trent Jr.,32.8,0.5,1.0,.241,20,Gary Trent Jr.
28.5,0.3,0.3,11.6,0.5,-1.9,.365,.203,36,1217,2.0,1.9,2.1,16.9,1.9,12.9,6.7,.536,Travis Trice III,22.1,1.2,2.4,.094,26,Travis Trice III
37.1,0.6,1.7,11.0,0.2,-2.6,.393,.237,17,566,2.8,1.4,4.3,19.9,1.7,12.9,6.9,.546,Travis Trice III,24.7,0.9,1.6,.138,26,Travis Trice III
21.0,0.1,-0.9,12.1,0.3,-1.2,.336,.170,19,651,1.3,0.5,0.3,14.3,2.0,12.8,6.6,.526,Travis Trice III,19.9,0.3,0.7,.055,26,Travis Trice III
5.5,1.0,-1.3,13.4,0.3,1.5,.545,.061,13,166,1.3,0.0,-2.9,7.8,2.3,15.0,7.6,.531,Buay Tuach,10.3,0.0,0.3,.073,24,Buay Tuach
13.6,0.8,-2.0,12.6,0.0,-2.5,.676,.294,8,104,4.0,0.1,0.5,12.8,1.4,15.4,8.2,.573,Justin Tubbs,18.1,0.0,0.1,.066,,Justin Tubbs
9.1,0.8,-0.8,8.8,1.0,-1.8,.665,.093,49,1262,4.1,1.3,1.0,12.9,1.3,13.9,6.5,.579,Dakarai Tucker,20.0,0.6,2.2,.085,24,Dakarai Tucker
0.0,29.0,-3.8,0.0,0.0,16.3,,,1,3,0.0,0.0,-20.2,-4.1,0.0,100.0,0.0,,Stephen Ugochukwu,13.8,0.0,0.0,-0.380,,Stephen Ugochukwu
42.1,0.6,1.7,10.2,0.2,-0.6,.264,.500,5,132,2.4,0.2,2.2,22.1,2.9,12.9,6.3,.518,Tyler Ulis,33.3,0.2,0.4,.135,23,Tyler Ulis
24.5,0.0,-12.4,15.5,0.0,-1.9,.500,.000,2,14,0.0,0.0,-10.5,-1.4,0.0,33.3,7.5,.000,Wes VanBeck,8.7,-0.1,0.0,-0.132,,Wes VanBeck
,,,,,,,,,,,,,,,,,,,,,,,,
4.5,0.0,-3.7,28.1,0.1,-0.2,.143,.476,4,65,20.7,-0.1,-3.5,16.1,4.3,30.2,24.4,.571,Jarred Vanderbilt,23.1,0.0,0.0,.027,19,Jarred Vanderbilt
0.0,5.5,-11.9,16.3,0.0,-2.8,.000,1.222,6,45,12.2,-0.1,-9.1,6.1,0.0,33.6,14.3,.542,Jarvis Varnado,19.3,-0.2,0.0,-0.048,30,Jarvis Varnado
13.6,0.7,-1.8,13.0,0.6,-2.4,.478,.168,51,1395,2.7,1.1,0.6,14.7,1.6,10.9,7.8,.534,Rashad Vaughn,24.6,0.1,1.7,.059,22,Rashad Vaughn
11.1,1.3,-3.0,14.8,0.2,-2.4,.454,.125,21,517,3.0,0.0,-0.6,13.9,1.7,8.0,8.7,.491,Rashad Vaughn,25.0,-0.2,0.3,.025,22,Rashad Vaughn
15.1,0.3,-1.0,11.9,0.4,-2.3,.494,.196,30,878,2.5,1.1,1.3,15.2,1.5,12.7,7.2,.560,Rashad Vaughn,24.5,0.3,1.4,.079,22,Rashad Vaughn
20.3,1.7,-1.4,9.6,0.5,-0.8,.498,.150,25,446,3.1,0.1,-0.6,12.2,2.0,10.9,6.4,.476,Gabe Vincent,23.0,0.1,0.5,.057,22,Gabe Vincent
16.8,2.2,-0.2,18.9,0.1,-1.3,.463,.225,6,167,3.7,0.2,1.1,16.6,0.8,11.1,11.0,.563,Moritz Wagner,23.9,0.1,0.3,.096,21,Moritz Wagner
3.7,7.9,0.1,16.7,0.8,3.2,.000,.445,37,503,12.6,0.2,-3.1,14.7,1.0,24.2,14.6,.627,Anthony Walker,16.6,0.4,1.0,.098,25,Anthony Walker
8.5,5.7,1.5,19.8,1.4,3.2,.012,.536,49,868,12.7,1.0,-1.7,17.7,1.7,19.4,16.2,.597,Chris Walker,17.4,1.3,2.4,.133,24,Chris Walker
20.7,4.0,-5.0,11.1,0.0,-4.1,.154,.000,1,20,0.0,0.0,-0.9,20.5,0.0,7.1,5.6,.538,Lonnie Walker,29.5,0.0,0.0,.060,20,Lonnie Walker
,,,,,,,,,,,,,,,,,,,,,,,,
2.3,0.0,-6.7,17.2,0.1,-2.3,.615,.000,4,53,0.0,0.0,-4.4,8.3,1.8,23.5,8.9,.654,Tyrius Walker,13.8,-0.1,0.0,.044,23,Tyrius Walker
19.9,0.0,-9.7,17.3,0.0,-1.7,1.000,.000,1,6,0.0,0.0,-8.0,1.0,0.0,0.0,8.8,.000,Tyrius Walker,7.2,0.0,0.0,-0.081,23,Tyrius Walker
0.0,0.0,-6.4,17.2,0.1,-2.4,.583,.000,3,47,0.0,0.0,-3.9,9.2,2.0,25.0,8.9,.708,Tyrius Walker,14.6,-0.1,0.1,.059,23,Tyrius Walker
25.8,0.0,-3.0,9.5,0.0,-4.2,.273,.303,2,55,0.0,0.1,1.2,20.5,1.8,11.8,4.8,.575,Brad Wanamaker,33.2,0.0,0.1,.113,29,Brad Wanamaker
0.0,4.5,-4.6,21.9,0.0,0.3,.750,.250,2,19,0.0,0.0,-4.9,12.0,2.5,18.4,11.0,.676,Karrington Ward,12.5,0.0,0.0,.110,25,Karrington Ward
16.0,2.8,3.1,16.9,1.9,1.4,.199,.185,47,1466,8.2,2.3,1.7,20.0,1.9,9.9,12.5,.543,Jameel Warney,24.0,3.1,4.2,.138,25,Jameel Warney
17.7,2.9,5.3,16.4,1.3,1.7,.150,.181,25,802,9.9,2.1,3.5,23.6,1.5,8.4,13.3,.570,Jameel Warney,26.1,2.4,3.4,.205,25,Jameel Warney
13.9,2.6,0.5,17.6,0.6,1.1,.273,.191,22,664,6.1,0.2,-0.6,15.6,2.5,12.0,11.7,.501,Jameel Warney,21.4,0.7,0.8,.056,25,Jameel Warney
12.7,1.9,2.7,18.5,0.4,-0.8,.030,.625,44,910,11.0,3.8,3.5,23.8,0.5,13.0,14.7,.682,Hakim Warrick,20.7,1.8,4.2,.220,36,Hakim Warrick
6.9,0.4,0.0,13.3,0.7,-0.9,.434,.095,38,1229,4.3,1.6,0.9,12.6,1.5,10.1,8.9,.576,Julian Washburn,14.6,1.0,2.3,.088,27,Julian Washburn
,,,,,,,,,,,,,,,,,,,,,,,,
7.4,0.0,2.2,14.4,0.5,0.1,.412,.105,15,499,5.1,0.9,2.1,15.2,2.2,11.6,9.9,.625,Julian Washburn,15.1,0.9,1.4,.133,27,Julian Washburn
6.6,0.7,-1.5,12.6,0.2,-1.6,.449,.088,23,730,3.8,0.7,0.0,10.9,1.1,8.9,8.2,.542,Julian Washburn,14.2,0.1,0.9,.058,27,Julian Washburn
2.0,2.0,-5.9,17.5,0.1,-3.9,.219,.178,16,161,18.4,0.1,-2.0,15.3,1.4,13.2,17.9,.540,Kyle Washington,23.5,-0.3,0.2,.073,,Kyle Washington
2.0,2.1,-5.1,17.3,0.1,-4.0,.214,.186,14,157,18.9,0.2,-1.1,16.4,1.2,12.7,18.1,.561,Kyle Washington,22.9,-0.2,0.3,.099,,Kyle Washington
0.0,0.0,-35.9,26.0,0.0,0.6,.333,.000,2,4,0.0,-0.1,-36.5,-28.8,12.0,25.0,13.0,.000,Kyle Washington,43.6,-0.1,-0.1,-0.967,,Kyle Washington
10.4,2.7,1.4,17.0,1.2,1.1,.322,.286,33,1119,5.3,1.4,0.3,14.9,1.3,10.7,11.3,.540,Yuta Watanabe,18.1,1.6,2.6,.112,24,Yuta Watanabe
5.6,1.0,-1.3,14.2,1.0,0.1,.797,.147,48,899,2.5,0.4,-1.4,8.4,1.4,7.5,8.3,.504,Christian Watford,12.3,0.3,1.4,.076,27,Christian Watford
4.3,1.5,-0.7,14.0,2.2,1.5,.422,.228,50,1533,2.1,-0.1,-2.3,7.9,1.3,13.1,8.3,.530,Paul Watson,12.4,0.8,2.1,.067,24,Paul Watson
9.6,1.6,-0.4,20.4,1.1,-0.7,.550,.161,39,1206,2.6,1.1,0.3,14.1,1.3,8.6,11.2,.539,Travis Wear,20.9,0.8,2.2,.088,28,Travis Wear
28.9,1.0,3.5,12.0,1.4,1.7,.194,.247,33,1037,3.1,1.7,1.9,19.3,4.2,17.7,7.6,.588,Briante Weber,20.6,2.4,3.1,.143,26,Briante Weber
,,,,,,,,,,,,,,,,,,,,,,,,
18.4,1.2,-0.5,11.5,1.1,0.0,.184,.412,40,982,2.4,1.1,-0.5,16.1,2.2,15.5,7.1,.567,Dez Wells,23.8,0.6,2.2,.109,26,Dez Wells
9.2,1.8,-1.1,26.5,0.3,-0.9,.191,.223,20,460,11.5,0.8,-0.2,17.4,0.3,15.2,18.9,.595,Thomas Welsh,18.6,0.2,1.1,.116,22,Thomas Welsh
8.6,2.1,0.1,26.6,0.2,-0.8,.177,.177,13,318,11.5,0.7,0.9,20.0,0.3,14.7,18.9,.636,Thomas Welsh,19.0,0.3,0.9,.143,22,Thomas Welsh
10.5,1.2,-3.6,26.3,0.1,-0.9,.227,.341,7,142,11.4,0.1,-2.6,11.5,0.3,16.5,18.8,.494,Thomas Welsh,17.7,-0.1,0.2,.055,22,Thomas Welsh
7.8,4.2,1.0,21.2,1.3,1.3,.284,.251,42,872,12.8,1.1,-0.3,16.9,1.2,15.8,17.0,.573,Wenyen Gabriel,21.0,1.1,2.3,.128,21,Wenyen Gabriel
4.5,1.1,-2.4,11.4,0.9,-1.9,.606,.167,50,1535,1.5,1.0,-0.6,11.0,0.8,9.4,6.5,.570,Andrew White,17.6,-0.3,2.0,.062,25,Andrew White
21.4,1.9,-0.1,10.5,0.9,-0.2,.270,.220,25,731,3.5,0.2,0.1,16.4,2.0,11.1,7.0,.496,Isaiah Whitehead,29.6,0.6,1.0,.067,23,Isaiah Whitehead
7.1,1.2,0.0,16.7,0.7,-0.4,.374,.282,21,597,10.5,0.8,0.3,15.0,1.3,11.0,13.6,.536,Okaro White,20.0,0.5,1.5,.119,26,Okaro White
6.4,0.9,-0.3,14.9,0.5,-0.6,.381,.290,14,396,10.7,0.5,0.3,14.2,0.7,12.5,12.8,.555,Okaro White,19.5,0.3,1.0,.122,26,Okaro White
8.6,1.7,0.5,20.2,0.2,0.1,.361,.265,7,201,10.2,0.2,0.4,16.5,2.6,7.9,15.2,.502,Okaro White,20.8,0.2,0.5,.115,26,Okaro White
,,,,,,,,,,,,,,,,,,,,,,,,
14.9,0.4,-2.1,15.1,1.4,0.3,.262,.368,49,959,3.4,0.0,-2.4,11.6,1.6,14.1,9.5,.500,Sekou Wiggs,19.4,0.0,1.4,.069,,Sekou Wiggs
17.2,0.4,-3.2,12.5,1.1,0.3,.270,.441,44,817,3.1,-0.3,-3.5,10.9,2.2,13.7,7.8,.479,Thomas Wilder,19.4,-0.4,0.8,.047,,Thomas Wilder
9.2,2.6,1.0,13.1,1.5,2.8,.514,.142,48,1179,3.5,0.7,-1.8,8.8,1.3,14.1,8.3,.537,Isaiah Wilkins,7.9,1.5,2.2,.089,23,Isaiah Wilkins
13.1,2.5,1.5,34.5,2.2,1.6,.102,.365,41,1107,12.3,2.1,-0.1,23.2,1.0,11.4,23.6,.548,Alan Williams,29.3,1.6,4.2,.184,26,Alan Williams
8.3,1.7,-0.9,11.8,0.5,-1.4,.576,.113,36,1066,1.6,0.4,0.5,12.5,1.5,9.2,6.6,.531,C.J. Williams,20.8,0.5,0.9,.040,28,C.J. Williams
13.3,2.1,-0.2,19.5,1.5,0.7,.012,.305,50,1439,7.2,1.3,-0.9,17.9,1.5,16.0,13.2,.581,Jacorey Williams,23.4,1.1,2.8,.094,24,Jacorey Williams
9.7,2.9,-0.3,20.9,1.0,0.2,.093,.293,36,982,11.9,0.9,-0.6,18.4,1.2,13.0,16.3,.553,Johnathan Williams,23.5,0.7,1.9,.091,23,Johnathan Williams
16.6,2.9,6.2,23.3,0.4,3.5,.238,.250,7,211,12.2,0.5,2.7,22.7,3.4,8.3,17.9,.546,Kenrich Williams,19.5,0.7,0.9,.206,24,Kenrich Williams
17.5,2.9,7.0,27.5,0.4,4.2,.226,.321,5,147,13.3,0.3,2.8,23.6,2.9,9.0,20.7,.554,Kenrich Williams,19.4,0.5,0.7,.232,24,Kenrich Williams
14.7,2.7,4.3,13.6,0.1,1.9,.259,.111,2,64,9.7,0.1,2.4,20.6,4.4,6.6,11.6,.530,Kenrich Williams,19.7,0.2,0.2,.147,24,Kenrich Williams
,,,,,,,,,,,,,,,,,,,,,,,,
48.5,0.5,-5.0,11.7,0.7,-2.3,.520,.100,31,808,0.9,-0.5,-2.7,11.1,1.5,26.9,6.4,.433,Marcus Williams,20.4,-1.0,0.2,.012,33,Marcus Williams
10.3,1.1,-7.2,4.1,0.0,0.4,.462,.154,5,80,1.3,-0.3,-7.6,-1.2,2.4,17.8,2.7,.072,Prince Williams,8.9,-0.2,-0.2,-0.143,26,Prince Williams
15.2,8.1,8.9,25.6,0.2,4.2,.000,.311,5,126,15.2,0.6,4.7,31.7,1.1,10.5,20.4,.743,Robert Williams,19.5,0.6,0.9,.330,21,Robert Williams
12.0,2.5,-3.3,21.1,0.1,1.1,.333,.111,11,98,9.6,-0.1,-4.3,9.3,1.4,24.1,15.5,.477,Tommy Williams,15.6,-0.1,0.0,.023,25,Tommy Williams
9.1,1.8,0.0,19.5,1.6,0.1,.374,.336,34,990,4.9,0.6,-0.1,18.6,2.7,12.5,12.3,.548,Troy Williams,29.1,0.8,2.2,.107,24,Troy Williams
12.6,2.3,4.0,17.9,0.2,0.3,.467,.150,6,139,4.2,0.4,3.6,22.2,3.0,9.9,10.8,.641,D.J. Wilson,20.7,0.3,0.5,.178,22,D.J. Wilson
8.0,0.6,-1.8,14.0,0.8,-0.1,.407,.380,31,623,4.7,0.3,-1.8,10.7,1.3,16.2,9.4,.549,Thomas Wimbush,19.1,0.0,1.1,.081,25,Thomas Wimbush
5.8,2.9,1.2,19.3,1.9,2.5,.645,.159,48,1229,3.4,0.4,-1.4,10.6,1.8,12.4,11.2,.524,Todd Withers,12.2,1.6,2.3,.088,,Todd Withers
6.4,1.9,0.3,26.3,1.1,1.5,.000,.320,38,694,16.2,1.0,-1.2,16.4,1.4,19.8,21.2,.588,Adam Woodbury,15.1,0.7,2.1,.146,25,Adam Woodbury
6.5,1.9,0.6,25.8,1.1,1.6,.000,.320,36,682,16.3,1.0,-1.0,16.5,1.5,20.0,21.0,.591,Adam Woodbury,15.2,0.7,2.1,.147,25,Adam Woodbury
,,,,,,,,,,,,,,,,,,,,,,,,
0.0,0.0,-16.8,52.4,0.0,-6.6,.000,.333,2,12,8.9,0.0,-10.1,11.7,0.0,0.0,30.9,.436,Adam Woodbury,11.9,-0.1,0.0,.122,25,Adam Woodbury
12.0,5.0,6.0,29.4,1.2,1.2,.182,.480,28,989,11.1,3.7,4.9,31.3,1.4,11.3,20.0,.631,Christian Wood,30.1,3.3,5.0,.241,23,Christian Wood
8.1,4.2,3.1,16.0,1.3,2.5,.090,.365,38,721,6.8,1.5,0.6,20.2,2.9,13.2,11.5,.635,Chris Wright,20.5,1.5,2.7,.183,30,Chris Wright
12.2,0.3,-3.0,6.2,0.2,-1.5,.368,.397,30,266,2.5,0.2,-1.5,10.1,2.4,9.1,4.3,.507,Jay Wright,14.4,-0.1,0.4,.077,24,Jay Wright
11.5,0.0,-6.2,11.1,0.0,-3.9,.429,.286,1,28,3.8,0.0,-2.3,11.6,1.7,11.3,7.5,.508,Guerschon Yabusele,27.3,0.0,0.0,.024,23,Guerschon Yabusele
15.8,0.2,-0.3,9.9,0.8,-2.6,.601,.169,41,1198,1.7,1.5,2.3,15.6,1.7,11.8,5.8,.563,Gabe York,24.6,0.9,2.3,.091,25,Gabe York
10.2,1.8,0.5,13.1,0.3,-1.6,.498,.332,19,602,3.4,1.0,2.1,17.4,1.6,11.4,8.1,.580,James Young,23.6,0.6,1.3,.101,23,James Young
10.8,3.0,3.4,18.4,1.5,4.6,.054,.423,41,645,14.5,0.6,-1.2,15.5,3.1,23.0,16.4,.554,Kevin Young,13.0,1.5,2.0,.150,28,Kevin Young
12.1,3.9,2.1,24.7,1.8,3.3,.011,.324,44,883,11.8,1.0,-1.2,18.0,1.3,19.4,18.5,.591,Stephen Zimmerman,18.7,1.5,2.8,.150,22,Stephen Zimmerman
