name,Teams,age,GP,GS,MPG,FG PerM,FGA PerM,FG %,FG3 PerM,FG3A PerM,FG3 %,FG2 PerM,FG2A PerM,FTPerM,ORB PerM,DRB PerM,TRB PerM,APerM,SPerM,BPerM,TO PerM,Fouls PerM,PPerM
Muhammad-Ali Abdur-Rahkman,CAN,,49,5,986,4.0,9.5,.418,2.2,6.1,.355,.526,3.5,1.4,0.8,2.5,3.3,2.7,0.9,0.2,1.2,2.7,11.5
Quincy Acy,TEX,28,3,3,100,9.0,19.4,.463,2.5,7.2,.350,.529,12.2,2.9,1.4,6.8,8.3,1.4,1.1,1.8,1.4,4.3,23.4
Jaylen Adams,HAW,22,20,20,633,5.5,13.9,.396,2.6,7.8,.336,.472,6.1,2.4,1.0,4.2,5.1,6.7,1.9,0.3,3.0,3.2,16.0
Jordan Adams,RIO,24,2,0,7,5.1,10.3,.500,5.1,10.3,.500,,0.0,0.0,0.0,5.1,5.1,10.3,10.3,0.0,5.1,10.3,15.4
Josh Adams,RAP,,20,11,598,6.7,16.6,.404,2.6,7.1,.364,.433,9.5,2.8,0.5,4.7,5.2,5.3,1.3,0.7,3.6,3.2,18.8
Deng Adel,,,,,,,,,,,,,,,,,,,,,,,
Deng Adel,CAN,21,12,12,364,5.6,12.6,.449,1.0,3.1,.323,.490,9.5,2.1,1.2,6.0,7.2,2.6,0.7,0.6,2.5,1.8,14.3
Deng Adel,RAP,21,25,24,779,5.6,13.0,.431,1.4,4.4,.323,.486,8.5,2.4,0.8,5.5,6.2,3.0,0.9,0.5,2.3,1.7,15.1
DeVaughn Akoon-Purcell,DEL,25,2,0,58,8.7,19.9,.438,4.3,7.4,.583,.350,12.4,8.7,0.6,5.0,5.6,5.0,2.5,0.6,4.3,4.3,30.4
Bryce Alford,OKL,24,50,21,1503,5.4,13.5,.399,3.2,9.3,.349,.509,4.2,2.9,0.2,3.8,4.1,4.3,1.1,0.1,2.0,1.4,16.8
,,,,,,,,,,,,,,,,,,,,,,,
Rawle Alkins,WCB,21,44,17,1138,6.4,14.3,.448,1.4,4.6,.306,.515,9.8,1.4,2.4,5.3,7.6,4.0,1.3,1.0,3.0,2.4,15.7
Dakarai Allen,,,,,,,,,,,,,,,,,,,,,,,
Dakarai Allen,ACC,,11,1,125,2.9,6.3,.455,0.3,0.9,.333,.474,5.5,0.9,0.6,4.0,4.6,0.6,0.3,0.3,1.7,4.3,6.9
Dakarai Allen,GRR,,28,4,626,4.9,9.5,.521,0.5,1.6,.286,.569,7.9,1.0,0.9,4.8,5.7,1.2,1.4,0.7,1.5,3.9,11.3
Grayson Allen,SLS,23,12,12,368,6.2,13.3,.463,3.3,8.2,.405,.558,5.1,3.5,0.3,2.8,3.1,2.7,1.2,0.4,2.0,2.3,19.2
Kadeem Allen,WES,26,39,39,1240,6.5,14.4,.451,1.1,2.5,.425,.456,11.9,3.2,1.1,5.0,6.1,7.2,1.7,0.5,2.9,3.0,17.3
Lavoy Allen,CGG,29,17,7,377,6.6,11.2,.590,0.5,0.9,.556,.593,10.3,1.9,6.4,5.8,12.2,2.1,1.2,2.6,2.6,4.4,15.6
Marcus Allen,SBL,,43,23,899,6.0,12.5,.482,0.6,1.9,.319,.511,10.6,2.1,1.2,3.1,4.3,1.8,1.4,0.3,1.7,3.6,14.7
Noah Allen,CGG,,42,31,1108,4.7,11.6,.409,1.7,5.6,.301,.511,6.0,1.9,1.3,6.7,7.9,3.3,1.4,0.3,2.2,2.4,13.0
C.J. Anderson,,,,,,,,,,,,,,,,,,,,,,,
,,,,,,,,,,,,,,,,,,,,,,,
C.J. Anderson,HAW,22,35,0,467,2.7,6.9,.393,0.6,2.1,.296,.435,4.8,1.5,1.9,4.3,6.2,3.8,0.8,0.1,2.0,4.3,7.5
C.J. Anderson,SFL,22,4,0,54,1.3,5.3,.250,0.7,1.3,.500,.167,4.0,2.7,0.7,4.7,5.3,2.7,0.7,0.0,1.3,2.0,6.0
Ryan Anderson,DEL,,37,4,677,6.0,12.3,.485,0.4,2.0,.189,.541,10.3,2.7,6.0,10.9,16.9,2.3,0.9,0.7,2.1,3.0,15.0
Braian Angola-Rodas,LKL,22,38,5,924,4.8,11.5,.418,2.1,5.8,.356,.483,5.6,2.9,1.4,5.2,6.6,3.4,2.3,0.7,1.4,3.5,14.5
Ike Anigbogu,FOR,20,21,21,571,5.9,12.7,.468,0.0,0.0,,.468,12.7,2.8,5.4,7.3,12.7,0.9,0.6,2.5,3.3,3.8,14.6
Kostas Antetokounmpo,TEX,21,40,25,1016,5.1,9.8,.525,0.4,1.5,.244,.574,8.3,4.3,2.6,6.1,8.7,1.0,1.3,1.9,2.6,5.0,15.0
Isaiah Armwood,CGG,,36,20,820,5.0,9.1,.551,0.0,0.3,.000,.567,8.8,2.9,3.3,7.2,10.6,2.0,1.2,2.4,2.3,3.2,13.0
Jamel Artis,ACC,26,31,28,1072,6.5,14.5,.450,1.8,5.4,.335,.518,9.1,2.4,1.1,3.6,4.7,3.4,0.9,0.2,2.6,2.2,17.3
J.J. Avila,,,,,,,,,,,,,,,,,,,,,,,
J.J. Avila,ACC,27,29,1,596,4.9,9.2,.529,1.4,3.1,.462,.564,6.1,1.8,2.7,6.8,9.5,2.5,1.6,0.7,1.3,3.1,13.0
,,,,,,,,,,,,,,,,,,,,,,,
J.J. Avila,TEX,27,15,1,175,5.8,9.9,.583,0.0,1.9,.000,.718,8.0,3.7,3.1,4.9,8.0,2.7,1.4,1.2,1.6,4.5,15.2
Dwayne Bacon,SWR,23,17,17,546,9.3,22.5,.412,1.8,7.0,.255,.483,15.6,4.5,1.2,6.7,7.8,2.4,1.4,0.3,2.2,2.1,24.9
Travis Bader,AUS,27,17,0,417,5.3,13.1,.401,2.6,7.6,.341,.484,5.5,0.9,0.7,2.0,2.7,1.6,1.2,0.0,1.0,3.7,14.0
Wade Baldwin,,,,,,,,,,,,,,,,,,,,,,,
Wade Baldwin,RAP,22,8,8,253,10.0,20.3,.490,2.1,5.4,.395,.524,14.9,2.6,1.0,5.4,6.4,4.8,1.6,0.3,2.8,3.6,24.6
Wade Baldwin,TEX,22,6,5,197,9.3,20.5,.455,0.9,3.7,.250,.500,16.8,5.3,1.3,4.4,5.7,3.8,2.4,0.2,2.7,3.7,24.9
Cat Barber,,,,,,,,,,,,,,,,,,,,,,,
Cat Barber,HAW,24,14,12,533,8.1,16.7,.486,0.7,3.2,.213,.550,13.5,4.3,1.1,3.4,4.5,7.5,1.7,0.1,4.1,2.2,21.1
Cat Barber,SWR,24,28,2,559,6.8,16.7,.405,1.0,4.3,.239,.464,12.4,3.8,0.7,4.4,5.1,5.6,1.3,0.0,2.8,2.3,18.4
Jaylen Barford,SWR,23,47,18,1179,10.1,22.8,.441,2.7,7.9,.341,.494,15.0,2.7,1.3,4.3,5.6,1.9,1.6,0.2,2.7,2.3,25.5
,,,,,,,,,,,,,,,,,,,,,,,
Kentrell Barkley,RIO,,7,0,55,2.6,8.5,.308,0.0,1.3,.000,.364,7.2,1.3,2.0,2.6,4.6,2.6,0.0,0.7,2.0,5.9,6.5
Jordan Barnett,,,,,,,,,,,,,,,,,,,,,,,
Jordan Barnett,FOR,23,17,0,291,4.7,7.9,.594,0.9,3.1,.280,.795,4.8,1.1,3.0,6.4,9.4,1.4,1.1,1.9,1.4,2.5,11.4
Jordan Barnett,WIS,23,18,4,356,3.8,8.1,.475,1.4,4.7,.304,.706,3.4,0.7,0.8,2.5,3.3,1.6,1.1,0.9,0.8,2.6,9.8
Canyon Barry,WOL,25,42,24,1140,4.5,9.5,.475,1.7,4.3,.407,.530,5.2,2.6,0.6,4.9,5.5,1.9,0.8,0.7,1.5,1.7,13.4
Keita Bates-Diop,WOL,23,16,16,585,6.9,15.5,.444,1.7,5.1,.337,.497,10.4,2.0,1.7,7.1,8.7,1.8,1.2,1.7,1.7,2.3,17.5
Devon Baulkman,WES,27,39,7,798,5.2,12.7,.411,1.9,5.4,.358,.451,7.3,0.9,1.5,3.8,5.3,1.9,1.3,0.9,1.6,3.6,13.4
V.J. Beachem,,,,,,,,,,,,,,,,,,,,,,,
V.J. Beachem,WCB,24,42,15,914,3.7,10.0,.369,2.4,7.0,.339,.436,3.1,1.0,0.6,3.7,4.3,1.6,1.1,0.5,1.0,2.3,10.8
V.J. Beachem,WIS,24,1,0,2,0.0,0.0,,0.0,0.0,,,0.0,0.0,0.0,0.0,0.0,0.0,0.0,0.0,0.0,0.0,0.0
,,,,,,,,,,,,,,,,,,,,,,,
Trae Bell-Haynes,WIS,,8,0,151,4.8,8.3,.571,0.5,1.9,.250,.667,6.4,1.2,1.2,1.9,3.1,5.7,0.7,0.0,2.6,3.3,11.2
Kyle Benjamin,SLS,,2,0,27,0.0,4.0,.000,0.0,0.0,,.000,4.0,2.7,1.3,9.3,10.7,0.0,0.0,1.3,1.3,6.7,2.7
Anthony Bennett,ACC,25,25,7,523,7.0,12.7,.546,3.6,8.1,.453,.706,4.7,3.4,1.6,6.1,7.7,2.1,1.5,0.7,2.1,3.2,20.9
Joel Berry,SBL,23,21,6,469,7.0,17.9,.391,2.1,8.1,.267,.492,9.8,1.8,0.5,1.6,2.1,4.0,1.0,0.5,2.4,3.1,18.0
Michael Bethea Jr.,GRR,,46,13,1045,5.9,14.3,.411,3.0,8.5,.347,.506,5.8,2.3,1.0,4.5,5.5,1.5,1.5,0.1,2.1,3.0,17.1
Justin Bibbs,,,,,,,,,,,,,,,,,,,,,,,
Justin Bibbs,ACC,23,5,0,127,4.5,9.4,.485,1.7,6.0,.286,.833,3.4,0.9,1.1,4.5,5.7,2.3,0.6,0.0,1.4,2.6,11.6
Justin Bibbs,MAI,23,44,30,1320,5.2,12.5,.416,2.1,6.6,.320,.523,5.9,1.7,0.3,3.2,3.6,3.2,1.0,0.1,1.5,1.4,14.2
DeJuan Blair,AUS,29,23,0,312,8.7,17.3,.500,0.0,0.0,,.500,17.3,5.3,4.2,6.9,11.1,4.5,2.1,0.8,3.1,6.1,22.6
Antonio Blakeney,WCB,22,2,2,71,8.1,19.8,.410,1.0,2.5,.400,.412,17.2,2.0,1.0,8.1,9.1,3.5,0.5,0.0,2.0,4.1,19.3
,,,,,,,,,,,,,,,,,,,,,,,
Jaron Blossomgame,,,,,,,,,,,,,,,,,,,,,,,
Jaron Blossomgame,AUS,25,6,6,220,9.2,16.4,.560,0.8,1.8,.455,.573,14.6,4.6,1.8,5.9,7.7,2.9,0.2,1.0,2.6,1.6,23.7
Jaron Blossomgame,CAN,25,29,25,948,7.4,17.0,.436,1.5,5.1,.296,.497,11.8,2.8,1.6,6.3,7.9,2.2,0.9,1.2,1.8,2.2,19.1
Vander Blue,,,,,,,,,,,,,,,,,,,,,,,
Vander Blue,TEX,26,17,4,449,6.3,15.2,.418,1.4,4.2,.321,.456,10.9,3.8,0.6,4.1,4.7,2.2,1.4,0.1,2.2,2.9,17.8
Vander Blue,WIS,26,22,10,631,3.8,11.0,.344,0.8,3.8,.209,.416,7.1,2.7,1.1,4.0,5.1,3.3,1.4,0.0,2.1,2.4,11.0
Trevon Bluiett,,,,,,,,,,,,,,,,,,,,,,,
Trevon Bluiett,SLS,24,7,7,215,5.2,13.2,.392,3.2,6.7,.475,.308,6.5,2.7,0.8,4.7,5.5,3.2,1.3,0.7,1.3,3.0,16.2
Trevon Bluiett,WES,24,17,0,381,6.4,16.1,.400,3.0,8.9,.340,.474,7.2,2.6,2.0,4.4,6.4,2.4,1.2,0.3,1.9,3.1,18.4
Ryan Boatright,,,,,,,,,,,,,,,,,,,,,,,
,,,,,,,,,,,,,,,,,,,,,,,
Ryan Boatright,ACC,26,7,4,160,4.5,11.0,.408,2.0,6.3,.321,.524,4.7,0.7,0.5,3.2,3.6,8.1,1.4,0.2,1.8,3.8,11.7
Ryan Boatright,TEX,26,4,0,60,5.4,12.6,.429,3.6,7.8,.462,.375,4.8,0.0,0.6,4.2,4.8,4.8,1.2,0.0,6.6,1.8,14.4
John Bohannon,MAI,27,43,18,895,5.8,9.5,.603,0.2,0.6,.286,.623,9.0,1.6,4.5,10.7,15.2,5.5,0.9,2.7,2.4,3.9,13.2
Jonah Bolden,DEL,23,8,8,248,6.2,15.0,.417,2.6,7.5,.346,.490,7.4,2.6,3.2,10.5,13.6,3.8,1.7,0.9,3.5,3.8,17.7
Tim Bond,RIO,23,47,0,809,4.3,12.4,.348,1.2,4.4,.263,.394,8.0,2.0,1.6,4.8,6.5,6.7,2.2,1.2,3.9,4.0,11.7
Isaac Bonga,SBL,19,31,29,869,5.5,12.6,.438,1.4,4.0,.344,.481,8.6,2.9,2.4,5.6,7.9,3.3,1.5,1.4,3.7,4.1,15.2
Devon Bookert,AUS,,12,4,195,3.1,8.1,.386,1.5,4.6,.320,.474,3.5,0.0,0.7,2.8,3.5,7.0,1.1,0.2,2.8,3.9,7.8
Chris Boucher,RAP,26,28,28,957,10.2,20.0,.509,2.3,7.3,.320,.618,12.7,5.9,3.1,8.9,12.0,1.2,1.3,4.3,2.2,3.1,28.6
Cinmeon Bowers,WIS,,8,0,135,5.6,15.2,.368,0.8,2.7,.300,.383,12.5,2.1,6.7,5.9,12.5,4.0,1.3,1.3,1.6,3.7,14.1
Jacobi Boykins,RIO,,28,0,474,6.5,15.8,.409,4.2,11.5,.362,.536,4.3,2.6,0.9,5.2,6.1,1.8,1.4,0.5,2.0,2.8,19.7
,,,,,,,,,,,,,,,,,,,,,,,
Tony Bradley,SLS,21,20,20,509,8.6,14.7,.587,0.4,1.6,.261,.627,13.1,1.3,4.3,5.7,10.0,1.8,0.4,1.6,2.1,4.2,19.0
Stephaun Branch,SLS,23,50,34,1252,3.8,8.7,.436,1.0,3.5,.295,.530,5.2,1.1,1.5,5.4,6.9,1.7,2.0,1.9,1.7,2.9,9.7
Amida Brimah,AUS,24,47,8,1097,5.7,9.0,.633,0.0,0.0,,.633,9.0,2.1,4.7,8.0,12.6,2.0,0.4,4.5,3.8,4.9,13.5
Isaiah Briscoe,LKL,22,2,2,62,7.0,13.4,.522,1.2,2.3,.500,.526,11.0,3.5,0.0,0.0,0.0,8.1,1.7,0.6,1.7,5.2,18.6
Anthony Brown,LKL,26,27,16,783,6.0,14.2,.421,2.1,5.9,.352,.470,8.3,2.0,1.1,5.7,6.8,2.9,1.2,0.6,2.6,2.4,16.0
Bruce Brown,GRR,22,2,2,66,6.5,15.8,.414,0.0,2.2,.000,.480,13.6,3.8,2.7,4.9,7.6,3.8,0.5,2.2,2.2,3.3,16.9
Elijah Brown,GRR,,11,0,145,5.0,14.4,.345,1.2,6.7,.185,.484,7.7,2.2,1.2,3.5,4.7,1.7,1.5,0.0,3.0,3.2,13.4
Jared Brownridge,DEL,,49,27,1428,6.7,15.9,.420,4.7,11.9,.397,.488,4.0,1.6,0.5,2.1,2.6,2.7,0.9,0.1,1.1,2.1,19.7
Sterling Brown,WIS,23,3,3,109,7.9,16.8,.471,2.6,7.9,.333,.593,8.9,0.3,1.3,5.6,6.9,4.0,1.7,0.0,2.6,3.3,18.8
Vitto Brown,MAI,23,47,22,1176,5.2,12.6,.409,3.0,8.3,.364,.496,4.3,1.5,1.3,5.5,6.8,1.5,0.7,0.6,1.5,3.3,14.9
,,,,,,,,,,,,,,,,,,,,,,,
Thomas Bryant,CGG,21,1,1,33,7.6,13.1,.583,1.1,3.3,.333,.667,9.8,6.5,6.5,9.8,16.4,3.3,0.0,4.4,2.2,2.2,22.9
Michael Bryson,DEL,24,4,1,49,5.1,10.3,.500,2.9,5.9,.500,.500,4.4,1.5,1.5,3.7,5.1,0.7,0.7,1.5,1.5,6.6,14.7
Connor Burchfield,,,,,,,,,,,,,,,,,,,,,,,
Connor Burchfield,AUS,,9,0,83,3.5,9.5,.364,1.7,6.5,.267,.571,3.0,1.3,0.4,6.5,6.9,2.2,0.9,0.0,3.0,2.6,10.0
Connor Burchfield,SFL,,4,0,31,2.3,10.5,.222,1.2,7.0,.167,.333,3.5,0.0,0.0,0.0,0.0,1.2,1.2,0.0,0.0,1.2,5.8
Trahson Burrell,TEX,26,27,0,511,5.2,10.6,.493,2.4,5.6,.425,.571,4.9,0.8,1.8,5.9,7.7,3.2,1.6,0.5,1.8,3.2,13.6
Deonte Burton,SLS,27,41,12,853,3.7,10.0,.370,1.1,3.5,.321,.396,6.5,1.8,0.5,2.4,3.0,5.5,1.2,0.3,2.3,3.0,10.4
Deonte Burton,OKL,25,24,22,703,7.0,15.5,.452,1.5,5.1,.300,.527,10.4,4.3,1.2,4.7,5.9,4.0,2.7,1.2,3.4,2.2,19.9
Bruno Caboclo,RIO,23,28,23,793,7.5,14.6,.517,3.1,7.2,.430,.601,7.4,2.6,3.3,5.9,9.2,1.6,1.5,3.9,2.4,4.9,20.8
Antonio Campbell,LKL,,43,10,772,8.3,17.4,.480,3.2,8.2,.386,.563,9.2,1.8,2.2,5.8,8.0,2.1,1.3,0.7,2.6,5.9,21.6
,,,,,,,,,,,,,,,,,,,,,,,
Jeffrey Carroll,SBL,24,24,11,489,6.6,13.8,.476,1.6,5.1,.319,.568,8.7,2.3,1.5,3.7,5.2,1.5,1.4,0.1,1.4,2.1,17.0
Phillip Carr,,,,,,,,,,,,,,,,,,,,,,,
Phillip Carr,CAN,23,13,0,151,3.8,11.0,.348,0.7,4.3,.167,.464,6.7,1.7,3.3,5.7,9.1,0.5,0.7,0.5,2.6,5.0,10.0
Phillip Carr,WES,23,10,0,92,2.0,5.1,.385,0.4,1.2,.333,.400,3.9,2.0,0.0,3.9,3.9,1.2,0.4,0.8,0.4,2.3,6.3
Jevon Carter,MEM,23,22,22,759,7.2,16.6,.433,2.2,5.6,.387,.457,10.9,2.7,1.0,3.8,4.8,6.2,2.8,0.5,3.1,3.2,19.2
Alex Caruso,SBL,24,27,26,770,6.0,14.4,.414,1.4,5.0,.274,.488,9.5,4.4,1.2,3.5,4.7,7.3,2.7,0.7,4.2,2.8,17.7
Kyle Casey,MEM,29,40,22,967,5.2,10.5,.502,0.9,2.5,.343,.551,8.0,2.9,1.5,7.6,9.1,3.4,0.8,1.0,2.4,4.7,14.2
Troy Caupain,LKL,23,49,49,1651,6.5,13.5,.480,1.9,4.9,.388,.533,8.6,2.6,0.9,5.5,6.3,5.4,1.0,0.1,2.1,1.5,17.5
Tyler Cavanaugh,SLS,24,41,26,1240,7.0,15.1,.461,2.6,6.6,.403,.505,8.6,4.6,1.9,7.4,9.2,3.2,0.8,0.5,2.4,3.2,21.1
Austin Chatman,SFL,,14,1,147,2.4,7.1,.345,1.7,4.9,.350,.333,2.2,0.0,0.7,2.2,2.9,4.9,1.2,0.0,2.7,6.4,6.6
,,,,,,,,,,,,,,,,,,,,,,,
Kameron Chatman,HAW,,15,4,298,5.4,13.2,.413,1.3,5.9,.224,.567,7.2,1.1,0.6,5.9,6.5,1.7,2.1,0.2,1.3,4.0,13.3
Joe Chealey,SWR,23,43,38,1345,6.4,14.7,.436,1.3,3.9,.340,.471,10.7,4.7,0.6,3.6,4.2,6.1,1.2,0.2,2.6,2.5,18.8
Will Cherry,SAN,27,46,29,1287,4.7,12.3,.383,0.7,3.4,.198,.453,8.9,1.7,0.8,3.9,4.8,5.6,2.1,0.4,2.2,3.2,11.7
Quinton Chievous,CGG,26,23,0,323,4.5,8.1,.548,0.8,2.2,.350,.623,5.9,3.0,2.2,4.0,6.2,1.9,0.8,0.1,2.3,5.3,12.7
Chris Chiozza,,,,,,,,,,,,,,,,,,,,,,,
Chris Chiozza,CGG,23,43,43,1441,5.4,12.5,.435,1.9,4.5,.420,.443,7.9,1.8,0.7,4.4,5.2,7.3,1.9,0.1,2.8,2.5,14.6
Chris Chiozza,RIO,23,4,3,128,3.9,8.4,.467,2.0,6.2,.318,.875,2.3,0.8,0.6,4.5,5.1,14.1,2.3,0.0,3.1,2.5,10.7
Gary Clark,RIO,24,7,7,212,4.9,12.2,.403,2.5,8.5,.300,.636,3.7,1.9,2.0,5.8,7.8,3.9,1.5,1.0,1.4,2.2,14.3
Antonius Cleveland,SAN,24,42,23,1115,5.7,12.6,.454,1.3,3.6,.364,.489,9.0,2.4,1.6,5.3,6.9,2.8,2.2,1.1,1.9,3.3,15.1
Jeffrey Coby,AUS,,3,0,40,2.7,9.0,.300,0.9,3.6,.250,.333,5.4,0.0,2.7,9.9,12.6,0.0,1.8,0.9,0.9,4.5,6.3
,,,,,,,,,,,,,,,,,,,,,,,
Kyle Collinsworth,RAP,27,29,28,871,5.0,10.7,.463,0.8,2.4,.322,.505,8.3,1.5,2.9,5.7,8.6,3.9,2.3,0.8,2.5,2.4,12.2
Bonzie Colson,,,,,,,,,,,,,,,,,,,,,,,
Bonzie Colson,CAN,23,23,22,664,7.2,14.6,.494,2.2,5.5,.392,.557,9.1,2.7,2.0,7.9,9.8,1.8,0.9,1.7,1.5,2.5,19.3
Bonzie Colson,WIS,23,23,22,754,6.3,14.8,.424,1.5,5.3,.291,.497,9.5,1.6,2.0,4.6,6.6,1.5,1.1,0.8,1.5,2.1,15.7
Chance Comanche,CAN,22,27,8,372,3.9,8.4,.460,0.0,0.1,.000,.465,8.3,4.6,4.2,6.0,10.2,1.4,0.6,1.8,2.1,6.1,12.4
Charles Cooke,SFL,24,40,25,1263,6.0,12.9,.464,1.6,4.7,.339,.535,8.2,2.8,1.3,3.4,4.7,2.6,1.3,0.5,1.9,2.3,16.4
Derek Cooke Jr.,,,,,,,,,,,,,,,,,,,,,,,
Derek Cooke Jr.,NAS,27,20,4,451,4.7,10.5,.450,0.0,0.2,.000,.457,10.3,1.4,6.4,6.4,12.8,2.0,2.6,1.0,2.3,3.4,10.8
Derek Cooke Jr.,RAP,27,25,15,664,5.7,10.5,.541,0.1,0.2,.333,.545,10.4,2.0,6.3,9.1,15.4,1.7,2.0,1.0,1.6,3.1,13.4
Tyrell Corbin,,,,,,,,,,,,,,,,,,,,,,,
,,,,,,,,,,,,,,,,,,,,,,,
Tyrell Corbin,NAS,,1,0,3,0.0,0.0,,0.0,0.0,,,0.0,0.0,0.0,0.0,0.0,0.0,0.0,0.0,12.0,12.0,0.0
Tyrell Corbin,STK,,16,2,165,3.1,10.0,.304,1.5,5.2,.292,.318,4.8,1.3,0.7,3.5,4.1,4.8,1.5,0.2,2.0,2.6,8.9
Isaiah Cousins,SLS,24,39,37,1202,7.0,15.9,.439,2.1,5.4,.389,.464,10.5,1.4,0.7,4.2,4.9,6.9,1.3,0.1,2.5,2.5,17.5
Jaleel Cousins,SAN,25,26,1,143,4.5,8.8,.514,0.5,0.5,1.000,.485,8.3,3.5,2.8,5.0,7.8,2.8,2.3,0.8,5.3,8.6,13.1
Markel Crawford,MEM,24,47,19,1142,5.9,14.6,.404,1.8,5.7,.309,.465,8.9,2.0,0.9,4.0,4.9,2.6,1.9,0.3,2.0,2.9,15.5
Mitchell Creek,LIN,26,41,32,1251,7.0,12.6,.554,0.4,1.8,.222,.609,10.8,3.7,2.8,3.7,6.5,2.7,1.2,0.3,2.0,2.4,18.1
DeAndre Daniels,TEX,26,8,1,141,4.6,11.2,.409,0.5,3.8,.133,.552,7.4,1.3,3.8,6.4,10.2,1.8,0.3,2.6,1.0,4.1,11.0
A.J. Davis,DEL,31,2,0,30,1.2,2.4,.500,0.0,0.0,,.500,2.4,1.2,4.8,2.4,7.2,1.2,0.0,0.0,1.2,8.4,3.6
Deyonta Davis,SAN,22,43,43,1007,7.1,12.2,.587,0.0,0.1,.000,.592,12.1,0.7,3.0,8.5,11.5,1.8,1.4,2.0,2.0,5.1,15.0
Devin Davis,LKL,23,41,7,711,5.5,11.0,.500,0.8,2.6,.294,.563,8.5,1.5,1.6,6.4,7.9,2.6,1.2,0.6,1.8,3.8,13.3
,,,,,,,,,,,,,,,,,,,,,,,
Mike Davis,CGG,30,22,0,230,5.0,10.0,.500,0.0,0.3,.000,.516,9.7,1.9,2.3,7.0,9.4,2.2,1.6,0.8,2.3,4.9,11.9
Trey Davis,MAI,25,9,0,140,4.4,13.6,.321,1.8,6.2,.292,.345,7.5,2.3,1.3,6.2,7.5,6.7,1.5,0.0,3.1,1.5,12.9
Tyler Davis,OKL,21,15,8,401,8.8,15.4,.573,0.0,0.0,,.573,15.4,5.6,7.8,7.9,15.7,2.3,0.8,2.4,2.6,4.2,23.2
Will Davis,LIN,26,10,0,115,6.9,12.5,.550,0.6,0.9,.667,.541,11.6,0.0,3.8,5.6,9.4,1.9,0.3,1.9,1.6,2.5,14.4
John Dawson,SWR,23,29,0,365,3.2,9.0,.352,2.3,6.0,.377,.300,3.0,0.2,1.0,3.4,4.3,3.8,1.3,0.6,2.2,5.6,8.8
Quenton DeCosey,,,,,,,,,,,,,,,,,,,,,,,
Quenton DeCosey,SLS,,8,0,135,4.5,9.9,.459,0.3,1.9,.143,.533,8.0,1.6,0.8,3.2,4.0,2.1,0.8,0.3,4.8,3.7,10.9
Quenton DeCosey,MAI,,8,0,76,7.1,18.5,.385,0.0,3.3,.000,.469,15.2,3.3,2.8,5.2,8.1,2.8,1.4,0.9,2.4,3.3,17.5
Angel Delgado,ACC,24,44,43,1471,8.6,13.9,.618,0.2,0.8,.258,.638,13.2,2.5,4.3,11.5,15.9,2.9,0.7,1.2,3.2,2.8,20.0
Cody Demps,STK,25,50,42,1535,4.9,10.9,.447,1.0,3.1,.311,.502,7.8,3.2,1.5,3.9,5.4,3.9,1.4,0.4,2.2,3.7,13.8
,,,,,,,,,,,,,,,,,,,,,,,
Justin Dentmon,TEX,33,7,4,198,6.4,16.0,.398,4.4,10.7,.407,.379,5.3,5.1,0.4,1.6,2.0,2.4,1.5,0.0,1.6,2.2,22.2
Demetrius Denzel-Dyson,FOR,23,43,8,763,4.6,11.3,.408,2.7,6.4,.419,.394,4.9,1.7,1.2,4.2,5.4,1.0,0.9,0.1,1.9,2.5,13.6
Marcus Derrickson,SAN,22,35,35,953,6.7,14.4,.467,2.5,6.0,.419,.502,8.3,2.2,1.9,5.5,7.4,2.5,1.0,0.7,2.4,3.8,18.2
Hamidou Diallo,OKL,20,6,6,179,8.6,19.5,.443,1.4,4.6,.304,.486,14.9,4.4,3.4,5.6,9.1,1.6,2.2,1.2,1.8,4.4,23.1
Donte DiVincenzo,WIS,22,4,4,112,7.1,16.4,.431,2.3,8.4,.269,.600,8.0,3.2,2.3,3.2,5.5,2.6,1.9,1.3,5.8,2.9,19.6
Asauhn Dixon-Tatum,TEX,,10,2,179,5.2,8.6,.605,0.0,0.0,,.605,8.6,0.8,3.2,4.8,8.0,0.0,0.8,1.4,1.0,5.6,11.3
Daniel Dixon,NAS,24,29,10,726,4.9,12.2,.398,1.8,5.9,.311,.480,6.3,1.3,0.5,4.4,4.9,3.2,0.8,0.3,2.5,2.7,12.8
Dikembe Dixson,,,,,,,,,,,,,,,,,,,,,,,
Dikembe Dixson,CGG,,6,0,67,7.5,14.0,.538,4.3,7.5,.571,.500,6.4,4.8,1.6,4.8,6.4,0.5,1.1,0.5,2.7,4.3,24.2
Dikembe Dixson,WCB,,6,0,46,5.5,12.5,.438,0.8,4.7,.167,.600,7.8,2.3,1.6,1.6,3.1,0.8,2.3,0.0,2.3,3.9,14.1
,,,,,,,,,,,,,,,,,,,,,,,
Tyler Dorsey,,,,,,,,,,,,,,,,,,,,,,,
Tyler Dorsey,HAW,22,1,1,44,9.0,18.0,.500,0.8,4.9,.167,.625,13.1,10.6,1.6,9.0,10.6,4.1,1.6,1.6,1.6,3.3,29.5
Tyler Dorsey,MEM,22,4,0,115,10.3,20.3,.508,3.8,9.7,.387,.618,10.6,5.9,0.3,6.6,6.9,5.3,2.2,0.6,3.1,2.2,30.4
PJ Dozier,MAI,22,46,46,1624,8.4,18.2,.460,1.6,5.2,.312,.519,13.0,3.1,1.4,5.3,6.7,6.7,1.3,0.7,3.5,3.2,21.5
Terrence Drisdom,,,,,,,,,,,,,,,,,,,,,,,
Terrence Drisdom,DEL,26,9,0,114,4.7,9.5,.500,1.6,2.2,.714,.435,7.3,0.3,0.9,4.4,5.4,2.8,2.8,0.3,1.3,3.5,11.4
Terrence Drisdom,MEM,26,5,0,44,0.8,7.4,.111,0.0,1.6,.000,.143,5.7,0.0,2.5,4.1,6.5,0.0,0.0,0.0,1.6,2.5,1.6
Duje Dukan,,,,,,,,,,,,,,,,,,,,,,,
Duje Dukan,CGG,27,28,4,569,5.6,11.9,.468,1.8,5.3,.337,.571,6.6,4.2,2.0,4.9,7.0,1.6,0.9,0.4,1.4,4.7,17.1
Duje Dukan,OKL,27,3,0,17,0.0,6.4,.000,0.0,2.1,.000,.000,4.2,0.0,2.1,2.1,4.2,2.1,2.1,0.0,0.0,4.2,0.0
,,,,,,,,,,,,,,,,,,,,,,,
Kellen Dunham,CGG,25,50,1,1071,4.3,9.1,.474,2.7,5.8,.454,.510,3.3,1.7,0.8,3.0,3.7,1.2,1.0,0.1,1.2,2.3,13.0
Trevon Duval,WIS,20,39,21,1102,6.3,14.8,.423,1.1,4.5,.241,.502,10.4,2.3,0.5,3.0,3.6,4.4,1.5,0.1,3.1,2.8,15.9
Vincent Edwards,RIO,22,31,30,948,4.3,11.3,.380,2.2,7.1,.316,.491,4.2,0.6,1.9,4.2,6.1,2.5,0.8,0.6,1.3,2.8,11.5
Henry Ellenson,GRR,22,8,8,257,6.2,15.3,.404,2.2,6.7,.333,.459,8.5,6.9,1.3,11.9,13.2,3.2,0.6,1.3,2.8,1.8,21.4
Aaron Epps,NAS,,49,25,1170,6.2,12.4,.504,2.2,6.0,.366,.632,6.4,0.8,2.9,7.0,9.9,1.0,0.6,1.3,1.5,4.5,15.5
Drew Eubanks,AUS,21,32,32,799,9.7,15.0,.648,0.0,0.1,.000,.652,14.9,4.2,2.7,8.5,11.2,1.8,0.7,3.7,2.8,3.7,23.6
Jawun Evans,NAS,22,32,26,927,7.1,16.0,.443,1.0,2.9,.338,.466,13.2,3.5,0.4,4.2,4.6,6.9,2.0,0.3,3.9,3.3,18.7
Jacob Evans,SAN,21,21,16,548,6.2,14.1,.437,1.2,3.9,.305,.487,10.2,2.0,0.7,4.0,4.7,3.4,1.2,1.1,2.8,2.8,15.5
Keenan Evans,,,,,,,,,,,,,,,,,,,,,,,
Keenan Evans,DEL,22,24,20,572,4.2,9.6,.434,1.1,3.4,.315,.500,6.2,3.5,0.8,3.8,4.6,5.0,1.5,0.3,2.1,2.9,12.8
,,,,,,,,,,,,,,,,,,,,,,,
Keenan Evans,GRR,22,21,19,671,5.6,12.6,.443,2.1,4.9,.429,.451,7.7,3.2,0.7,3.4,4.1,3.8,1.0,0.1,2.0,2.4,16.4
C.J. Fair,WCB,27,46,42,1412,5.6,10.8,.513,0.7,2.4,.290,.575,8.5,3.1,2.0,6.3,8.2,3.4,1.4,1.4,1.5,2.0,14.9
Matt Farrell,DEL,22,45,17,1216,5.4,13.1,.410,2.5,7.3,.351,.485,5.8,1.1,0.5,3.8,4.3,7.5,1.1,0.1,3.1,2.5,14.4
Kay Felder,RAP,23,11,11,353,6.9,17.9,.386,2.1,7.1,.300,.443,10.8,4.3,0.8,3.8,4.6,7.1,1.7,0.5,2.2,3.8,20.3
Brandon Fields,ACC,30,49,29,1354,4.7,11.6,.406,2.1,5.8,.356,.457,5.8,1.4,0.3,2.2,2.5,5.4,1.1,0.3,2.0,1.9,12.9
Matthew Fisher-Davis,,,,,,,,,,,,,,,,,,,,,,,
Matthew Fisher-Davis,RIO,,10,0,68,2.6,10.6,.250,2.1,9.0,.235,.333,1.6,1.6,1.1,1.6,2.6,1.6,2.1,0.0,1.6,3.7,9.0
Matthew Fisher-Davis,WES,,1,0,16,2.3,9.0,.250,0.0,6.8,.000,1.000,2.3,0.0,0.0,9.0,9.0,2.3,0.0,0.0,0.0,9.0,4.5
Tre'Shaun Fletcher,SLS,,9,0,70,4.1,9.8,.421,2.6,7.2,.357,.600,2.6,0.0,0.0,3.1,3.1,2.1,0.5,0.5,3.1,5.1,10.8
Melvin Frazier,LKL,22,1,1,31,4.6,15.1,.308,0.0,3.5,.000,.400,11.6,5.8,1.2,3.5,4.6,0.0,0.0,2.3,1.2,3.5,15.1
,,,,,,,,,,,,,,,,,,,,,,,
Michael Frazier,RIO,24,45,39,1498,6.2,13.8,.449,3.1,8.0,.381,.542,5.8,2.8,1.3,4.7,6.1,3.6,1.6,0.3,2.2,3.0,18.2
Abdul Gaddy,OKL,27,49,48,1425,4.7,8.5,.557,1.0,2.2,.449,.595,6.2,1.3,0.6,3.4,4.0,8.3,1.2,0.1,2.9,3.1,11.7
Kanellos Garbis,WIS,,13,0,64,2.3,4.5,.500,0.6,1.1,.500,.500,3.4,0.6,1.1,2.3,3.4,3.4,1.1,0.6,2.8,3.9,5.6
Shep Garner,GRR,,42,0,683,4.5,13.1,.341,3.5,10.0,.347,.322,3.1,0.8,0.3,3.1,3.4,2.4,1.5,0.2,2.0,3.2,13.2
Billy Garrett,WES,24,48,32,1432,7.3,15.5,.475,1.4,4.4,.322,.535,11.1,3.9,0.3,3.7,4.0,4.4,1.1,0.2,2.5,2.7,20.0
Kaiser Gates,WCB,22,50,9,1299,5.4,13.2,.408,3.8,10.1,.375,.513,3.1,3.0,1.4,7.5,8.8,2.6,1.3,0.5,1.4,3.1,17.7
Michael Gbinije,SAN,26,46,29,1205,3.6,9.1,.399,1.9,5.4,.348,.472,3.7,0.8,0.7,3.4,4.1,2.3,1.4,0.3,1.1,2.3,9.9
Marcus Georges-Hunt,MAI,24,9,8,320,4.7,11.0,.429,1.5,4.4,.333,.492,6.6,2.4,1.1,3.7,4.8,1.4,1.6,0.2,2.3,2.1,13.3
Harry Giles,STK,20,4,1,91,14.6,26.9,.544,3.2,4.4,.727,.509,22.5,3.6,2.8,8.7,11.5,4.7,0.8,1.6,4.7,5.9,36.0
L.G. Gill,WOL,24,36,14,501,5.1,9.5,.538,0.4,0.5,.714,.528,9.0,1.6,3.2,3.5,6.7,1.1,0.5,0.4,1.4,5.5,12.1
,,,,,,,,,,,,,,,,,,,,,,,
John Gillon,,,,,,,,,,,,,,,,,,,,,,,
John Gillon,HAW,24,36,26,1093,4.5,10.7,.423,1.9,5.1,.365,.476,5.5,5.4,0.3,3.2,3.5,7.0,1.2,0.2,3.0,2.6,16.3
John Gillon,SWR,24,10,6,258,4.9,11.4,.427,1.8,4.6,.394,.449,6.8,5.0,0.1,2.7,2.8,8.5,1.1,0.0,4.2,2.8,16.6
Gyorgy Goloman,WES,,50,5,648,4.4,10.2,.437,1.7,4.7,.353,.510,5.4,2.3,2.1,5.2,7.3,1.6,1.0,2.3,1.8,4.9,12.8
Archie Goodwin,MAI,24,29,5,857,7.7,16.7,.461,1.0,4.2,.242,.534,12.5,4.3,1.6,4.8,6.4,4.8,1.5,0.8,3.0,2.3,20.7
Brandon Goodwin,,,,,,,,,,,,,,,,,,,,,,,
Brandon Goodwin,MEM,23,11,10,332,9.9,18.9,.523,2.2,6.4,.339,.617,12.5,3.7,0.7,5.1,5.7,4.7,1.7,0.1,2.7,2.1,25.6
Brandon Goodwin,WOL,23,16,15,623,7.5,15.8,.471,2.3,5.5,.411,.503,10.3,2.4,1.7,5.9,7.6,5.5,1.4,0.2,2.3,2.0,19.6
Drew Gordon,LIN,28,35,2,566,6.6,13.3,.498,0.3,2.0,.156,.559,11.3,2.8,5.2,10.0,15.1,2.0,0.8,0.9,1.8,3.3,16.3
Devonte' Graham,SWR,23,13,13,441,8.5,19.3,.441,4.0,10.4,.383,.509,8.8,3.8,0.7,4.2,5.0,4.9,1.7,0.0,2.9,1.5,24.7
,,,,,,,,,,,,,,,,,,,,,,,
Treveon Graham,LIN,25,1,1,26,8.3,15.2,.545,2.8,6.9,.400,.667,8.3,4.2,2.8,8.3,11.1,1.4,4.2,0.0,4.2,2.8,23.5
Donte Grantham,OKL,23,34,27,902,5.0,12.5,.404,2.7,7.3,.372,.450,5.1,1.5,1.5,7.3,8.8,2.7,1.5,0.5,1.6,2.0,14.2
Kendall Gray,LIN,26,5,0,33,7.6,10.9,.700,0.0,0.0,,.700,10.9,12.0,9.8,3.3,13.1,1.1,1.1,2.2,3.3,10.9,27.3
Rob Gray,FOR,24,46,10,1278,8.0,17.9,.447,1.9,5.3,.349,.488,12.6,4.3,1.0,3.4,4.4,4.1,1.3,0.5,2.5,2.4,22.1
Jordan Green,AUS,25,39,13,847,3.8,7.8,.489,0.5,1.4,.324,.527,6.4,1.6,0.9,2.3,3.1,2.5,0.9,0.3,2.6,3.1,9.7
Derrick Griffin,SBL,,25,3,264,8.3,13.6,.610,0.0,0.0,,.610,13.6,2.2,6.5,5.6,12.1,1.5,0.7,1.0,1.8,4.6,18.8
Isaac Haas,SLS,23,33,21,602,7.9,12.3,.644,0.0,0.1,.000,.647,12.2,3.8,3.0,6.6,9.6,1.6,0.8,1.6,3.1,5.1,19.6
Devon Hall,OKL,,10,3,211,4.3,11.4,.373,3.2,7.7,.422,.273,3.8,0.7,0.3,1.9,2.2,2.7,0.7,0.2,0.9,2.6,12.5
Ferrakohn Hall,WCB,28,47,23,864,6.2,13.5,.458,1.8,4.5,.394,.491,8.9,2.1,2.0,5.6,7.5,3.5,0.8,1.1,2.3,5.2,16.2
Daniel Hamilton,,,,,,,,,,,,,,,,,,,,,,,
,,,,,,,,,,,,,,,,,,,,,,,
Daniel Hamilton,HAW,23,4,4,137,8.1,17.3,.470,1.6,5.3,.300,.543,12.1,1.3,1.6,10.0,11.6,7.6,0.3,0.5,3.9,2.4,19.2
Daniel Hamilton,RIO,23,1,0,10,3.6,10.8,.333,0.0,3.6,.000,.500,7.2,0.0,3.6,10.8,14.4,3.6,0.0,0.0,3.6,3.6,7.2
Isaac Hamilton,CAN,24,31,0,319,3.2,10.5,.301,1.0,4.4,.231,.352,6.1,1.2,1.1,4.7,5.9,4.2,1.4,0.2,2.1,2.8,8.6
Johnny Hamilton,GRR,24,49,20,1189,6.6,11.5,.576,0.0,0.1,.333,.578,11.4,3.3,5.6,7.3,12.9,1.9,0.5,3.6,2.7,3.8,16.6
Dusty Hannahs,MEM,25,49,7,1254,7.3,15.4,.477,2.5,6.0,.413,.517,9.4,3.2,0.4,2.2,2.6,1.9,0.6,0.1,2.1,2.8,20.4
Justin Harper,SBL,29,35,5,789,6.1,15.4,.396,3.0,8.7,.342,.466,6.8,1.9,1.8,4.3,6.1,3.4,0.5,0.4,1.6,3.1,17.1
Isaiah Hartenstein,RIO,20,26,26,842,8.6,13.9,.622,0.7,2.7,.274,.703,11.2,3.6,5.7,10.9,16.6,4.1,0.7,2.2,3.6,3.8,21.6
Tyler Harvey,MEM,25,38,26,1059,7.8,16.0,.483,3.5,8.0,.436,.530,8.0,2.8,0.6,3.4,4.0,4.5,1.7,0.2,2.7,3.2,21.8
Spencer Hawes,SBL,,9,6,223,6.9,15.3,.453,2.9,6.5,.450,.455,8.9,3.9,2.1,8.4,10.5,5.8,1.8,2.1,2.6,3.9,20.7
Randy Haynes,GRR,,5,0,34,4.2,12.7,.333,0.0,0.0,,.333,12.7,2.1,3.2,2.1,5.3,1.1,0.0,0.0,2.1,2.1,10.6
,,,,,,,,,,,,,,,,,,,,,,,
Reggie Hearn,STK,27,40,29,1133,4.6,10.7,.429,3.1,7.6,.408,.480,3.1,2.2,0.8,5.0,5.7,1.9,0.3,0.3,1.9,3.6,14.4
Corey Henderson,AUS,,5,0,95,3.0,12.1,.250,1.1,6.1,.188,.313,6.1,1.9,0.4,1.9,2.3,3.0,0.8,0.0,2.3,3.8,9.1
Kevin Hervey,OKL,22,32,15,727,6.5,14.7,.444,2.8,8.8,.315,.639,5.9,1.6,2.9,7.7,10.6,2.5,2.0,2.2,1.7,3.8,17.4
A.J. Hess,WIS,,17,3,437,3.5,9.4,.368,2.2,6.7,.333,.455,2.7,1.0,0.3,2.1,2.4,1.2,1.0,0.3,0.9,2.6,10.1
Robert Heyer,SBL,26,37,9,756,3.7,8.4,.443,1.4,4.4,.312,.590,4.0,0.9,1.5,4.0,5.5,2.7,1.4,0.2,1.2,3.0,9.7
Nate Hickman,WES,,7,0,54,2.0,8.7,.231,0.7,4.0,.167,.286,4.7,0.7,0.0,5.3,5.3,2.7,2.7,0.0,2.0,4.7,5.3
Isaiah Hicks,WES,24,27,27,810,7.6,15.5,.490,0.9,3.0,.313,.532,12.5,3.7,2.2,6.6,8.8,3.0,1.2,2.2,3.5,4.1,19.8
Stephan Hicks,FOR,26,48,47,1563,6.0,13.2,.458,1.1,3.7,.304,.518,9.5,3.8,2.8,4.8,7.6,1.2,0.7,0.3,1.7,2.1,17.0
Haywood Highsmith,DEL,22,46,42,1485,5.0,11.7,.430,1.8,5.3,.338,.506,6.4,1.7,2.3,5.4,7.6,2.7,1.3,0.6,1.9,2.2,13.6
Jeremiah Hill,LKL,,44,0,768,5.4,12.5,.434,2.6,6.8,.386,.492,5.7,0.9,1.0,3.5,4.5,5.2,1.5,0.5,1.6,2.0,14.4
,,,,,,,,,,,,,,,,,,,,,,,
D.J. Hogg,DEL,,43,11,1049,5.5,13.2,.419,3.4,9.1,.368,.534,4.0,1.3,0.8,4.8,5.6,1.9,1.2,1.5,2.0,2.7,15.7
Demarcus Holland,,,,,,,,,,,,,,,,,,,,,,,
Demarcus Holland,SBL,24,12,6,340,4.9,11.3,.430,0.6,2.6,.240,.488,8.7,2.4,1.3,4.1,5.4,1.4,1.3,0.2,2.0,3.3,12.8
Demarcus Holland,ACC,24,26,1,449,5.1,11.6,.434,1.3,3.7,.348,.475,7.9,1.0,2.0,3.2,5.2,2.8,1.5,0.3,2.2,2.6,12.3
John Holland,,,,,,,,,,,,,,,,,,,,,,,
John Holland,CAN,30,2,2,57,6.9,15.2,.458,2.5,8.8,.286,.700,6.3,1.3,0.0,0.0,0.0,0.6,1.9,0.0,1.9,3.2,17.7
John Holland,AUS,30,38,18,1107,6.0,14.0,.425,3.0,8.0,.376,.489,6.0,4.7,0.8,3.1,3.9,2.8,1.7,0.2,2.7,3.1,19.6
Tra-Deon Hollins,FOR,23,30,15,809,3.6,9.1,.395,0.4,2.0,.178,.456,7.1,2.1,0.8,3.2,4.0,10.6,3.2,0.7,4.0,4.3,9.7
Jeremy Hollowell,HAW,24,49,9,1138,6.4,14.2,.451,1.9,5.9,.321,.544,8.3,2.4,2.5,6.2,8.7,2.8,0.9,1.3,2.2,4.0,17.1
Scotty Hopson,OKL,29,35,30,981,8.6,16.3,.528,1.5,4.6,.323,.608,11.7,2.6,1.0,4.4,5.4,3.7,1.5,0.3,2.8,2.7,21.3
,,,,,,,,,,,,,,,,,,,,,,,
Jon Horford,GRR,27,21,8,369,3.1,6.0,.516,0.3,1.1,.273,.569,5.0,1.0,4.6,9.9,14.4,2.1,0.6,1.0,2.1,6.2,7.5
Je'Lon Hornbeak,FOR,,22,3,298,3.6,8.8,.411,3.1,6.6,.473,.222,2.2,0.7,0.5,2.4,2.9,3.5,1.2,0.6,2.1,4.0,11.1
Keith Hornsby,TEX,27,46,39,1273,5.8,11.7,.498,2.3,4.8,.491,.502,6.9,2.1,0.8,2.7,3.5,2.0,1.4,0.1,1.1,1.3,16.0
Danuel House,RIO,25,18,18,606,7.2,16.9,.426,3.0,9.2,.329,.543,7.7,4.7,0.6,4.2,4.8,4.0,1.3,0.7,2.7,1.8,22.1
Jordan Howard,,,,,,,,,,,,,,,,,,,,,,,
Jordan Howard,RAP,,22,6,482,7.2,15.7,.457,3.4,8.2,.409,.510,7.5,2.5,0.1,3.7,3.8,4.3,1.0,0.0,2.5,3.4,20.2
Jordan Howard,TEX,,4,0,53,2.7,10.2,.267,1.4,5.4,.250,.286,4.8,4.8,0.7,2.0,2.7,6.1,2.0,0.0,0.0,2.7,11.5
Pe'Shon Howard,CGG,,49,20,1277,5.1,13.3,.381,2.9,7.2,.406,.352,6.2,2.3,0.4,3.2,3.6,4.6,1.3,0.1,2.6,2.5,15.3
Josh Huestis,AUS,27,27,22,765,4.0,11.6,.341,2.1,6.6,.314,.377,5.0,0.5,1.5,3.9,5.4,1.4,0.8,1.3,1.9,2.5,10.4
Isaac Humphries,HAW,21,46,34,1005,8.0,14.9,.538,1.0,3.1,.337,.591,11.8,1.5,3.1,8.3,11.5,1.7,1.3,1.6,2.7,3.7,18.6
,,,,,,,,,,,,,,,,,,,,,,,
R.J. Hunter,,,,,,,,,,,,,,,,,,,,,,,
R.J. Hunter,HAW,25,22,22,730,7.5,17.7,.426,3.5,10.2,.343,.539,7.5,5.3,0.7,5.3,6.1,4.7,2.2,1.0,2.6,3.3,23.9
R.J. Hunter,MAI,25,22,20,718,5.7,15.3,.373,2.9,8.7,.333,.424,6.6,2.0,0.4,5.1,5.5,4.1,1.2,1.3,3.2,3.5,16.3
Andre Ingram,SBL,33,37,15,903,4.5,11.4,.397,2.4,6.5,.360,.447,4.9,1.6,0.7,3.5,4.2,1.6,1.0,0.2,0.9,2.0,13.0
Donte Ingram,TEX,22,42,8,642,3.3,8.8,.376,1.5,5.2,.293,.492,3.6,0.6,1.5,3.8,5.2,1.4,0.9,0.1,0.7,2.2,8.7
Uchenna Iroegbu,STK,,3,0,32,4.5,9.0,.500,2.3,3.4,.667,.400,5.6,4.5,0.0,1.1,1.1,1.1,0.0,0.0,2.3,5.6,15.8
Zak Irvin,WES,,30,28,974,5.9,10.4,.569,0.0,0.4,.100,.587,10.0,1.3,2.3,7.2,9.5,3.3,1.1,0.2,1.7,1.6,13.1
Mareik Isom,,,,,,,,,,,,,,,,,,,,,,,
Mareik Isom,SLS,,14,0,189,2.5,8.4,.295,1.1,5.1,.222,.412,3.2,0.6,1.5,3.4,5.0,0.6,1.3,0.6,1.0,5.0,6.7
Mareik Isom,WIS,,6,0,63,1.1,7.4,.154,0.6,4.6,.125,.200,2.9,1.7,4.0,6.3,10.3,0.6,1.1,0.0,0.6,6.3,4.6
,,,,,,,,,,,,,,,,,,,,,,,
Lonnie Walker IV,AUS,,28,27,777,8.6,19.8,.436,1.6,4.3,.366,.455,15.5,2.8,0.9,2.8,3.8,2.2,1.5,0.4,1.8,2.5,21.6
Jarrett Jack,SFL,,1,1,29,11.2,21.1,.529,1.2,3.7,.333,.571,17.4,2.5,0.0,6.2,6.2,7.4,1.2,0.0,7.4,1.2,26.1
Kadeem Jack,SBL,26,9,1,167,5.2,11.6,.444,0.0,1.1,.000,.490,10.6,1.5,2.4,6.5,8.8,0.6,0.9,0.9,1.9,5.0,11.9
Demetrius Jackson,DEL,24,8,8,280,6.9,15.8,.439,1.9,6.3,.306,.527,9.5,3.6,1.4,3.3,4.8,7.6,1.3,0.3,4.0,4.1,19.4
Frank Jackson,TEX,20,4,3,133,11.1,21.7,.513,1.9,7.0,.269,.630,14.6,4.9,1.4,2.2,3.5,3.0,0.8,0.5,2.7,5.1,29.0
Justin Jackson,LKL,21,10,4,181,3.4,9.7,.347,1.2,5.8,.207,.550,4.0,1.0,2.4,5.2,7.6,1.8,1.0,1.0,2.4,3.0,9.0
Parker Jackson-Cartwright,WES,,2,0,7,0.0,0.0,,0.0,0.0,,,0.0,0.0,0.0,0.0,0.0,0.0,0.0,0.0,10.3,5.1,0.0
Amile Jefferson,LKL,25,34,34,1129,8.1,13.9,.584,0.0,0.1,.250,.587,13.7,3.3,4.4,7.8,12.2,3.7,0.9,0.7,2.2,2.6,19.6
Cory Jefferson,DEL,28,22,17,526,4.6,11.6,.394,2.5,7.4,.333,.500,4.2,2.3,2.1,5.5,7.7,1.3,0.6,0.8,1.7,2.9,13.9
John Jenkins,,,,,,,,,,,,,,,,,,,,,,,
,,,,,,,,,,,,,,,,,,,,,,,
John Jenkins,CGG,27,2,1,70,7.7,18.0,.429,5.7,12.3,.458,.364,5.7,3.6,0.0,3.1,3.1,1.5,0.0,0.5,1.5,1.0,24.7
John Jenkins,WES,27,19,19,680,8.8,18.6,.473,3.3,7.6,.431,.502,11.0,4.1,0.4,3.5,3.9,3.7,1.2,0.1,2.6,2.0,24.9
Sheldon Jeter,MAI,,41,4,779,5.2,11.0,.471,3.1,7.3,.433,.543,3.7,1.6,1.0,4.6,5.6,2.1,1.1,1.2,1.4,4.7,15.1
Alize Johnson,FOR,22,31,31,1136,7.7,15.1,.507,1.1,3.0,.379,.539,12.1,2.3,4.5,9.0,13.5,3.3,0.9,0.4,2.4,2.3,18.8
Amir Johnson,DEL,31,2,2,51,8.5,13.4,.632,1.4,2.8,.500,.667,10.6,1.4,4.9,3.5,8.5,0.0,0.0,0.7,5.6,4.9,19.8
BJ Johnson,LKL,23,39,32,1162,6.6,13.9,.476,2.4,5.3,.444,.495,8.6,2.9,1.5,4.5,6.0,1.5,1.7,0.6,2.0,2.5,18.6
Darius Johnson-Odom,WOL,29,46,32,1595,8.1,16.5,.492,2.0,5.8,.342,.574,10.7,5.1,0.7,4.0,4.8,4.3,1.5,0.4,3.0,3.4,23.3
Jaylen Johnson,WOL,22,21,5,345,7.3,14.8,.493,1.8,4.6,.386,.541,10.2,2.7,4.0,5.6,9.6,2.3,1.4,0.9,1.3,3.8,19.1
Jordan Johnson,RIO,,29,9,606,3.7,10.3,.358,1.6,6.1,.262,.500,4.2,1.7,0.5,2.7,3.1,7.8,1.5,0.1,3.2,4.0,10.6
Nick Johnson,,,,,,,,,,,,,,,,,,,,,,,
,,,,,,,,,,,,,,,,,,,,,,,
Nick Johnson,AUS,26,20,17,719,5.9,15.6,.379,1.8,5.0,.350,.393,10.6,3.4,0.9,3.6,4.5,6.1,1.5,0.5,3.6,3.6,16.9
Nick Johnson,WIS,26,17,16,600,4.0,10.8,.372,1.1,4.3,.250,.454,6.5,1.5,0.5,4.3,4.7,5.6,1.2,0.6,2.2,3.1,10.6
Nino Johnson,MEM,,32,0,554,5.6,9.1,.614,0.0,0.0,,.614,9.1,2.0,3.8,6.7,10.5,2.1,1.8,2.2,1.7,5.1,13.2
Nigel Johnson,,,,,,,,,,,,,,,,,,,,,,,
Nigel Johnson,CGG,,1,0,7,5.1,20.6,.250,5.1,10.3,.500,.000,10.3,0.0,0.0,0.0,0.0,0.0,0.0,0.0,5.1,0.0,15.4
Nigel Johnson,CAN,,3,0,29,6.2,16.1,.385,1.2,3.7,.333,.400,12.4,2.5,1.2,2.5,3.7,2.5,2.5,0.0,1.2,3.7,16.1
Omari Johnson,FOR,29,50,37,1379,6.4,15.3,.421,3.4,9.4,.360,.518,5.9,1.5,1.7,4.9,6.6,1.6,1.0,0.7,1.5,2.3,17.8
Robert Johnson,WIS,23,47,13,961,4.9,12.1,.410,1.9,5.9,.318,.497,6.2,1.0,0.3,4.5,4.8,3.4,1.1,0.1,1.8,2.4,12.8
Theo Johnson,STK,,2,0,8,0.0,0.0,,0.0,0.0,,,0.0,0.0,0.0,4.5,4.5,0.0,0.0,0.0,0.0,0.0,0.0
Xavier Johnson,TEX,25,45,21,956,5.2,10.2,.506,0.5,2.0,.250,.566,8.2,2.4,3.5,6.7,10.2,1.9,1.5,0.6,2.1,4.6,13.2
,,,,,,,,,,,,,,,,,,,,,,,
Peter Jok,NAS,24,43,33,1310,5.8,13.5,.430,3.2,7.9,.408,.461,5.7,2.1,0.4,5.1,5.6,1.5,1.5,0.0,1.9,2.5,17.0
Jalen Jones,CAN,25,4,2,102,4.9,15.2,.326,1.1,4.2,.250,.355,10.9,2.1,1.8,3.9,5.6,3.2,1.1,0.7,3.9,2.8,13.1
Jemerrio Jones,SBL,23,47,6,1159,6.2,11.5,.539,0.5,1.4,.333,.567,10.1,0.9,4.8,9.0,13.8,4.8,2.2,1.4,3.1,3.2,13.8
Matt Jones,STK,24,49,46,1690,4.7,11.1,.426,1.7,5.1,.343,.496,6.0,2.2,0.8,3.7,4.5,1.9,1.1,0.1,1.0,2.1,13.3
Shawndre Jones,,,,,,,,,,,,,,,,,,,,,,,
Shawndre Jones,NAS,,15,2,252,5.3,13.7,.385,1.7,5.7,.300,.446,8.0,3.0,0.9,2.4,3.3,10.0,1.0,0.3,3.4,2.0,15.3
Shawndre Jones,CAN,,3,0,30,6.0,15.6,.385,1.2,6.0,.200,.500,9.6,0.0,0.0,0.0,0.0,3.6,2.4,0.0,2.4,6.0,13.2
Terrence Jones,,,,,,,,,,,,,,,,,,,,,,,
Terrence Jones,HAW,27,25,15,765,10.2,19.2,.532,1.6,4.2,.389,.572,15.0,5.7,2.2,9.0,11.2,6.7,1.6,0.9,4.0,2.8,27.8
Terrence Jones,RIO,27,1,0,26,9.7,13.8,.700,4.2,4.2,1.000,.571,9.7,4.2,0.0,8.3,8.3,4.2,1.4,0.0,1.4,2.8,27.7
,,,,,,,,,,,,,,,,,,,,,,,
Daxter Miles Jr.,NAS,,49,13,1261,5.4,13.3,.407,1.9,6.9,.280,.545,6.4,1.6,1.3,2.5,3.8,3.3,1.7,0.2,1.9,3.6,14.4
Melvin Frazier Jr.,LKL,,17,17,509,5.6,12.0,.465,1.1,2.5,.417,.478,9.5,2.3,1.5,4.2,5.7,2.1,2.0,0.1,2.2,2.9,14.6
Troy Brown Jr.,CGG,19,11,11,374,7.2,14.8,.487,1.8,4.8,.380,.538,10.0,1.6,1.5,5.2,6.7,4.0,1.5,0.2,2.2,1.9,17.9
Myck Kabongo,RAP,27,33,1,433,4.7,13.6,.341,0.7,4.3,.154,.429,9.3,3.6,0.3,3.6,3.9,5.0,1.6,0.2,3.6,4.7,13.6
Ismaila Kane,MEM,21,26,0,207,1.9,7.0,.275,0.5,2.4,.214,.308,4.5,1.6,2.3,5.7,8.0,0.7,1.0,1.2,1.0,4.7,5.9
Marcus Keene,MEM,,25,0,415,7.0,16.4,.429,1.4,5.1,.271,.500,11.3,2.4,0.8,4.3,5.0,6.2,1.4,0.4,3.9,4.2,17.9
Tiwian Kendley,,,,,,,,,,,,,,,,,,,,,,,
Tiwian Kendley,WCB,23,4,0,41,3.5,14.9,.235,1.8,8.8,.200,.286,6.1,0.0,0.0,4.4,4.4,2.6,0.9,0.0,2.6,9.7,8.8
Tiwian Kendley,CGG,23,18,6,422,7.0,17.7,.396,1.4,5.5,.250,.462,12.2,2.6,1.1,2.4,3.5,2.5,2.0,0.3,3.6,3.1,18.0
Luke Kennard,GRR,22,1,1,24,10.5,19.5,.538,7.5,12.0,.625,.400,7.5,12.0,0.0,7.5,7.5,7.5,0.0,0.0,1.5,3.0,40.5
,,,,,,,,,,,,,,,,,,,,,,,
Joe Kilgore,,,,,,,,,,,,,,,,,,,,,,,
Joe Kilgore,GRR,,9,0,85,4.2,9.7,.435,0.8,3.4,.250,.533,6.4,0.8,0.8,4.7,5.5,1.3,0.4,0.4,1.7,2.5,10.2
Joe Kilgore,WCB,,19,0,404,4.7,12.5,.379,0.9,3.9,.227,.448,8.6,2.0,0.7,3.4,4.1,1.3,1.2,0.6,1.4,3.2,12.3
Lenjo Kilo,DEL,,2,0,4,9.0,18.0,.500,9.0,9.0,1.000,.000,9.0,0.0,0.0,0.0,0.0,0.0,0.0,0.0,0.0,0.0,27.0
George King,NAS,25,41,39,1304,6.1,12.8,.479,2.5,5.8,.433,.518,7.0,2.8,0.7,5.4,6.0,2.8,1.1,0.6,3.0,2.8,17.5
Nick King,MAI,23,33,0,591,7.1,14.9,.473,1.0,4.1,.235,.565,10.8,1.9,2.1,7.7,9.9,2.9,1.1,0.4,2.1,2.4,17.1
Brandon Knight,RIO,27,2,2,46,8.6,20.3,.423,5.5,14.1,.389,.500,6.3,0.8,0.0,1.6,1.6,6.3,0.8,0.0,6.3,2.3,23.5
Oleksandr Kobets,CGG,22,3,0,8,4.5,13.5,.333,4.5,4.5,1.000,.000,9.0,0.0,9.0,0.0,9.0,0.0,0.0,0.0,4.5,4.5,13.5
Luke Kornet,WES,23,11,11,358,7.4,14.5,.514,3.2,6.6,.485,.538,7.8,2.7,0.9,8.8,9.8,4.0,0.9,2.5,2.7,2.9,20.8
Rodions Kurucs,LIN,20,4,3,84,5.6,15.0,.371,1.7,5.6,.308,.409,9.4,3.4,3.4,6.4,9.9,3.4,2.6,1.7,3.4,3.9,16.3
,,,,,,,,,,,,,,,,,,,,,,,
Khadeem Lattin,,,,,,,,,,,,,,,,,,,,,,,
Khadeem Lattin,NAS,,15,0,132,4.9,7.1,.692,0.0,0.3,.000,.720,6.8,2.2,4.9,8.2,13.1,1.6,1.4,1.4,3.5,6.0,12.0
Khadeem Lattin,RAP,,24,7,424,3.8,7.9,.484,0.2,0.8,.222,.512,7.1,2.0,5.3,7.2,12.5,1.4,1.7,2.5,2.0,5.8,9.8
Dallas Lauderdale,MAI,30,29,27,536,4.0,5.5,.720,0.0,0.0,,.720,5.5,0.7,3.0,5.7,8.7,1.7,0.3,2.7,1.5,4.2,8.6
Manu Lecomte,ACC,,50,45,1475,5.7,12.5,.455,2.7,6.6,.405,.510,6.0,2.8,0.4,2.2,2.6,5.0,1.0,0.0,2.1,2.3,16.9
Jeff Ledbetter,AUS,30,19,0,456,6.5,15.6,.414,4.1,11.5,.356,.577,4.1,3.3,0.9,3.9,4.9,5.1,1.4,0.2,3.7,3.8,20.4
Courtney Lee,WES,33,1,1,32,7.9,23.6,.333,1.1,10.1,.111,.500,13.5,1.1,0.0,7.9,7.9,3.4,1.1,0.0,3.4,3.4,18.0
Damion Lee,SAN,26,24,24,756,8.0,16.9,.475,2.3,5.9,.398,.515,11.0,4.8,0.9,6.0,6.9,2.6,1.6,0.0,2.0,2.3,23.1
Marcus Lee,SFL,24,19,5,398,6.0,8.0,.750,0.0,0.1,.000,.759,7.9,2.4,3.4,7.6,11.0,1.3,1.3,1.4,2.6,4.8,14.4
William Lee,WOL,24,32,10,541,4.8,11.4,.421,1.2,4.5,.265,.524,6.9,1.0,2.1,8.1,10.2,0.7,0.9,1.5,1.4,3.6,11.8
,,,,,,,,,,,,,,,,,,,,,,,
Walter Lemon Jr.,,,,,,,,,,,,,,,,,,,,,,,
Walter Lemon Jr.,WCB,26,33,31,1092,9.1,18.8,.485,0.8,2.9,.261,.526,15.9,2.8,0.7,4.5,5.2,9.5,1.6,0.3,4.0,3.0,21.9
Walter Lemon Jr.,MAI,26,10,10,366,9.3,18.4,.508,1.5,4.2,.349,.556,14.2,3.0,0.3,3.9,4.2,5.8,2.6,0.1,4.1,3.3,23.1
Justin Leon,OKL,23,46,5,888,4.3,11.1,.387,2.4,7.6,.316,.540,3.5,1.5,1.1,5.4,6.5,1.3,0.6,0.2,1.3,3.1,12.5
CJ Leslie,TEX,27,10,4,189,5.1,14.3,.360,0.6,4.2,.136,.453,10.1,2.5,3.8,4.8,8.6,1.3,1.1,1.0,2.1,4.0,13.3
Julien Lewis,STK,26,5,0,53,0.7,5.4,.125,0.7,2.7,.250,.000,2.7,0.0,1.4,5.4,6.8,2.0,0.0,0.0,0.0,6.8,2.0
Trey Lewis,SLS,26,14,0,316,6.2,16.6,.370,3.6,10.4,.352,.400,6.3,4.1,0.6,1.9,2.5,3.9,0.7,0.1,2.3,3.4,20.1
DeAndre Liggins,SFL,30,25,21,790,4.2,10.0,.420,2.5,6.4,.383,.487,3.6,1.5,0.5,4.9,5.4,6.2,1.4,0.6,3.5,2.6,12.3
Scottie Lindsey,GRR,22,15,6,351,6.6,15.0,.438,2.4,7.9,.299,.594,7.1,0.7,0.7,5.0,5.7,1.1,1.2,0.2,1.5,4.3,16.2
Zach Lofton,GRR,26,24,11,608,7.1,17.5,.405,1.5,6.1,.252,.487,11.4,3.1,1.1,3.3,4.4,3.0,1.7,0.1,3.1,2.0,18.9
,,,,,,,,,,,,,,,,,,,,,,,
Marc Loving,ACC,24,33,17,551,3.9,10.2,.378,2.0,6.8,.298,.538,3.4,1.0,1.7,5.4,7.1,1.4,0.7,1.0,1.4,4.1,10.8
Jordan Loyd,RAP,25,41,40,1454,7.6,15.8,.481,2.2,6.1,.367,.552,9.8,5.4,1.1,4.8,5.8,6.0,1.8,0.3,2.5,3.4,22.9
Kalin Lucas,,,,,,,,,,,,,,,,,,,,,,,
Kalin Lucas,GRR,29,17,14,466,10.4,22.6,.459,3.4,7.6,.449,.464,15.0,4.3,1.5,4.2,5.6,5.3,1.1,0.0,2.2,1.5,28.4
Kalin Lucas,STK,29,21,10,641,9.5,21.5,.441,2.7,6.8,.397,.462,14.7,4.2,0.8,3.1,3.9,7.5,1.3,0.2,3.5,3.1,25.9
Sanjay Lumpkin,HAW,,42,21,861,4.0,7.9,.511,0.7,2.6,.270,.632,5.2,1.5,1.3,3.8,5.1,1.6,1.0,0.1,1.5,4.6,10.2
Tyler Lydon,CGG,22,8,7,268,5.4,11.7,.460,2.3,6.4,.354,.590,5.2,1.2,2.6,7.3,9.8,2.7,0.8,0.5,2.4,3.2,14.2
Jairus Lyles,SLS,22,46,14,1228,5.5,14.2,.390,2.3,5.8,.399,.383,8.4,4.0,1.1,3.9,5.0,5.5,1.8,0.2,3.6,2.7,17.4
Scott Machado,SBL,28,45,25,1391,6.7,15.4,.435,1.4,4.9,.284,.505,10.5,4.3,0.8,3.3,4.1,9.2,1.3,0.2,4.5,2.3,19.1
Daryl Macon,TEX,23,41,37,1412,6.6,15.7,.423,1.7,5.3,.327,.472,10.4,4.9,0.8,2.9,3.7,6.1,1.1,0.2,2.8,2.1,19.9
,,,,,,,,,,,,,,,,,,,,,,,
J.P. Macura,SWR,23,30,28,836,7.6,16.5,.460,2.9,8.0,.368,.545,8.5,3.1,1.8,3.1,4.9,3.5,1.8,0.1,2.6,2.5,21.2
Nate Mason,TEX,,13,0,263,7.3,17.0,.427,2.1,5.6,.366,.458,11.4,1.6,0.5,3.8,4.4,4.7,1.9,0.3,0.7,3.3,18.2
Terry Maston,ACC,,3,0,4,0.0,9.0,.000,0.0,0.0,,.000,9.0,0.0,0.0,0.0,0.0,0.0,0.0,9.0,0.0,0.0,0.0
Yante Maten,SFL,22,30,30,981,9.1,16.8,.543,1.3,3.9,.327,.609,12.8,6.4,3.9,6.8,10.7,1.9,0.8,1.3,3.0,3.5,25.9
Ray McCallum,ACC,27,12,0,282,6.6,14.8,.448,1.9,4.5,.429,.457,10.3,3.7,0.5,3.4,4.0,5.1,1.7,0.1,2.4,2.3,18.9
Tahjere McCall,LIN,24,33,19,861,5.6,11.2,.500,0.9,3.1,.280,.585,8.1,3.4,2.1,3.9,6.1,3.5,1.8,0.5,2.5,4.7,15.5
Tre'Darius McCallum,WCB,,14,1,200,6.3,13.9,.455,2.2,6.8,.316,.590,7.0,1.4,0.9,4.9,5.8,0.9,2.2,0.4,2.2,4.5,16.2
Demetri McCamey,AUS,29,25,4,393,4.7,11.5,.405,1.4,4.8,.288,.486,6.8,0.7,0.3,3.2,3.5,3.9,1.3,0.1,2.1,3.2,11.5
Brandon McCoy,WIS,20,41,10,572,8.1,17.4,.467,0.2,1.5,.125,.500,15.9,3.0,4.8,8.2,13.0,1.4,0.8,1.6,4.0,5.4,19.4
Chris McCullough,RIO,23,7,2,84,11.1,22.7,.491,0.9,4.3,.200,.558,18.4,3.0,7.7,6.0,13.7,1.3,0.9,2.6,3.9,6.0,26.1
,,,,,,,,,,,,,,,,,,,,,,,
KJ McDaniels,OKL,25,44,24,1180,6.7,14.2,.472,1.3,4.2,.319,.537,9.9,2.8,2.3,5.3,7.6,2.1,1.5,1.9,2.7,2.6,17.5
Tanner McGrew,,,,,,,,,,,,,,,,,,,,,,,
Tanner McGrew,MEM,,25,0,340,4.4,10.5,.424,1.9,4.8,.400,.444,5.7,2.3,4.0,5.0,9.0,3.3,1.4,0.7,2.5,4.1,13.1
Tanner McGrew,SLS,,21,4,521,5.5,11.7,.473,2.9,7.0,.416,.559,4.7,2.1,2.3,5.9,8.2,2.8,1.2,0.9,1.9,2.9,16.0
MiKyle McIntosh,RAP,,25,13,582,6.4,13.0,.495,1.1,3.9,.286,.585,9.1,2.7,2.5,5.4,7.9,1.7,1.1,0.8,2.3,4.9,16.6
Jameel McKay,WCB,,2,0,12,6.0,6.0,1.000,0.0,0.0,,1.000,6.0,0.0,0.0,9.0,9.0,3.0,3.0,0.0,3.0,6.0,12.0
Jordan McLaughlin,LIN,22,39,16,1134,6.6,15.5,.425,2.5,7.6,.335,.512,7.9,2.8,0.8,3.1,3.9,5.7,2.0,0.2,2.2,1.6,18.5
Liam McMorrow,OKL,31,2,0,11,0.0,0.0,,0.0,0.0,,,0.0,3.3,3.3,0.0,3.3,3.3,3.3,0.0,3.3,16.4,3.3
Jordan McRae,CGG,27,31,29,1114,10.7,22.2,.481,2.0,5.8,.341,.531,16.4,7.1,1.0,4.0,5.0,3.8,1.4,0.6,3.5,2.8,30.4
De'Anthony Melton,NAS,20,6,6,213,7.1,17.2,.412,2.0,7.4,.273,.517,9.8,2.5,1.5,5.2,6.8,5.9,1.5,0.7,5.1,3.2,18.8
,,,,,,,,,,,,,,,,,,,,,,,
Chimezie Metu,AUS,21,26,19,711,7.5,15.2,.495,0.2,0.9,.222,.512,14.3,3.2,1.8,7.5,9.3,2.7,0.9,1.8,3.9,3.1,18.5
Codi Miller-McIntyre,TEX,24,8,8,292,3.6,9.5,.377,0.9,4.1,.212,.500,5.4,2.5,0.1,5.5,5.7,6.3,2.1,0.1,2.8,1.8,10.5
Malcolm Miller,RAP,25,13,11,358,4.9,11.0,.450,2.1,6.0,.350,.571,4.9,1.9,1.1,3.6,4.7,2.0,1.4,1.4,1.7,4.1,13.9
Shonn Miller,SLS,25,33,7,741,4.5,9.9,.453,1.8,5.4,.339,.593,4.4,1.7,2.0,6.3,8.4,1.5,0.9,1.4,1.4,2.9,12.4
Shake Milton,DEL,22,27,27,937,9.6,19.8,.484,2.2,6.0,.369,.535,13.8,4.4,1.4,3.6,5.0,5.1,1.2,0.5,2.7,2.9,25.9
Naz Mitrou-Long,SLS,25,32,31,1044,7.1,16.1,.442,2.6,7.9,.330,.550,8.2,3.8,0.7,4.6,5.3,5.5,1.0,0.5,3.4,2.9,20.7
Duke Mondy,SFL,,14,4,307,4.3,11.6,.374,2.1,5.6,.375,.373,6.0,1.1,0.6,3.5,4.1,4.5,2.7,0.6,2.6,2.9,11.8
Ben Moore,,,,,,,,,,,,,,,,,,,,,,,
Ben Moore,AUS,23,43,35,1270,5.3,9.9,.536,0.7,1.7,.377,.569,8.2,3.6,4.3,6.5,10.8,2.5,1.5,0.8,2.2,3.6,14.8
Ben Moore,FOR,23,4,0,100,10.8,14.8,.732,0.7,2.5,.286,.824,12.2,6.5,2.9,6.5,9.4,2.2,0.4,1.8,2.2,2.9,28.8
,,,,,,,,,,,,,,,,,,,,,,,
Doral Moore,MEM,22,50,48,983,7.0,11.0,.631,0.0,0.0,.000,.633,11.0,2.4,3.6,8.6,12.3,1.3,0.8,3.2,3.1,4.7,16.3
Marquise Moore,WOL,24,43,21,1043,5.3,11.5,.464,0.0,0.2,.143,.471,11.2,2.6,1.5,5.9,7.4,3.6,0.9,0.8,1.8,2.6,13.3
Jovan Mooring,,,,,,,,,,,,,,,,,,,,,,,
Jovan Mooring,FOR,,12,1,243,6.5,19.0,.344,2.2,6.8,.326,.354,12.1,4.7,0.6,4.1,4.7,7.7,0.9,0.0,2.4,2.8,20.0
Jovan Mooring,GRR,,3,0,52,7.6,20.1,.379,2.8,9.0,.308,.438,11.1,6.2,0.7,4.8,5.5,3.5,0.7,0.0,4.8,2.8,24.2
Darius Morris,SAN,28,34,25,999,6.9,17.1,.404,1.9,6.3,.295,.468,10.8,2.9,0.9,3.2,4.1,7.6,0.8,0.2,4.3,2.1,18.6
Jaylen Morris,,,,,,,,,,,,,,,,,,,,,,,
Jaylen Morris,HAW,23,20,16,708,5.7,11.1,.518,1.5,4.2,.354,.618,6.9,2.4,0.7,5.6,6.4,3.5,1.1,0.5,1.7,1.8,15.4
Jaylen Morris,WIS,23,13,13,456,5.9,11.8,.503,0.8,3.6,.217,.631,8.1,1.8,1.5,3.2,4.7,2.4,1.3,0.8,1.3,2.3,14.4
AJ Mosby,,,,,,,,,,,,,,,,,,,,,,,
,,,,,,,,,,,,,,,,,,,,,,,
AJ Mosby,HAW,,12,5,234,4.0,8.9,.448,1.5,4.2,.370,.516,4.8,0.6,0.5,3.7,4.2,4.2,1.7,0.2,1.7,3.2,10.2
AJ Mosby,NAS,,7,0,68,4.2,9.0,.471,1.6,3.7,.429,.500,5.3,0.5,0.0,2.6,2.6,3.2,2.1,0.0,1.6,3.7,10.6
Johnathan Motley,ACC,23,27,25,924,9.7,17.6,.553,0.9,3.2,.296,.609,14.5,5.4,2.5,7.9,10.4,3.2,0.7,0.9,3.7,3.8,25.8
Roger Moute A Bidias,,,,,,,,,,,,,,,,,,,,,,,
Roger Moute A Bidias,RAP,23,15,0,173,3.3,9.8,.340,0.2,2.3,.091,.417,7.5,2.3,2.7,3.1,5.8,0.4,0.6,1.7,1.2,4.8,9.2
Roger Moute A Bidias,RIO,23,27,3,463,5.2,11.7,.447,0.5,2.6,.212,.513,9.1,4.6,2.9,3.3,6.2,1.9,1.5,0.5,1.9,3.0,15.6
Mychal Mulder,WCB,24,47,47,1546,5.3,11.6,.461,3.1,7.6,.413,.553,4.0,1.2,0.3,4.2,4.5,1.9,0.7,0.4,1.0,2.6,15.0
Byron Mullens,LKL,29,6,3,119,6.1,16.3,.370,3.0,7.9,.385,.357,8.5,2.1,1.2,7.6,8.8,1.5,0.9,2.7,3.3,2.7,17.2
Xavier Munford,WIS,26,14,11,476,7.3,15.7,.466,1.6,4.5,.356,.510,11.3,2.9,0.8,3.9,4.7,5.5,1.7,0.5,2.9,2.7,19.2
Kamari Murphy,LIN,25,46,14,1008,5.2,11.1,.471,0.6,2.4,.250,.533,8.6,3.2,2.3,8.2,10.6,2.3,0.8,1.0,2.2,3.7,14.3
,,,,,,,,,,,,,,,,,,,,,,,
Dzanan Musa,LIN,19,36,34,1137,7.7,17.5,.439,2.6,7.3,.357,.498,10.2,4.2,1.3,6.1,7.3,4.1,1.1,0.4,3.3,2.9,22.2
Sviatoslav Mykhailiuk,,,,,,,,,,,,,,,,,,,,,,,
Sviatoslav Mykhailiuk,GRR,21,3,2,83,6.9,18.7,.372,0.9,4.8,.182,.438,13.9,3.5,0.4,2.6,3.0,4.8,1.7,0.0,4.8,6.1,18.2
Sviatoslav Mykhailiuk,SBL,21,5,5,163,11.5,23.4,.491,4.9,10.8,.449,.526,12.6,4.4,0.7,2.2,2.9,2.7,0.7,0.4,4.0,1.3,32.2
Abdel Nader,OKL,25,3,3,89,10.9,21.4,.509,2.0,7.7,.263,.647,13.8,5.7,1.6,6.5,8.1,4.4,2.0,0.0,3.2,2.0,29.5
Tyler Nelson,SWR,,36,0,694,5.5,12.0,.459,3.2,7.4,.427,.511,4.6,1.8,0.4,3.5,3.9,2.3,0.6,0.2,1.3,2.0,16.0
Josh Newkirk,,,,,,,,,,,,,,,,,,,,,,,
Josh Newkirk,LIN,,14,2,197,4.8,11.1,.426,2.0,5.5,.367,.484,5.7,2.9,0.5,3.5,4.0,3.8,0.9,0.4,1.1,3.5,14.4
Josh Newkirk,TEX,,21,0,181,5.0,13.9,.357,2.6,7.6,.342,.375,6.4,1.0,0.6,1.6,2.2,3.8,0.8,0.4,2.6,4.4,13.5
Malik Newman,,,,,,,,,,,,,,,,,,,,,,,
,,,,,,,,,,,,,,,,,,,,,,,
Malik Newman,CAN,21,25,0,613,6.6,14.9,.441,2.2,6.6,.336,.525,8.3,2.2,0.7,3.7,4.4,3.1,0.6,0.1,2.2,2.0,17.6
Malik Newman,SFL,21,17,0,301,7.7,16.0,.478,2.9,7.4,.387,.556,8.6,1.2,0.5,4.8,5.3,4.3,1.2,0.2,1.4,2.2,19.4
Georges Niang,SLS,25,3,3,89,10.5,21.4,.491,3.6,9.3,.391,.567,12.1,0.8,1.6,4.9,6.5,4.0,0.0,0.4,2.0,4.0,25.5
Duane Notice,RAP,,47,29,1404,4.3,10.2,.418,1.9,4.9,.389,.444,5.3,1.6,0.7,2.8,3.5,3.4,1.2,0.1,1.6,1.9,12.0
Kendrick Nunn,SAN,23,49,1,1423,9.5,20.0,.473,2.1,6.3,.335,.538,13.6,2.9,1.2,3.5,4.7,3.4,1.8,0.4,2.7,2.4,23.9
Ike Nwamu,,,,,,,,,,,,,,,,,,,,,,,
Ike Nwamu,FOR,25,22,4,501,5.0,12.6,.392,2.5,7.1,.354,.442,5.5,1.1,0.6,2.8,3.4,3.2,1.0,0.1,1.5,2.4,13.5
Ike Nwamu,WIS,25,17,4,321,3.6,10.3,.348,1.5,6.3,.232,.528,4.0,1.5,0.4,3.1,3.6,2.5,1.3,0.1,3.0,3.0,10.1
Retin Obasohan,NAS,,34,14,873,5.6,12.5,.444,0.4,1.9,.217,.484,10.6,4.9,1.1,3.9,5.0,7.2,2.2,0.5,4.1,3.8,16.5
Daniel Ochefu,STK,25,39,31,945,8.9,14.8,.601,0.1,0.3,.222,.609,14.4,4.2,4.1,9.2,13.3,3.3,1.6,1.6,3.2,4.5,22.0
,,,,,,,,,,,,,,,,,,,,,,,
Jon Octeus,WCB,27,31,6,643,2.8,7.4,.379,1.0,2.8,.360,.390,4.6,1.3,1.0,5.3,6.3,3.2,0.8,0.4,1.8,3.3,7.9
Uche Ofoegbu,RAP,,12,3,109,4.3,13.2,.325,0.0,2.3,.000,.394,10.9,2.3,2.3,2.6,5.0,2.0,0.0,0.0,3.0,5.6,10.9
Elie Okobo,NAS,21,9,9,322,6.3,16.1,.389,2.8,9.4,.298,.517,6.7,2.9,0.8,4.0,4.8,7.5,1.5,0.2,3.1,2.8,18.2
Kevin Olekaibe,,,,,,,,,,,,,,,,,,,,,,,
Kevin Olekaibe,LIN,26,5,2,84,3.0,11.1,.269,2.6,9.4,.273,.250,1.7,2.1,0.0,1.7,1.7,4.3,0.4,0.9,0.0,3.4,10.7
Kevin Olekaibe,WES,26,1,0,8,0.0,9.0,.000,0.0,9.0,.000,,0.0,0.0,0.0,0.0,0.0,0.0,0.0,0.0,0.0,0.0,0.0
Cameron Oliver,DEL,22,26,14,692,8.2,13.9,.586,0.9,3.3,.270,.683,10.7,3.8,2.9,9.5,12.4,2.4,1.5,3.0,3.6,4.3,21.0
Nuni Omot,LIN,24,44,1,561,5.3,14.2,.374,1.7,6.6,.252,.479,7.6,3.1,1.8,3.5,5.3,1.7,0.6,0.6,2.4,3.2,15.4
Chinanu Onuaku,SWR,22,44,44,1273,7.0,13.7,.508,0.2,1.4,.157,.550,12.2,3.2,3.8,11.7,15.5,3.7,1.6,2.1,3.8,4.3,17.3
Reggis Onwukamuche,LKL,26,27,5,388,2.1,3.7,.575,0.4,0.6,.571,.576,3.1,1.2,2.4,3.1,5.5,1.9,0.6,1.0,2.7,5.7,5.8
,,,,,,,,,,,,,,,,,,,,,,,
Michael Orris,,,,,,,,,,,,,,,,,,,,,,,
Michael Orris,FOR,,1,0,17,2.1,8.5,.250,0.0,2.1,.000,.333,6.4,0.0,0.0,2.1,2.1,10.6,2.1,2.1,2.1,2.1,4.2
Michael Orris,CGG,,3,0,35,5.1,13.4,.385,1.0,2.1,.500,.364,11.3,1.0,1.0,1.0,2.1,4.1,1.0,0.0,4.1,4.1,12.3
Trayvon Palmer,,,,,,,,,,,,,,,,,,,,,,,
Trayvon Palmer,SAN,,2,1,52,4.2,11.8,.353,2.1,8.3,.250,.600,3.5,1.4,2.8,4.8,7.6,1.4,1.4,1.4,1.4,2.1,11.8
Trayvon Palmer,NAS,,33,0,674,4.4,10.9,.400,1.3,5.3,.253,.538,5.7,1.1,2.0,5.1,7.1,2.2,1.2,0.7,2.8,3.3,11.2
Bubu Palo,SFL,27,40,25,1258,4.1,8.9,.460,0.9,2.1,.440,.466,6.8,6.0,1.2,3.3,4.5,5.0,0.7,0.1,2.6,3.5,15.1
Justin Patton,DEL,21,11,2,204,7.1,14.1,.500,0.2,1.1,.167,.527,13.1,2.6,3.2,7.8,10.9,3.2,1.8,3.9,3.5,5.5,16.9
Gary Payton II,,,,,,,,,,,,,,,,,,,,,,,
Gary Payton II,CGG,26,2,2,77,7.9,17.3,.459,0.5,4.2,.111,.571,13.1,3.3,3.3,7.5,10.8,2.8,3.3,0.5,1.4,2.8,19.6
,,,,,,,,,,,,,,,,,,,,,,,
Gary Payton II,RIO,26,26,26,770,8.5,18.2,.467,1.3,4.7,.267,.536,13.5,1.3,2.2,6.6,8.9,7.9,3.6,0.8,4.8,4.0,19.5
Norvel Pelle,DEL,25,36,26,821,7.3,10.5,.699,0.0,0.0,,.699,10.5,2.9,4.3,9.3,13.5,1.8,0.5,4.7,3.4,5.8,17.5
Luke Petrasek,SWR,23,41,20,813,4.3,9.0,.473,2.1,5.2,.402,.570,3.8,0.7,1.3,6.5,7.8,1.4,0.7,1.0,1.7,3.0,11.3
John Petrucelli,LKL,26,47,32,1328,5.4,11.0,.486,1.5,3.4,.452,.502,7.6,3.2,1.1,4.2,5.3,3.4,2.2,0.9,2.3,3.9,15.5
Tarik Phillip,MEM,25,48,34,1395,6.3,13.4,.469,1.7,4.3,.401,.501,9.1,2.8,1.4,4.7,6.0,4.7,1.9,0.7,2.2,3.0,17.1
Theo Pinson,LIN,23,35,34,1210,7.3,16.5,.445,3.2,8.2,.384,.505,8.3,3.1,0.7,5.3,6.0,5.9,1.1,0.6,3.5,2.6,20.9
Sir'Dominic Pointer,CAN,26,41,26,957,5.8,11.1,.527,1.5,3.6,.402,.589,7.4,1.8,1.1,6.0,7.1,3.0,2.8,2.0,2.0,4.0,15.0
Darel Poirier,CGG,,40,32,806,6.5,13.0,.503,0.7,2.1,.340,.535,10.9,2.4,1.9,5.4,7.4,1.3,0.6,1.9,2.7,4.2,16.2
Malik Pope,SWR,,20,0,326,5.4,13.1,.412,1.4,4.7,.302,.474,8.4,2.5,3.5,6.3,9.8,1.4,0.3,1.3,2.0,3.3,14.8
Marcus Posley,SFL,24,2,0,22,3.3,16.4,.200,1.6,13.1,.125,.500,3.3,0.0,1.6,6.5,8.2,3.3,3.3,0.0,3.3,3.3,8.2
,,,,,,,,,,,,,,,,,,,,,,,
Alex Poythress,HAW,25,18,18,627,10.4,19.8,.525,1.2,4.0,.300,.582,15.8,2.5,2.6,7.3,10.0,2.8,1.1,1.3,3.7,3.1,24.5
Billy Preston,,,,,,,,,,,,,,,,,,,,,,,
Billy Preston,TEX,21,10,4,235,5.7,13.2,.430,1.5,4.3,.357,.466,8.9,3.7,1.5,9.2,10.7,1.1,0.8,0.5,2.0,5.2,16.5
Billy Preston,CAN,21,10,0,185,4.1,11.7,.350,1.8,4.1,.429,.308,7.6,1.9,1.0,6.4,7.4,1.4,0.8,0.8,2.1,3.5,11.9
Billy Preston,HAW,21,7,0,57,5.7,15.2,.375,1.9,6.3,.300,.429,8.8,1.3,0.0,5.7,5.7,0.6,0.6,0.0,2.5,4.4,14.5
Rodney Pryor,,,,,,,,,,,,,,,,,,,,,,,
Rodney Pryor,RAP,26,40,0,776,6.4,14.8,.436,3.1,8.1,.383,.500,6.7,0.8,1.2,5.1,6.2,3.0,1.5,0.5,2.1,3.4,16.8
Rodney Pryor,WCB,26,1,0,14,2.6,10.3,.250,0.0,5.1,.000,.500,5.1,2.6,0.0,5.1,5.1,2.6,0.0,0.0,2.6,5.1,7.7
Rodney Purvis,SFL,24,49,29,1619,5.8,15.1,.383,2.4,7.8,.310,.462,7.3,1.8,0.4,3.8,4.2,4.0,1.0,0.3,2.3,2.8,15.9
Raphiael Putney,SFL,28,40,29,1209,6.7,14.7,.455,2.3,7.4,.316,.596,7.3,3.9,1.4,8.6,10.0,2.3,1.2,2.9,2.5,3.8,19.5
,,,,,,,,,,,,,,,,,,,,,,,
Zhou Qi,RIO,23,7,7,195,5.9,11.3,.525,2.0,5.5,.367,.677,5.7,1.5,3.5,8.7,12.2,2.8,0.7,2.8,4.2,4.6,15.3
Michael Qualls,WIS,25,50,32,1403,5.9,14.5,.406,1.6,5.4,.289,.475,9.1,4.3,1.7,6.7,8.4,2.7,1.5,0.9,2.0,2.0,17.7
Ivan Rabb,MEM,21,8,6,249,9.1,17.3,.525,1.4,3.9,.370,.570,13.4,4.0,3.5,5.8,9.3,2.6,0.7,2.0,1.7,2.9,23.7
Harry Rafferty,SFL,,4,0,77,2.3,8.9,.263,0.9,6.1,.154,.500,2.8,0.0,0.0,1.9,1.9,3.7,0.9,0.0,0.5,4.2,5.6
Kyle Randall,DEL,27,25,0,408,3.5,9.7,.364,1.1,3.4,.333,.380,6.3,2.0,0.4,2.6,3.1,4.7,1.2,0.1,3.3,2.4,10.2
Chasson Randle,CGG,25,8,8,273,9.1,17.5,.519,3.6,7.4,.482,.545,10.2,3.3,0.4,3.4,3.8,4.2,2.1,0.1,3.6,4.1,25.1
Levi Randolph,CAN,26,50,33,1571,6.2,13.0,.478,2.2,4.9,.451,.494,8.1,2.1,1.1,3.6,4.7,2.2,1.4,0.2,1.6,2.7,16.7
Xavier Rathan-Mayes,TEX,24,25,23,833,6.0,14.3,.416,1.6,4.9,.327,.461,9.5,1.9,0.6,4.5,5.1,6.6,1.2,0.3,3.5,3.0,15.4
Davon Reed,FOR,23,34,34,1174,5.4,13.6,.398,1.8,5.6,.326,.450,7.9,1.9,1.2,5.3,6.5,3.1,1.4,0.3,2.5,2.2,14.5
Willie Reed,SLS,28,21,21,639,10.1,15.3,.664,0.2,0.2,1.000,.660,15.1,3.2,5.3,7.9,13.2,1.7,0.8,2.0,1.7,3.3,23.7
,,,,,,,,,,,,,,,,,,,,,,,
Justin Reyes,SLS,,33,1,609,5.8,10.6,.547,0.9,2.2,.432,.577,8.4,2.0,2.4,3.9,6.3,2.0,1.8,1.4,2.1,3.3,14.5
Cameron Reynolds,STK,23,33,9,923,7.5,16.2,.462,3.8,9.1,.419,.516,7.1,1.8,1.0,4.4,5.4,1.5,1.0,0.5,1.2,2.7,20.6
Malachi Richardson,RAP,23,12,12,422,6.9,16.7,.413,3.6,9.1,.393,.438,7.6,3.9,0.3,5.6,6.0,3.5,0.9,0.1,3.2,3.1,21.3
Demetre Rivers,MAI,,2,0,14,2.6,12.9,.200,0.0,7.7,.000,.500,5.1,0.0,2.6,2.6,5.1,0.0,0.0,0.0,2.6,5.1,5.1
Anthony Roberson,OKL,,11,0,104,1.0,6.2,.167,0.0,1.4,.000,.214,4.8,0.0,2.1,5.2,7.3,0.0,0.3,0.7,1.4,3.5,2.1
Jeff Roberson,MAI,23,36,13,744,3.1,7.8,.404,1.2,3.5,.342,.455,4.3,1.1,1.4,5.1,6.5,2.1,0.7,0.3,1.5,3.9,8.6
Tyler Roberson,ACC,24,15,3,255,8.0,13.3,.606,0.0,0.0,,.606,13.3,3.5,6.8,6.1,12.8,1.7,0.7,1.7,2.5,4.8,19.6
Devin Robinson,CGG,23,22,20,757,8.1,14.7,.550,1.1,3.8,.304,.635,10.9,3.5,1.7,6.9,8.6,1.5,1.1,0.9,2.8,2.8,20.8
Duncan Robinson,SFL,24,33,33,1218,7.2,14.0,.514,4.6,9.6,.483,.580,4.4,1.8,0.4,3.7,4.1,2.8,1.0,0.1,1.7,2.6,20.9
Jerome Robinson,ACC,21,24,23,765,7.7,17.5,.438,3.3,8.1,.407,.465,9.4,2.7,0.4,4.1,4.6,4.0,1.3,0.2,3.3,2.9,21.3
,,,,,,,,,,,,,,,,,,,,,,,
Stanford Robinson,RIO,,11,0,82,2.6,14.0,.188,0.0,5.3,.000,.300,8.8,2.6,2.2,5.3,7.5,3.1,2.6,0.9,3.5,6.6,7.9
Thomas Robinson,MAI,,4,0,106,10.5,18.0,.585,0.3,1.4,.250,.612,16.6,4.4,7.5,10.9,18.3,2.0,1.7,1.4,4.1,4.8,25.8
Angel Rodriguez,RIO,26,10,9,262,5.6,14.2,.398,1.6,4.9,.333,.433,9.2,3.8,1.8,3.6,5.4,6.9,2.2,0.1,3.4,4.4,16.8
Desi Rodriguez,ACC,22,49,17,1366,5.2,12.0,.432,1.1,3.9,.282,.505,8.1,1.8,1.7,4.5,6.1,3.0,1.1,0.8,2.1,2.6,13.3
LaQuinton Ross,,,,,,,,,,,,,,,,,,,,,,,
LaQuinton Ross,MEM,,6,0,37,3.9,12.6,.308,0.0,1.9,.000,.364,10.7,1.0,2.9,6.8,9.7,1.0,2.9,1.9,3.9,6.8,8.8
LaQuinton Ross,NAS,,15,2,275,4.6,11.0,.417,1.2,3.7,.321,.464,7.3,2.5,2.2,5.0,7.2,2.0,1.0,1.2,1.7,3.7,12.8
Maverick Rowan,,,,,,,,,,,,,,,,,,,,,,,
Maverick Rowan,AUS,22,10,3,141,5.9,13.5,.434,2.0,6.9,.296,.577,6.6,1.5,1.0,3.8,4.9,0.3,0.8,0.5,3.1,4.3,15.3
Maverick Rowan,MAI,22,2,1,46,4.7,10.2,.462,0.8,3.9,.200,.625,6.3,0.0,1.6,1.6,3.1,0.0,0.0,0.0,0.8,3.1,10.2
,,,,,,,,,,,,,,,,,,,,,,,
Maverick Rowan,WES,22,3,0,16,0.0,11.3,.000,0.0,6.8,.000,.000,4.5,0.0,0.0,4.5,4.5,0.0,0.0,0.0,0.0,6.8,0.0
Cameron Rundles,AUS,,22,6,248,2.3,6.4,.364,0.6,2.6,.222,.462,3.8,1.6,0.4,3.0,3.5,3.3,1.0,0.0,2.5,5.4,6.8
Jared Sam,FOR,,26,1,272,3.8,9.7,.397,0.1,0.3,.500,.394,9.4,2.6,3.8,5.4,9.3,1.6,1.1,0.5,0.8,2.9,10.5
Brandon Sampson,,,,,,,,,,,,,,,,,,,,,,,
Brandon Sampson,RIO,21,18,18,634,6.2,14.2,.436,2.9,7.3,.395,.479,6.9,2.7,0.7,4.1,4.9,4.1,0.9,0.3,4.3,1.6,18.0
Brandon Sampson,WCB,21,19,18,615,6.3,13.1,.484,2.0,5.7,.357,.584,7.3,3.5,0.4,4.2,4.6,2.8,0.9,0.3,1.6,2.4,18.1
JaKarr Sampson,WCB,25,24,23,725,10.3,19.0,.540,1.1,3.8,.299,.601,15.2,3.4,2.1,8.8,10.9,2.4,0.8,1.3,2.2,3.4,25.1
Ismael Sanogo,LIN,,23,1,230,3.4,9.5,.361,1.4,5.0,.281,.448,4.5,1.6,1.9,7.0,8.9,1.9,0.9,1.6,2.5,5.2,9.9
Kethan Savage,,,,,,,,,,,,,,,,,,,,,,,
Kethan Savage,OKL,25,2,0,16,0.0,2.3,.000,0.0,2.3,.000,,0.0,2.3,0.0,0.0,0.0,2.3,0.0,0.0,0.0,4.5,2.3
,,,,,,,,,,,,,,,,,,,,,,,
Kethan Savage,WES,25,2,0,25,7.2,15.8,.455,2.9,4.3,.667,.375,11.5,1.4,0.0,5.8,5.8,2.9,1.4,0.0,0.0,4.3,18.7
Shannon Scott,LIN,26,46,33,1396,3.9,10.5,.375,2.0,6.0,.326,.440,4.5,0.9,0.9,5.2,6.1,7.1,1.3,0.3,3.2,2.7,10.7
Jordan Sibert,HAW,26,42,29,1343,6.3,14.7,.428,3.8,10.0,.382,.526,4.6,1.7,0.6,4.3,4.9,2.1,1.7,0.4,1.2,2.4,18.1
Xavier Silas,WOL,31,18,4,434,6.1,15.7,.386,3.6,9.6,.371,.411,6.1,2.4,0.9,2.8,3.7,1.4,1.2,0.2,1.7,3.7,18.1
Kobi Simmons,CAN,21,35,34,1120,7.4,16.8,.437,1.3,4.5,.279,.495,12.3,3.3,1.0,3.1,4.1,4.0,1.4,0.2,2.7,2.8,19.3
Anfernee Simons,ACC,19,4,0,91,10.3,23.7,.433,4.0,8.7,.455,.421,15.0,2.8,1.2,3.2,4.4,1.6,0.0,0.4,4.7,5.5,27.3
Amjyot Singh,,,,,,,,,,,,,,,,,,,,,,,
Amjyot Singh,WIS,27,7,0,88,2.5,8.6,.286,0.8,5.3,.154,.500,3.3,0.0,0.8,4.1,4.9,2.0,1.2,0.4,2.0,4.1,5.7
Amjyot Singh,OKL,27,6,0,39,2.8,12.0,.231,2.8,10.2,.273,.000,1.8,0.0,0.0,0.9,0.9,2.8,0.0,0.0,1.8,3.7,8.3
Alen Smailagic,SAN,18,47,4,818,7.1,14.3,.497,0.8,3.4,.244,.577,10.8,3.7,4.4,4.0,8.4,2.1,1.8,1.8,2.9,4.8,18.7
,,,,,,,,,,,,,,,,,,,,,,,
Jarquez Smith,LKL,,3,0,18,4.0,12.0,.333,0.0,0.0,,.333,12.0,0.0,8.0,10.0,18.0,4.0,0.0,2.0,2.0,8.0,8.0
Kenneth Smith,GRR,26,45,25,1295,4.1,9.6,.424,1.0,2.8,.364,.449,6.8,2.4,0.7,3.7,4.4,8.8,2.0,0.1,3.0,2.5,11.6
Roscoe Smith,SWR,27,23,1,400,6.7,14.5,.460,0.8,2.8,.290,.500,11.7,1.7,3.2,6.4,9.5,2.1,0.5,0.9,2.4,2.2,15.8
Scoochie Smith,CAN,24,50,46,1660,4.6,12.0,.386,1.9,5.6,.339,.426,6.5,2.1,0.8,4.2,5.0,6.8,1.8,0.2,2.2,2.6,13.3
Zach Smith,SWR,23,44,7,831,3.9,6.7,.587,0.1,0.3,.250,.605,6.4,1.3,2.8,7.6,10.4,2.3,0.9,2.3,1.6,3.7,9.2
Zhaire Smith,DEL,19,11,5,249,4.9,12.0,.410,0.7,3.6,.200,.500,8.4,0.9,1.6,3.2,4.8,2.5,0.4,1.0,2.5,3.5,11.4
Evan Smotrycz,WOL,,29,0,409,3.3,9.2,.365,2.0,5.5,.365,.366,3.6,2.5,0.4,7.7,8.0,1.8,1.2,1.0,2.6,5.2,11.2
Richard Solomon,OKL,26,35,33,923,7.3,12.6,.580,0.3,1.6,.175,.637,11.1,3.9,4.4,7.4,11.8,2.2,1.6,1.1,3.2,5.0,18.9
Ray Spalding,TEX,21,29,26,873,7.7,15.0,.514,0.4,1.6,.231,.548,13.4,3.3,3.6,7.6,11.2,2.1,2.0,2.6,3.0,3.0,19.1
Omari Spellman,HAW,21,3,3,98,5.9,14.7,.400,2.6,8.4,.304,.529,6.2,3.7,2.9,10.7,13.6,4.4,0.4,1.8,1.5,3.7,18.0
,,,,,,,,,,,,,,,,,,,,,,,
Andre Spight,WIS,,9,1,144,2.7,9.2,.297,1.5,6.8,.222,.500,2.5,0.0,0.5,1.7,2.3,1.7,0.7,0.2,0.2,1.5,7.0
Akeem Springs,SLS,,13,0,202,3.6,11.2,.317,2.3,8.2,.283,.412,3.0,0.9,0.2,2.3,2.5,2.1,0.7,0.4,0.7,1.8,10.3
Jonathan Stark,WOL,23,39,28,1245,5.3,12.2,.438,1.5,4.4,.344,.491,7.8,2.0,0.5,3.0,3.5,5.9,1.2,0.1,1.8,3.2,14.2
D.J. Stephens,MEM,28,10,8,229,4.1,9.1,.448,1.9,5.2,.364,.560,3.9,2.4,1.7,6.1,7.9,1.1,0.5,0.8,1.1,3.3,12.4
Elijah Stewart,,,,,,,,,,,,,,,,,,,,,,,
Elijah Stewart,WIS,23,12,0,99,2.5,8.7,.292,1.5,5.8,.250,.375,2.9,0.7,0.0,3.3,3.3,1.5,0.7,0.7,1.5,2.9,7.3
Elijah Stewart,FOR,23,16,2,170,5.1,12.9,.393,1.9,6.4,.300,.484,6.6,1.9,1.9,2.1,4.0,1.9,1.3,0.6,2.1,3.2,14.0
Elijah Stewart,STK,23,3,0,70,4.6,12.3,.375,2.1,7.2,.286,.500,5.1,1.5,1.0,4.6,5.7,0.5,2.1,0.0,0.0,1.5,12.9
Jarnell Stokes,,,,,,,,,,,,,,,,,,,,,,,
Jarnell Stokes,MEM,25,2,1,49,14.0,21.3,.655,0.7,3.7,.200,.750,17.6,0.7,3.7,8.1,11.8,3.7,0.7,0.7,5.1,5.9,29.4
,,,,,,,,,,,,,,,,,,,,,,,
Jarnell Stokes,SFL,25,6,5,163,8.6,14.4,.600,0.2,1.3,.167,.644,13.0,2.7,4.0,9.3,13.3,2.7,1.3,2.0,4.4,6.2,20.1
Diamond Stone,,,,,,,,,,,,,,,,,,,,,,,
Diamond Stone,WOL,21,12,4,194,10.4,20.0,.519,0.0,0.2,.000,.523,19.9,0.9,3.7,6.5,10.2,1.7,1.9,1.1,3.3,4.6,21.7
Diamond Stone,RIO,21,21,1,273,10.5,19.4,.544,2.2,7.3,.309,.685,12.1,3.4,4.1,7.5,11.6,0.9,0.9,2.1,2.9,4.6,26.8
Jay-R Strowbridge,MEM,,6,1,89,2.4,11.3,.214,0.8,4.0,.200,.222,7.3,2.4,0.8,2.8,3.6,4.0,0.8,0.0,3.2,3.2,8.1
Eric Stuteville,NAS,23,50,37,1026,4.6,8.2,.560,0.0,0.0,.000,.562,8.2,2.6,2.8,4.2,7.0,1.6,0.6,0.8,1.9,3.7,11.8
Taren Sullivan,STK,23,47,16,898,4.6,10.4,.442,2.2,5.6,.386,.508,4.8,1.1,1.4,5.2,6.5,3.2,1.4,0.3,1.6,2.2,12.5
Edmond Sumner,FOR,23,26,26,816,9.3,19.7,.472,2.4,6.6,.360,.529,13.1,4.3,0.8,2.3,3.2,4.4,2.0,0.7,3.6,3.4,25.3
Caleb Swanigan,,,,,,,,,,,,,,,,,,,,,,,
Caleb Swanigan,STK,21,8,3,236,7.3,15.9,.462,0.2,1.4,.111,.495,14.5,3.8,5.2,10.5,15.7,2.9,1.4,0.6,5.3,4.0,18.6
,,,,,,,,,,,,,,,,,,,,,,,
Caleb Swanigan,TEX,21,4,3,90,5.6,11.2,.500,0.8,2.8,.286,.571,8.4,1.6,2.8,8.4,11.2,2.8,0.8,1.6,3.6,4.0,13.6
Devin Sweetney,CGG,31,17,1,172,4.8,12.3,.390,1.9,6.3,.300,.483,6.1,1.3,0.8,5.0,5.9,1.5,1.5,0.4,2.9,4.8,12.8
Craig Sword,HAW,25,49,11,1160,5.2,10.6,.494,1.4,4.4,.322,.619,6.1,2.6,1.1,3.9,5.1,2.5,2.0,1.8,2.0,4.7,14.4
Gary Talton,SFL,28,2,0,31,2.3,10.5,.222,1.2,2.3,.500,.143,8.1,2.3,1.2,2.3,3.5,8.1,0.0,1.2,3.5,1.2,8.1
Gerard Tarin,SFL,,23,0,187,5.8,10.8,.536,1.0,2.3,.417,.568,8.5,4.2,3.7,9.4,13.1,1.0,0.8,0.2,2.3,4.2,16.7
Evan Taylor,ACC,,20,0,245,3.8,10.4,.366,1.8,4.7,.375,.359,5.7,1.3,0.9,3.1,4.0,1.5,1.6,0.3,0.7,4.4,10.7
Jared Terrell,WOL,23,32,22,1020,6.5,16.6,.390,2.0,6.7,.295,.455,9.8,2.3,0.9,3.6,4.5,2.5,1.6,0.2,1.5,2.2,17.2
Emanuel Terry,,,,,,,,,,,,,,,,,,,,,,,
Emanuel Terry,CAN,22,20,12,434,5.6,9.7,.581,0.0,0.2,.000,.596,9.5,2.2,3.6,7.0,10.6,1.0,1.2,2.9,2.5,3.6,13.4
Emanuel Terry,SFL,22,19,17,548,7.3,12.5,.581,0.0,0.1,.000,.584,12.5,2.8,3.9,8.1,12.0,2.0,1.5,1.3,2.4,3.9,17.4
,,,,,,,,,,,,,,,,,,,,,,,
Travin Thibodeaux,FOR,,34,9,639,4.9,9.5,.515,0.1,0.3,.333,.521,9.2,1.4,4.7,6.0,10.7,2.4,2.0,1.0,1.7,4.8,11.3
Khyri Thomas,GRR,22,10,10,323,8.4,16.6,.503,3.2,7.0,.460,.535,9.6,3.0,0.3,3.2,3.6,2.0,1.6,0.0,1.7,3.0,23.0
Hollis Thompson,NAS,27,30,30,1021,6.7,15.3,.437,1.6,4.7,.343,.478,10.6,2.6,0.7,5.9,6.6,2.6,1.1,0.5,2.0,3.6,17.6
Sam Thompson,SWR,26,49,28,1014,4.9,11.8,.420,1.4,4.9,.281,.521,6.8,1.1,1.3,3.9,5.3,2.2,1.5,0.4,1.6,2.7,12.3
Shevon Thompson,WIS,25,30,13,616,9.3,14.2,.654,0.0,0.1,.000,.657,14.1,3.4,7.2,8.6,15.8,1.2,0.7,1.3,3.2,3.6,22.0
Marcus Thornton,GRR,31,35,29,1015,9.8,21.4,.458,3.8,9.7,.391,.515,11.6,3.3,1.4,3.9,5.3,2.7,1.9,0.3,2.1,2.8,26.7
Sindarius Thornwell,ACC,24,6,6,184,5.5,12.5,.438,1.0,5.1,.192,.605,7.4,5.3,0.6,3.5,4.1,2.2,1.0,0.4,3.7,4.5,17.2
Jarvis Threatt,SFL,25,8,4,182,6.5,14.2,.458,1.0,2.8,.357,.483,11.5,2.0,1.6,2.6,4.2,6.9,0.8,0.2,4.2,3.0,16.0
Justin Tillman,MEM,,8,2,145,7.4,15.9,.469,1.0,3.5,.286,.520,12.4,1.5,4.0,6.2,10.2,2.0,1.0,0.5,2.0,4.5,17.4
Juan Toscano-Anderson,SAN,,44,16,1048,4.2,9.5,.438,0.5,1.5,.341,.457,8.0,1.7,3.0,7.3,10.3,3.2,1.9,1.1,2.2,3.9,10.5
,,,,,,,,,,,,,,,,,,,,,,,
Gary Trent Jr.,TEX,20,6,5,206,12.1,23.8,.507,5.2,10.5,.500,.513,13.3,5.6,1.4,4.4,5.8,1.9,1.7,0.3,1.9,1.7,35.0
Travis Trice III,,,,,,,,,,,,,,,,,,,,,,,
Travis Trice III,AUS,26,17,17,566,7.3,16.7,.435,2.5,6.6,.379,.472,10.1,3.1,0.9,3.6,4.5,8.5,1.3,0.3,2.7,1.8,20.1
Travis Trice III,WIS,26,19,18,651,6.2,14.3,.432,1.9,4.8,.391,.453,9.5,1.9,0.5,4.2,4.7,5.2,1.5,0.1,2.3,1.5,16.2
Buay Tuach,WES,24,13,0,166,3.3,7.2,.455,1.1,3.9,.278,.667,3.3,0.2,0.4,4.8,5.2,1.5,1.7,0.4,1.3,3.3,7.8
Justin Tubbs,TEX,,8,0,104,4.8,11.8,.412,2.8,8.0,.348,.545,3.8,2.8,1.4,4.2,5.5,3.5,1.0,0.3,2.4,3.5,15.2
Dakarai Tucker,RIO,24,49,22,1262,6.6,15.1,.439,3.8,10.0,.382,.554,5.0,1.1,1.5,3.1,4.6,2.3,1.0,0.3,2.5,2.1,18.1
Stephen Ugochukwu,TEX,,1,0,3,0.0,0.0,,0.0,0.0,,,0.0,0.0,0.0,0.0,0.0,0.0,0.0,12.0,12.0,0.0,0.0
Tyler Ulis,WCB,23,5,4,132,7.6,19.6,.389,1.4,5.2,.263,.434,14.5,8.2,0.8,3.5,4.4,9.3,2.2,0.3,3.5,2.2,24.8
Wes VanBeck,SBL,,2,0,14,0.0,5.1,.000,0.0,2.6,.000,.000,2.6,0.0,0.0,5.1,5.1,7.7,0.0,0.0,2.6,2.6,0.0
,,,,,,,,,,,,,,,,,,,,,,,
Jarred Vanderbilt,DEL,19,4,0,65,6.6,11.6,.571,1.1,1.7,.667,.556,10.0,1.7,7.2,10.0,17.2,1.1,3.3,0.0,6.1,5.5,16.1
Jarvis Varnado,MEM,30,6,0,45,3.2,7.2,.444,0.0,0.0,,.444,7.2,5.6,4.0,5.6,9.6,0.0,0.0,2.4,5.6,6.4,12.0
Rashad Vaughn,,,,,,,,,,,,,,,,,,,,,,,
Rashad Vaughn,DEL,22,30,19,878,7.3,17.2,.427,3.4,8.5,.396,.458,8.7,2.9,0.9,4.2,5.1,3.6,1.1,0.1,2.7,2.7,20.9
Rashad Vaughn,TEX,22,21,9,517,7.2,18.9,.380,3.3,8.6,.382,.378,10.3,1.9,1.0,4.9,5.9,2.6,1.3,0.6,1.7,2.2,19.6
Gabe Vincent,STK,22,25,3,446,6.4,16.7,.382,2.4,8.3,.291,.471,8.4,1.8,1.0,3.3,4.4,4.9,1.5,0.7,2.2,4.4,17.0
Moritz Wagner,SBL,21,6,6,167,8.4,17.2,.488,2.6,8.0,.324,.628,9.3,1.9,1.3,6.3,7.5,3.9,0.6,0.9,2.4,4.1,21.3
Anthony Walker,STK,25,37,12,503,5.7,9.2,.625,0.0,0.0,,.625,9.2,2.3,4.2,5.7,9.9,0.9,0.8,3.4,3.5,6.2,13.7
Chris Walker,RIO,24,49,5,868,6.1,10.3,.593,0.0,0.1,.000,.600,10.2,3.0,4.5,7.0,11.5,2.2,1.3,2.5,3.1,3.9,15.2
Lonnie Walker,AUS,20,1,1,20,12.6,23.4,.538,0.0,3.6,.000,.636,19.8,0.0,0.0,3.6,3.6,3.6,0.0,1.8,1.8,0.0,25.2
,,,,,,,,,,,,,,,,,,,,,,,
Tyrius Walker,,,,,,,,,,,,,,,,,,,,,,,
Tyrius Walker,MAI,23,1,0,6,0.0,6.0,.000,0.0,6.0,.000,,0.0,0.0,0.0,6.0,6.0,6.0,0.0,0.0,0.0,0.0,0.0
Tyrius Walker,WES,23,3,0,47,5.4,9.2,.583,2.3,5.4,.429,.800,3.8,0.0,0.0,6.1,6.1,0.0,1.5,0.0,3.1,3.8,13.0
Brad Wanamaker,MAI,29,2,1,55,9.8,21.6,.455,3.3,5.9,.556,.417,15.7,5.2,0.0,3.3,3.3,5.2,1.3,0.0,3.3,3.3,28.1
Karrington Ward,WCB,25,2,0,19,3.8,7.6,.500,1.9,5.7,.333,1.000,1.9,1.9,0.0,7.6,7.6,0.0,1.9,1.9,1.9,3.8,11.4
Jameel Warney,,,,,,,,,,,,,,,,,,,,,,,
Jameel Warney,TEX,25,22,14,664,6.5,15.1,.432,1.1,4.1,.276,.490,11.0,2.2,2.1,5.8,7.9,3.3,1.9,1.1,2.2,2.8,16.4
Jameel Warney,WES,25,25,23,802,9.6,18.6,.517,0.9,2.8,.306,.554,15.8,2.8,3.3,5.8,9.1,3.8,1.1,1.2,1.8,3.0,22.9
Hakim Warrick,WOL,36,44,19,910,7.4,12.0,.615,0.2,0.4,.667,.614,11.7,5.9,3.8,6.1,9.9,3.0,0.4,0.8,2.3,2.8,20.9
Julian Washburn,,,,,,,,,,,,,,,,,,,,,,,
,,,,,,,,,,,,,,,,,,,,,,,
Julian Washburn,MEM,27,15,12,499,5.8,11.0,.523,2.1,4.5,.460,.567,6.5,0.8,1.7,5.0,6.6,1.9,1.7,0.0,1.5,1.6,14.4
Julian Washburn,AUS,27,23,18,730,4.7,10.7,.444,1.8,4.8,.371,.504,5.9,0.7,1.2,4.1,5.3,1.7,0.8,0.3,1.1,1.7,12.0
Kyle Washington,,,,,,,,,,,,,,,,,,,,,,,
Kyle Washington,SFL,,14,0,157,8.3,16.1,.514,1.4,3.4,.400,.545,12.6,1.6,6.2,6.0,12.2,0.5,0.9,0.9,2.5,7.8,19.5
Kyle Washington,WCB,,2,0,4,0.0,27.0,.000,0.0,9.0,.000,.000,18.0,0.0,0.0,9.0,9.0,0.0,9.0,0.0,9.0,9.0,0.0
Yuta Watanabe,MEM,24,33,32,1119,5.4,12.4,.436,1.3,4.0,.331,.487,8.4,2.9,1.7,5.9,7.6,2.8,1.0,1.2,1.7,2.3,15.1
Christian Watford,RAP,27,48,3,899,3.2,9.3,.341,2.5,7.4,.335,.362,1.9,1.2,0.9,4.9,5.8,1.5,1.0,0.4,0.8,3.0,10.0
Paul Watson,WES,24,50,42,1533,3.6,8.2,.439,1.2,3.5,.345,.507,4.8,1.2,0.7,5.0,5.7,1.2,1.0,0.6,1.4,3.4,9.6
Travis Wear,SBL,28,39,37,1206,6.5,15.9,.409,3.3,8.7,.382,.442,7.2,2.0,0.9,6.8,7.7,2.4,1.0,0.6,1.6,2.8,18.4
Briante Weber,SFL,26,33,21,1037,6.8,13.2,.514,1.1,2.6,.419,.537,10.7,2.6,1.0,4.1,5.1,7.0,3.3,0.5,3.2,3.0,17.3
,,,,,,,,,,,,,,,,,,,,,,,
Dez Wells,OKL,26,40,3,982,7.0,14.8,.476,0.9,2.7,.324,.511,12.1,4.8,0.8,4.0,4.8,4.5,1.7,0.5,3.2,3.6,19.8
Thomas Welsh,,,,,,,,,,,,,,,,,,,,,,,
Thomas Welsh,WOL,22,13,11,318,7.4,12.8,.575,1.1,2.3,.500,.591,10.5,1.7,4.0,8.8,12.8,2.0,0.2,0.9,2.4,1.9,17.5
Thomas Welsh,CGG,22,7,1,142,4.3,11.2,.386,1.0,2.5,.400,.382,8.6,3.0,3.8,8.6,12.4,2.8,0.3,0.5,2.5,4.6,12.7
Wenyen Gabriel,STK,21,42,14,872,6.8,13.8,.493,1.4,3.9,.358,.546,9.9,2.6,4.3,7.3,11.6,1.9,0.9,1.8,2.9,5.7,17.6
Andrew White,MAI,25,50,40,1535,5.3,12.4,.426,2.8,7.5,.375,.505,4.9,1.8,0.5,3.9,4.4,1.1,0.6,0.5,1.4,2.4,15.2
Isaiah Whitehead,GRR,23,25,21,731,8.7,20.8,.419,1.7,5.6,.298,.464,15.2,3.5,1.2,3.6,4.8,4.6,1.5,0.8,2.9,3.5,22.6
Okaro White,,,,,,,,,,,,,,,,,,,,,,,
Okaro White,CGG,26,7,5,201,5.9,14.9,.398,1.4,5.4,.267,.472,9.5,3.4,3.4,6.6,10.0,2.1,2.0,0.7,1.4,4.1,16.7
Okaro White,LIN,26,14,12,396,6.2,14.1,.439,1.8,5.4,.339,.500,8.7,3.5,3.8,5.5,9.4,1.6,0.5,0.5,2.3,3.1,17.6
,,,,,,,,,,,,,,,,,,,,,,,
Sekou Wiggs,WES,,49,1,959,5.1,12.1,.421,0.8,3.2,.262,.477,8.9,3.0,1.1,5.4,6.5,3.9,1.2,0.2,2.3,2.9,14.0
Thomas Wilder,WCB,,44,12,817,4.5,11.6,.388,0.8,3.1,.254,.438,8.5,3.5,1.1,4.3,5.4,4.3,1.6,0.2,2.2,3.3,13.3
Isaiah Wilkins,SWR,23,48,28,1179,2.4,5.6,.426,1.0,2.9,.351,.506,2.7,0.6,1.3,4.7,5.9,2.6,1.0,1.1,1.0,2.7,6.4
Alan Williams,LIN,26,41,40,1107,10.0,20.8,.480,0.6,2.1,.262,.505,18.7,5.9,4.4,12.8,17.3,2.9,0.8,1.2,3.1,3.9,26.4
C.J. Williams,WOL,28,36,25,1066,6.2,15.3,.408,3.2,8.8,.368,.464,6.5,1.3,0.5,3.9,4.5,2.1,1.1,0.7,1.6,3.1,17.1
Jacorey Williams,CAN,24,50,23,1439,8.1,14.4,.558,0.0,0.2,.143,.563,14.3,2.9,2.4,6.3,8.8,2.9,1.1,0.9,3.1,3.3,19.0
Johnathan Williams,SBL,23,36,31,982,8.8,16.1,.548,0.4,1.5,.244,.579,14.6,2.1,4.2,6.9,11.1,2.2,1.0,1.1,2.7,3.3,20.1
Kenrich Williams,,,,,,,,,,,,,,,,,,,,,,,
Kenrich Williams,TEX,24,2,1,64,7.3,15.2,.481,1.7,3.9,.429,.500,11.3,0.6,3.4,4.5,7.9,3.4,3.4,1.1,1.1,3.9,16.9
Kenrich Williams,WES,24,5,0,147,7.1,13.0,.547,0.5,2.9,.167,.659,10.0,1.7,4.4,9.8,14.2,4.2,2.2,1.2,1.5,2.9,16.4
,,,,,,,,,,,,,,,,,,,,,,,
Marcus Williams,STK,33,31,19,808,4.1,12.4,.333,1.9,6.5,.297,.373,6.0,1.0,0.3,4.0,4.3,12.8,1.2,0.2,4.8,1.8,11.2
Prince Williams,WOL,26,5,0,80,0.5,5.9,.077,0.0,2.7,.000,.143,3.2,0.0,0.5,1.4,1.8,3.2,1.8,0.5,1.4,2.3,0.9
Robert Williams,MAI,21,5,4,126,9.4,12.9,.733,0.0,0.0,,.733,12.9,2.9,5.1,8.9,14.0,3.1,0.9,3.4,1.7,4.0,21.7
Tommy Williams,HAW,25,11,0,98,4.4,9.9,.444,0.4,3.3,.111,.611,6.6,0.7,3.3,7.7,11.0,3.3,1.1,1.1,3.3,5.1,9.9
Troy Williams,STK,24,34,13,990,8.5,19.3,.442,2.2,7.2,.307,.523,12.1,5.1,1.6,6.7,8.3,2.0,2.1,0.8,3.2,3.5,24.4
D.J. Wilson,WIS,22,6,6,139,8.3,15.5,.533,3.4,7.3,.464,.594,8.3,1.3,1.6,6.2,7.8,2.8,2.3,1.0,1.8,3.4,21.2
Thomas Wimbush,LIN,25,31,4,623,5.3,12.8,.416,1.7,5.2,.322,.481,7.6,4.0,1.7,5.2,6.9,2.1,1.0,0.3,2.9,4.4,16.4
Todd Withers,GRR,,48,36,1229,3.5,8.7,.402,1.8,5.6,.314,.562,3.1,1.0,1.2,6.6,7.8,1.6,1.4,1.2,1.3,2.7,9.7
Adam Woodbury,,,,,,,,,,,,,,,,,,,,,,,
Adam Woodbury,GRR,25,36,21,682,5.2,9.2,.560,0.0,0.0,,.560,9.2,2.1,5.7,8.9,14.6,1.6,1.1,0.8,2.6,4.5,12.5
,,,,,,,,,,,,,,,,,,,,,,,
Adam Woodbury,STK,25,2,0,12,3.0,9.0,.333,0.0,0.0,,.333,9.0,3.0,3.0,18.0,21.0,0.0,0.0,0.0,0.0,3.0,9.0
Christian Wood,WIS,23,28,28,989,10.9,19.5,.559,0.9,3.6,.265,.624,16.0,7.1,4.1,10.2,14.3,2.4,1.1,2.3,3.0,2.6,29.9
Chris Wright,OKL,30,38,2,721,8.0,13.3,.602,0.3,1.2,.250,.636,12.1,3.3,2.2,5.5,7.7,1.9,2.2,1.7,2.3,5.3,19.6
Jay Wright,LKL,24,30,1,266,3.9,9.2,.426,0.7,3.4,.200,.558,5.8,2.4,0.8,2.0,2.8,3.2,1.8,0.1,1.1,4.3,11.0
Guerschon Yabusele,MAI,23,1,1,28,7.7,18.0,.429,1.3,7.7,.167,.625,10.3,3.9,1.3,3.9,5.1,2.6,1.3,0.0,2.6,7.7,20.6
Gabe York,LKL,25,41,32,1198,7.1,16.7,.423,3.7,10.0,.368,.505,6.7,2.4,0.5,3.2,3.8,3.7,1.2,0.1,2.4,2.1,20.2
James Young,WIS,23,19,18,602,6.9,16.2,.424,3.4,8.1,.422,.426,8.1,4.4,1.3,4.5,5.8,2.5,1.3,0.8,2.4,2.7,21.5
Kevin Young,SAN,28,41,3,645,3.9,7.3,.531,0.0,0.4,.000,.561,6.9,1.8,5.0,5.9,10.9,2.9,2.3,1.2,2.6,3.9,9.5
Stephen Zimmerman,WES,22,44,15,883,6.3,11.1,.570,0.0,0.1,.333,.572,11.0,2.3,3.9,8.8,12.7,3.0,0.9,1.6,3.1,3.5,15.0
