name,Teams,age,Restricted FGM,Restricted FGA,Restricted FG%,Paint FGM,Paint FGA,Paint FG%,Mid FGM,Mid FGA,Mid FG%,Left Corner FGM,Left Corner FGA,Left Corner FG%,Right Corner FGM,Right Corner FGA,Right Corner FG%,Above Break FGM,Above Break FGA,Above Break FG%
A.J. Davis,DEL,24,0.0,0.5,0.0,0.5,0.5,100,0.0,0.0,0.0,0.0,0.0,0.0,0.0,0.0,0.0,0.0,0.0,0.0
A.J. Hess,WIS,25,0.3,0.6,45.5,0.1,0.2,33.3,0.5,1.2,45.0,0.3,0.6,44.4,0.3,0.6,44.4,1.1,3.7,30.2
AJ Mosby,ERI,23,0.4,0.6,63.6,0.6,0.9,64.7,0.2,0.8,20.0,0.1,0.1,50.0,0.2,0.3,60.0,0.5,1.4,33.3
Aaron Epps,NAS,23,2.1,3.0,71.2,0.3,0.8,42.1,0.3,0.5,48.0,0.1,0.3,31.3,0.2,0.5,29.2,1.2,3.2,38.1
Abdel Nader,OKL,25,5.0,7.7,65.2,1.7,3.0,55.6,0.7,0.7,100,0.7,1.7,40.0,0.0,0.3,0.0,1.0,4.3,23.1
Abdul Gaddy,OKL,27,1.9,2.6,72.1,0.8,1.7,46.9,0.3,0.8,44.7,0.1,0.2,44.4,0.1,0.3,38.5,0.6,1.3,45.5
Adam Woodbury,GRD,25,2.2,3.2,68.3,0.3,1.0,29.7,0.1,0.5,20.0,0.0,0.0,0.0,0.0,0.0,0.0,0.0,0.0,0.0
Akeem Springs,SLC,25,0.4,0.6,62.5,0.1,0.3,25.0,0.1,0.4,20.0,0.1,0.3,33.3,0.0,0.5,0.0,0.9,2.8,32.4
Alan Williams,LIN,26,4.4,7.4,60.1,2.5,6.1,40.8,0.1,0.5,27.3,0.0,0.1,20.0,0.1,0.1,50.0,0.3,1.3,25.9
Alen Smailagic,SCW,18,2.6,3.7,72.1,0.3,1.1,32.0,0.0,0.5,8.0,0.0,0.2,22.2,0.0,0.1,0.0,0.4,1.4,26.2
Alex Caruso,SBL,25,2.3,4.3,53.0,0.8,2.0,41.5,0.6,1.3,44.4,0.0,0.2,20.0,0.1,0.5,25.0,0.9,3.3,27.8
Alex Poythress,ERI,25,7.4,12.3,60.6,1.1,2.3,45.2,0.4,1.0,44.4,0.0,0.4,0.0,0.2,0.4,57.1,0.9,3.1,29.1
Alize Johnson,FWN,23,4.7,7.0,67.3,1.6,3.7,42.2,0.4,1.7,23.1,0.2,0.3,50.0,0.1,0.2,57.1,0.9,2.4,36.0
Amida Brimah,AUS,25,3.0,4.3,69.8,0.6,1.2,46.6,0.1,0.4,33.3,0.0,0.0,0.0,0.0,0.0,0.0,0.0,0.0,0.0
Amile Jefferson,LAK,26,6.1,8.6,71.2,0.9,2.9,32.0,0.4,1.1,30.8,0.0,0.0,0.0,0.0,0.0,0.0,0.0,0.1,50.0
Amir Johnson,DEL,32,4.0,5.0,80.0,1.0,1.5,66.7,0.0,1.0,0.0,0.0,0.0,0.0,0.0,0.0,0.0,1.0,2.0,50.0
Amjyot Singh,WIS,27,0.3,0.6,57.1,0.0,0.1,0.0,0.0,0.2,0.0,0.0,0.2,0.0,0.1,0.6,25.0,0.3,1.4,22.2
Andre Ingram,SBL,33,0.4,0.7,55.6,0.2,1.0,25.0,0.8,1.6,52.5,0.2,0.5,30.0,0.1,0.4,35.7,1.3,3.5,36.9
Andre Spight,WIS,24,0.3,0.7,50.0,0.0,0.0,0.0,0.3,0.6,60.0,0.1,0.5,25.0,0.4,0.8,50.0,0.3,2.1,15.8
Andrew White III,MNE,26,1.4,2.4,58.5,0.2,0.5,40.0,0.5,1.3,39.4,0.3,0.7,42.9,0.4,0.9,43.9,1.7,4.9,35.8
Anfernee Simons,ACC,20,0.5,1.5,33.3,2.0,4.5,44.4,1.5,3.8,40.0,0.7,0.7,100,0.3,0.3,100,1.8,4.5,38.9
Angel Delgado,ACC,24,6.1,8.1,75.2,1.3,2.8,46.3,0.5,1.4,31.7,0.0,0.1,25.0,0.1,0.1,75.0,0.1,0.5,18.2
Angel Rodriguez,RGV,26,2.7,4.7,57.4,0.0,1.5,0.0,0.2,0.5,40.0,0.1,0.2,50.0,0.2,0.3,66.7,0.9,3.1,29.0
Anthony Bennett,ACC,26,1.5,2.2,70.4,0.0,0.0,100,0.4,0.6,60.0,0.1,0.5,27.3,0.4,0.7,56.3,1.6,3.6,45.6
Anthony Brown,LAK,26,1.4,2.5,55.2,0.7,2.0,37.0,1.0,2.3,44.4,0.2,0.4,50.0,0.1,0.4,40.0,1.3,4.1,32.4
Anthony Roberson,OKL,24,0.5,1.1,50.0,0.0,0.5,0.0,0.0,0.1,0.0,0.0,0.1,0.0,0.0,0.2,0.0,0.0,0.2,0.0
Anthony Walker,STO,25,1.7,2.4,69.7,0.5,1.0,47.2,0.0,0.1,20.0,0.0,0.0,0.0,0.0,0.0,0.0,0.0,0.0,0.0
Antonio Blakeney,WCB,22,2.0,5.5,36.4,3.0,4.5,66.7,2.0,7.0,28.6,0.0,1.0,0.0,0.0,0.0,0.0,1.0,1.5,66.7
Antonio Campbell,LAK,24,1.8,2.7,66.9,0.6,1.4,40.3,0.2,0.4,41.2,0.1,0.2,50.0,0.0,0.1,0.0,1.5,3.8,38.8
Antonius Cleveland,SCW,25,2.1,3.3,64.3,0.8,2.1,40.2,0.3,1.2,26.0,0.2,0.5,40.0,0.3,0.4,64.7,0.5,1.8,28.4
Archie Goodwin,MNE,24,4.7,7.8,60.9,0.5,1.6,30.4,0.3,0.9,29.6,0.0,0.1,33.3,0.0,0.2,0.0,0.8,3.1,25.8
Asauhn Dixon-Tatum,TEX,28,2.0,2.8,71.4,0.4,1.0,40.0,0.2,0.4,50.0,0.0,0.0,0.0,0.0,0.0,0.0,0.0,0.0,0.0
Austin Chatman,SXF,26,0.1,0.4,40.0,0.0,0.1,0.0,0.1,0.3,33.3,0.1,0.2,50.0,0.3,0.4,66.7,0.3,1.1,26.7
BJ Johnson,LAK,23,2.2,3.4,64.9,0.5,1.7,31.8,0.8,2.1,38.8,0.2,0.4,37.5,0.1,0.3,41.7,1.7,3.7,45.5
Ben Moore,AUS,24,3.1,4.8,64.3,0.8,1.8,44.6,0.2,0.5,45.5,0.1,0.3,35.7,0.1,0.3,25.0,0.4,0.9,39.5
Billy Garrett,WES,24,2.3,3.3,69.0,0.8,2.0,36.7,1.9,3.9,48.4,0.1,0.3,37.5,0.0,0.2,20.0,1.0,3.1,32.0
Billy Preston,TEX,21,0.8,1.4,56.4,0.4,1.0,42.9,0.4,1.7,25.5,0.0,0.1,0.0,0.0,0.0,0.0,0.8,2.1,36.8
Bonzie Colson,WIS,23,2.3,3.5,66.7,1.1,2.6,42.0,0.7,1.9,38.6,0.1,0.6,24.0,0.2,0.6,44.0,1.2,3.5,33.7
Brad Wanamaker,MNE,29,2.5,4.5,55.6,0.5,1.5,33.3,2.0,6.0,33.3,0.0,0.0,0.0,0.0,0.0,0.0,2.5,4.5,55.6
Braian Angola-Rodas,LAK,25,1.3,2.3,58.6,0.3,0.9,36.4,0.2,0.6,29.2,0.1,0.1,40.0,0.2,0.4,43.8,1.2,3.3,35.2
Brandon Fields,ACC,30,1.2,1.9,64.9,0.2,1.1,22.6,0.6,1.6,36.8,0.1,0.5,20.0,0.2,0.4,40.0,1.3,3.5,37.0
Brandon Goodwin,IWA,23,4.6,7.2,64.0,1.0,2.7,38.0,0.6,1.7,36.4,0.3,0.5,53.8,0.2,0.6,37.5,1.7,4.5,38.5
Brandon Knight,RGV,27,0.5,1.0,50.0,1.0,2.0,50.0,0.5,1.0,50.0,1.0,1.5,66.7,0.0,0.0,0.0,2.5,7.5,33.3
Brandon McCoy,WIS,21,2.5,4.3,59.1,0.3,1.0,35.9,0.3,1.0,26.8,0.0,0.1,0.0,0.0,0.1,0.0,0.1,0.5,15.0
Brandon Sampson,WCB,22,2.9,4.7,62.4,0.2,1.3,18.4,0.4,0.8,48.3,0.4,0.6,58.3,0.2,0.5,41.2,1.8,5.0,35.1
Briante Weber,SXF,26,2.5,3.9,65.6,2.1,4.5,46.6,0.4,0.9,40.0,0.0,0.1,0.0,0.1,0.1,50.0,0.9,2.1,42.6
Bruce Brown,GRD,22,2.0,5.0,40.0,4.0,9.0,44.4,0.0,0.0,0.0,0.0,0.0,0.0,0.0,0.0,0.0,0.0,2.0,0.0
Bruno Caboclo,RGV,23,3.3,4.7,69.5,0.3,1.1,23.3,0.0,0.3,12.5,0.4,0.9,44.0,0.5,1.0,50.0,1.5,3.7,40.8
Bryce Alford,OKL,24,1.1,1.7,64.3,0.5,1.1,49.1,0.1,0.7,21.2,0.2,0.6,39.3,0.4,0.9,41.3,2.1,6.2,33.8
Buay Tuach,WES,24,0.8,1.1,71.4,0.0,0.0,0.0,0.0,0.1,0.0,0.0,0.4,0.0,0.1,0.2,50.0,0.3,0.8,36.4
Bubu Palo,SXF,27,2.0,3.3,59.4,0.7,2.0,32.1,0.2,0.7,23.1,0.2,0.3,53.8,0.1,0.4,26.7,0.6,1.2,47.8
Byron Mullens,LAK,30,1.7,2.5,66.7,0.0,1.7,0.0,0.0,0.5,0.0,0.0,0.0,0.0,0.0,0.2,0.0,1.7,4.2,40.0
C.J. Anderson,SXF,23,0.6,1.2,52.2,0.1,0.5,16.7,0.0,0.1,20.0,0.1,0.2,50.0,0.0,0.0,0.0,0.2,0.6,28.6
C.J. Williams,IWA,29,1.6,2.7,60.8,0.3,1.2,27.9,0.5,1.4,33.3,0.4,0.8,48.1,0.3,0.7,42.3,2.0,5.8,34.4
CJ Fair,WCB,27,3.2,5.1,61.4,0.9,1.7,50.0,0.1,0.4,25.0,0.3,1.0,31.9,0.1,0.3,23.1,0.2,0.7,27.3
CJ Leslie,TEX,28,1.8,3.2,56.3,0.2,1.3,15.4,0.4,0.9,44.4,0.1,0.5,25.0,0.0,0.1,0.0,0.2,1.7,11.8
Caleb Swanigan,STO,22,2.3,3.4,65.9,2.1,4.5,46.3,0.5,1.8,28.6,0.0,0.1,0.0,0.0,0.1,0.0,0.3,1.2,21.4
Cameron Oliver,DEL,22,4.5,6.0,73.9,0.7,1.3,55.9,0.2,0.7,33.3,0.1,0.2,50.0,0.0,0.0,100,0.5,2.2,25.0
Cameron Reynolds,STO,24,1.1,1.6,67.3,1.3,2.6,49.4,0.5,1.4,35.6,0.4,1.1,35.3,0.2,0.5,46.7,2.4,5.6,42.7
Cameron Rundles,AUS,31,0.1,0.2,40.0,0.2,0.4,42.9,0.4,0.6,63.6,0.0,0.0,0.0,0.0,0.0,0.0,0.2,0.9,22.2
Canyon Barry,IWA,25,1.7,2.6,64.5,0.1,0.6,24.0,0.3,0.7,36.7,0.1,0.3,42.9,0.3,0.7,48.0,0.9,2.3,38.1
Cat Barber,ERI,24,3.7,6.6,56.9,0.4,1.4,32.1,0.7,1.7,38.6,0.0,0.2,12.5,0.1,0.3,30.0,0.5,2.2,23.9
Chance Comanche,CTN,23,1.1,2.1,53.4,0.1,0.5,15.4,0.2,0.6,35.3,0.0,0.0,0.0,0.0,0.0,0.0,0.0,0.0,0.0
Charles Cooke,SXF,24,2.6,3.9,67.7,0.9,2.6,35.9,0.3,0.9,34.3,0.2,0.8,25.0,0.2,0.6,37.5,1.0,2.6,37.5
Chasson Randle,CAP,26,3.0,4.9,61.5,1.9,3.8,50.0,0.4,1.1,33.3,0.3,0.6,40.0,0.4,0.9,42.9,2.8,5.5,50.0
Chimezie Metu,AUS,22,2.9,4.1,70.8,1.5,3.7,41.1,1.2,3.2,36.9,0.0,0.0,0.0,0.0,0.1,0.0,0.2,0.5,28.6
Chinanu Onuaku,GBO,22,4.1,6.4,63.5,0.8,2.1,38.5,0.5,1.4,39.3,0.0,0.0,0.0,0.0,0.0,0.0,0.2,1.1,16.7
Chris Boucher,RAP,26,6.5,8.9,73.4,0.7,2.0,33.9,0.3,1.1,25.0,0.2,0.4,60.0,0.3,0.6,50.0,1.7,6.0,28.6
Chris Chiozza,CAP,23,1.9,3.3,58.8,0.6,1.9,31.5,0.6,1.7,36.6,0.1,0.4,36.8,0.1,0.3,33.3,1.5,3.6,42.4
Chris McCullough,RGV,24,3.0,5.4,55.3,0.3,0.7,40.0,0.1,0.3,50.0,0.0,0.0,0.0,0.0,0.0,0.0,0.3,1.4,20.0
Chris Walker,RGV,24,2.6,3.9,67.4,0.4,1.1,35.2,0.0,0.1,0.0,0.0,0.0,0.0,0.0,0.0,0.0,0.0,0.0,0.0
Chris Wright,OKL,30,3.8,5.6,67.1,0.3,0.8,35.5,0.0,0.1,50.0,0.0,0.1,0.0,0.0,0.0,0.0,0.2,0.5,30.0
Christian Watford,RAP,28,0.3,0.6,55.6,0.0,0.3,15.4,0.0,0.2,12.5,0.2,0.6,42.3,0.1,0.3,41.7,1.0,3.0,31.5
Christian Wood,WIS,23,7.6,10.6,71.6,1.0,2.5,38.0,1.3,2.6,47.9,0.0,0.0,100,0.2,0.4,45.5,0.7,3.1,23.3
Cinmeon Bowers,WIS,26,1.8,5.0,35.0,0.1,0.4,33.3,0.4,0.9,42.9,0.0,0.0,0.0,0.0,0.0,0.0,0.4,1.3,30.0
Codi Miller-McIntyre,TEX,25,2.1,3.0,70.8,0.3,1.4,18.2,0.4,1.1,33.3,0.0,0.1,0.0,0.0,0.0,0.0,0.9,4.0,21.9
Cody Demps,STO,25,2.0,2.8,69.0,1.1,2.9,38.8,0.2,0.9,26.7,0.2,0.4,45.5,0.1,0.3,31.3,0.5,1.8,28.3
Connor Burchfield,SXF,24,0.2,0.2,100,0.2,0.4,40.0,0.1,0.3,33.3,0.0,0.3,0.0,0.0,0.4,0.0,0.5,1.5,29.4
Corey Henderson,AUS,23,0.0,0.4,0.0,0.4,0.8,50.0,0.6,2.2,27.3,0.0,0.8,0.0,0.3,0.3,100,0.4,1.6,25.0
Cory Jefferson,DEL,28,0.9,1.6,54.3,0.3,0.7,37.5,0.2,0.5,45.5,0.2,0.4,50.0,0.0,0.1,0.0,1.5,4.5,32.7
Courtney Lee,WES,33,2.0,3.0,66.7,3.0,6.0,50.0,1.0,3.0,33.3,0.0,2.0,0.0,0.0,0.0,0.0,1.0,7.0,14.3
Craig Sword,ERI,25,2.2,3.2,67.7,0.2,0.5,40.0,0.1,0.3,35.7,0.2,0.6,37.9,0.2,0.3,53.3,0.6,2.0,28.1
D.J. Hogg,DEL,22,1.2,2.0,60.7,0.1,0.4,29.4,0.2,0.4,38.9,0.2,0.5,39.1,0.3,0.6,50.0,1.8,5.1,34.8
D.J. Wilson,WIS,23,2.2,2.5,86.7,0.3,1.2,28.6,0.7,1.7,40.0,0.2,0.2,100,0.6,1.0,60.0,1.5,3.7,40.9
DJ Stephens,MHU,28,1.1,1.7,64.7,0.3,0.6,50.0,0.1,0.3,33.3,0.0,0.3,0.0,0.3,0.5,50.0,1.0,2.8,35.7
Dakarai Allen,GRD,24,1.5,2.3,64.0,0.6,1.4,41.8,0.2,0.3,50.0,0.1,0.3,36.4,0.2,0.4,35.7,0.0,0.1,0.0
Dakarai Tucker,RGV,25,1.8,2.9,60.4,0.2,0.6,35.7,0.0,0.1,16.7,0.8,1.4,55.4,0.4,0.9,46.5,1.6,4.9,32.4
Dallas Lauderdale,MNE,30,1.9,2.6,74.7,0.1,0.2,60.0,0.0,0.0,0.0,0.0,0.0,0.0,0.0,0.0,0.0,0.0,0.0,0.0
Damion Lee,SCW,26,2.5,3.8,67.0,1.0,2.4,43.1,1.4,3.5,39.8,0.5,1.2,42.9,0.3,0.7,35.3,1.3,3.3,39.7
Daniel Dixon,NAS,25,1.3,2.2,58.7,0.4,1.1,34.4,0.4,1.1,40.6,0.3,0.8,31.8,0.2,0.5,46.2,0.8,2.9,28.6
Daniel Hamilton,RGV,23,3.2,5.8,55.2,1.8,3.4,52.9,0.2,0.4,50.0,0.6,1.0,60.0,0.2,0.6,33.3,0.4,2.6,15.4
Daniel Ochefu,STO,25,3.8,5.4,71.3,1.9,3.8,49.0,0.3,0.6,40.0,0.0,0.1,50.0,0.0,0.1,25.0,0.0,0.1,0.0
Danuel House Jr.,RGV,26,3.4,5.7,59.2,0.3,0.9,29.4,0.2,0.5,44.4,0.2,0.6,36.4,0.3,1.0,33.3,2.3,7.1,32.3
Darel Poirier,CAP,22,2.0,3.3,61.5,1.1,2.1,50.6,0.2,0.8,26.7,0.0,0.1,0.0,0.0,0.2,0.0,0.4,1.0,40.0
Darius Johnson-Odom,IWA,29,4.6,6.4,71.8,0.6,1.9,31.4,0.7,2.0,36.7,0.0,0.3,18.2,0.2,0.5,40.9,1.7,4.8,35.2
Darius Morris,SCW,28,2.2,3.9,55.2,1.1,2.9,37.8,0.9,2.0,43.3,0.2,0.5,38.9,0.1,0.3,22.2,1.3,4.4,28.9
Daryl Macon,TEX,23,2.2,3.3,66.2,0.7,2.3,31.3,1.8,4.4,40.6,0.2,0.3,50.0,0.1,0.2,25.0,1.4,4.3,32.6
Davon Reed,FWN,24,1.9,3.4,56.9,0.6,1.5,36.5,0.9,2.6,33.7,0.1,0.4,23.1,0.1,0.1,66.7,1.6,4.9,32.9
Daxter Miles Jr.,NAS,24,1.9,2.9,64.6,0.3,0.8,42.1,0.3,0.9,29.5,0.1,0.3,31.3,0.2,0.4,40.0,1.1,4.1,27.6
De'Anthony Melton,NAS,21,2.0,3.7,54.5,1.5,2.7,56.3,1.5,3.5,42.9,0.2,0.2,100,0.0,0.2,0.0,1.8,7.2,25.6
DeAndre Daniels,TEX,27,1.8,2.9,60.9,0.3,0.5,50.0,0.0,0.3,0.0,0.0,0.1,0.0,0.0,0.1,0.0,0.3,1.6,15.4
DeAndre Liggins,SXF,31,0.7,1.2,58.6,0.1,0.7,17.6,0.7,1.3,56.3,0.1,0.4,20.0,0.2,0.7,23.5,1.9,4.6,42.1
DeJuan Blair,AUS,30,2.3,3.9,59.6,0.7,1.8,35.7,0.3,0.9,33.3,0.0,0.0,0.0,0.0,0.0,0.0,0.0,0.0,0.0
DeVaughn Akoon-Purcell,DEL,26,2.0,6.5,30.8,0.5,1.0,50.0,1.0,2.5,40.0,0.5,0.5,100,0.0,0.0,0.0,3.0,5.5,54.5
Demarcus Holland,ACC,25,1.4,2.5,55.3,0.6,1.3,41.2,0.4,1.0,36.8,0.2,0.4,40.0,0.3,0.6,50.0,0.2,0.9,17.6
Demetre Rivers,MNE,23,0.5,0.5,100,0.0,0.5,0.0,0.0,0.0,0.0,0.0,0.5,0.0,0.0,1.0,0.0,0.0,0.5,0.0
Demetri McCamey,AUS,30,0.6,1.2,55.2,0.1,0.4,30.0,0.7,1.4,50.0,0.1,0.1,66.7,0.0,0.0,0.0,0.5,2.0,26.0
Demetrius Denzel-Dyson,FWN,24,0.6,1.2,47.1,0.1,0.5,21.1,0.3,0.8,38.2,0.4,0.9,45.5,0.3,0.6,52.2,0.7,1.9,36.6
Demetrius Jackson,DEL,24,4.5,7.1,63.2,0.6,1.9,33.3,0.0,0.5,0.0,0.1,0.6,20.0,0.1,1.0,12.5,1.6,4.5,36.1
Deng Adel,CTN,22,2.4,4.1,58.6,0.5,1.5,29.8,0.8,2.1,40.8,0.1,0.4,35.7,0.1,0.3,30.0,0.9,2.8,32.0
Deonte Burton,OKL,25,3.6,5.6,64.2,0.8,2.2,34.6,0.3,1.2,27.6,0.2,0.4,44.4,0.1,0.2,60.0,1.0,3.7,28.1
Deonte Burton,SLC,27,0.8,1.5,52.4,0.4,1.3,27.3,0.3,0.8,35.3,0.0,0.1,33.3,0.0,0.1,50.0,0.6,1.9,31.6
Derek Cooke Jr.,RAP,27,3.3,5.9,56.2,0.2,1.0,25.6,0.0,0.2,18.2,0.0,0.0,100,0.0,0.0,0.0,0.0,0.0,0.0
Derrick Griffin,SBL,25,2.0,3.2,64.6,0.4,0.8,50.0,0.0,0.0,0.0,0.0,0.0,0.0,0.0,0.0,0.0,0.0,0.0,0.0
Desi Rodriguez,ACC,23,2.2,3.6,62.3,0.7,1.9,35.2,0.3,0.9,31.8,0.3,0.6,44.4,0.2,0.6,32.1,0.4,2.0,21.6
Devin Davis,LAK,24,1.6,2.4,68.0,0.4,1.2,35.3,0.2,0.5,45.5,0.0,0.1,50.0,0.1,0.1,66.7,0.3,1.0,29.3
Devin Robinson,CAP,24,4.4,5.3,82.1,1.6,3.4,48.0,0.6,1.7,36.8,0.0,0.1,0.0,0.3,0.7,50.0,0.8,2.9,27.0
Devin Sweetney,CAP,31,0.6,1.2,47.4,0.3,0.7,36.4,0.1,0.1,100,0.0,0.3,0.0,0.1,0.1,100,0.5,1.7,30.8
Devon Baulkman,WES,27,0.8,1.6,51.6,0.2,0.6,30.4,0.8,1.9,41.3,0.3,0.9,30.6,0.1,0.6,26.3,0.7,1.7,40.9
Devon Bookert,AUS,26,0.2,0.3,50.0,0.3,0.6,42.9,0.3,0.7,50.0,0.0,0.1,0.0,0.1,0.2,50.0,0.6,1.7,35.0
Devon Hall,OKL,23,0.4,1.5,26.7,0.0,0.5,0.0,0.2,0.2,100,0.4,0.8,57.1,0.1,0.4,25.0,1.4,3.4,41.2
Devonte' Graham,GBO,24,2.0,3.5,56.5,0.8,2.1,37.0,1.5,2.8,51.4,0.2,0.6,37.5,0.2,0.3,50.0,3.4,8.9,37.9
Deyonta Davis,SCW,22,3.0,3.9,75.7,0.5,1.2,42.0,1.2,2.7,43.5,0.0,0.0,0.0,0.0,0.0,0.0,0.0,0.0,0.0
Dez Wells,OKL,27,3.0,5.0,59.8,1.0,2.4,39.2,0.3,0.8,32.3,0.2,0.7,34.6,0.1,0.4,21.4,0.3,0.8,38.7
Diamond Stone,RGV,22,2.7,3.9,67.7,0.6,1.4,44.4,0.4,0.8,42.3,0.0,0.0,0.0,0.0,0.1,0.0,0.5,1.6,31.5
Dikembe Dixson,CAP,22,0.7,1.0,66.7,0.2,0.4,40.0,0.2,0.6,28.6,0.1,0.6,20.0,0.5,0.5,100,0.4,0.7,50.0
Donte DiVincenzo,WIS,22,2.8,4.3,64.7,0.3,0.5,50.0,0.8,1.5,50.0,0.0,0.3,0.0,0.0,0.5,0.0,1.8,5.8,30.4
Donte Grantham,OKL,24,1.4,2.4,57.7,0.3,1.0,29.4,0.1,0.5,16.7,0.1,0.4,14.3,0.2,0.4,41.7,1.8,4.8,38.9
Donte Ingram,TEX,22,0.5,0.6,74.1,0.1,0.4,33.3,0.2,0.6,30.4,0.2,0.7,23.1,0.1,0.3,40.0,0.4,1.3,30.4
Doral Moore,MHU,22,3.4,4.8,72.3,0.4,1.1,33.9,0.0,0.1,0.0,0.0,0.0,0.0,0.0,0.0,0.0,0.0,0.0,0.0
Drew Eubanks,AUS,22,4.0,5.2,77.0,1.9,3.4,56.4,0.8,1.7,47.3,0.0,0.0,0.0,0.0,0.0,0.0,0.0,0.0,0.0
Drew Gordon,LIN,28,2.3,3.7,61.5,0.5,1.3,40.9,0.0,0.1,25.0,0.0,0.1,0.0,0.0,0.1,0.0,0.1,0.7,20.0
Duane Notice,RAP,24,1.7,3.2,52.0,0.2,1.0,20.8,0.1,0.3,50.0,0.3,0.6,48.1,0.2,0.7,35.5,1.0,2.8,37.4
Duje Dukan,CAP,27,1.1,1.7,62.3,0.5,1.2,41.7,0.4,0.7,54.5,0.1,0.2,33.3,0.1,0.1,66.7,0.8,2.3,33.3
Duke Mondy,SXF,28,0.1,0.6,25.0,0.4,1.4,25.0,0.9,1.7,50.0,0.2,0.5,42.9,0.5,1.1,50.0,0.6,2.1,30.0
Duncan Robinson,SXF,25,1.8,2.4,73.8,0.4,1.1,40.0,0.4,1.1,40.0,0.3,0.6,50.0,0.6,1.1,58.3,3.8,8.1,47.2
Dusty Hannahs,MHU,25,1.6,2.7,59.1,1.2,2.7,44.3,0.7,1.3,51.5,0.2,0.6,42.9,0.3,0.6,42.3,1.3,3.1,40.9
Dwayne Bacon,GBO,23,4.4,7.5,58.6,1.4,3.7,38.1,0.9,2.8,33.3,0.1,0.4,28.6,0.1,0.4,28.6,1.3,5.4,23.9
Dzanan Musa,LIN,20,3.3,5.4,60.3,1.2,3.1,37.8,0.1,0.5,11.1,0.0,0.3,10.0,0.2,0.4,57.1,2.0,5.7,35.6
Edmond Sumner,FWN,23,4.5,6.9,64.4,1.0,3.1,31.3,0.6,1.5,42.1,0.1,0.4,30.0,0.2,0.5,30.8,1.8,4.9,36.7
Elie Okobo,NAS,21,1.6,2.6,60.9,1.0,1.9,52.9,0.9,2.1,42.1,0.1,0.1,100,0.2,0.4,50.0,2.4,8.8,27.8
Elijah Brown,GRD,24,0.5,0.9,55.6,0.1,0.7,14.3,0.9,1.4,64.3,0.1,0.4,33.3,0.1,0.4,25.0,0.3,2.0,15.0
Elijah Stewart,STO,23,0.6,0.8,72.7,0.1,0.6,23.5,0.1,0.3,30.0,0.2,0.5,40.0,0.0,0.3,0.0,0.4,1.5,27.7
Emanuel Terry,SXF,22,3.8,5.7,65.9,0.7,2.0,35.9,0.1,0.3,33.3,0.0,0.0,0.0,0.0,0.0,0.0,0.0,0.0,0.0
Eric Stuteville,NAS,24,2.0,2.9,68.5,0.5,1.4,33.3,0.2,0.4,50.0,0.0,0.0,0.0,0.0,0.0,0.0,0.0,0.0,0.0
Evan Smotrycz,IWA,27,0.2,0.4,53.8,0.1,0.3,33.3,0.2,0.7,28.6,0.1,0.4,33.3,0.2,0.5,44.4,0.5,1.4,35.7
Evan Taylor,ACC,23,0.6,1.3,46.2,0.1,0.4,25.0,0.0,0.3,0.0,0.2,0.8,22.2,0.5,0.7,62.5,0.3,0.8,31.3
Ferrakohn Hall,WCB,28,1.6,2.7,59.7,0.2,0.7,32.4,0.4,1.1,32.1,0.1,0.2,60.0,0.3,0.5,50.0,0.5,1.5,35.2
Frank Jackson,TEX,21,6.0,9.0,66.7,1.5,3.5,42.9,1.0,1.3,80.0,0.0,0.0,0.0,0.3,0.5,50.0,1.5,6.0,25.0
Gabe Vincent,STO,23,0.5,1.0,44.0,0.5,1.2,44.8,1.0,2.2,47.2,0.3,0.7,38.5,0.1,0.4,28.6,1.0,3.4,28.0
Gabe York,LAK,25,1.6,2.5,64.7,0.7,1.7,39.7,0.5,1.3,35.8,0.3,0.8,37.5,0.2,0.3,54.5,2.6,7.1,36.2
Gary Clark,RGV,24,1.4,1.6,90.9,0.4,1.3,33.3,0.1,0.1,100,0.4,0.7,60.0,0.3,0.7,40.0,1.4,5.9,24.4
Gary Payton II,RGV,26,5.2,8.4,62.4,0.7,2.3,29.2,0.2,0.5,40.0,0.1,0.2,60.0,0.0,0.3,14.3,0.9,3.5,24.7
Gary Talton,SXF,29,0.0,1.0,0.0,0.5,2.0,25.0,0.0,0.5,0.0,0.0,0.0,0.0,0.0,0.0,0.0,0.5,1.0,50.0
Gary Trent Jr.,TEX,20,3.7,6.3,57.9,1.7,3.0,55.6,1.2,3.5,33.3,0.8,1.0,83.3,0.2,0.5,33.3,4.0,8.5,47.1
George King,NAS,25,2.0,3.2,63.8,0.8,2.0,41.0,0.4,1.1,33.3,0.6,0.9,64.7,0.6,1.0,55.3,1.1,3.3,34.3
Georges Niang,SLC,26,3.0,4.3,69.2,2.0,4.0,50.0,0.7,1.7,40.0,1.3,1.3,100,0.0,1.0,0.0,1.7,5.3,31.3
Gerard Tarin,SXF,22,0.7,1.2,57.1,0.4,0.7,56.3,0.0,0.0,0.0,0.1,0.1,50.0,0.2,0.4,40.0,0.1,0.2,40.0
Grayson Allen,SLC,23,1.7,2.1,80.0,0.5,1.5,33.3,0.3,0.8,33.3,0.3,1.3,26.7,0.3,0.4,60.0,2.3,5.3,42.2
Guerschon Yabusele,MNE,23,5.0,6.0,83.3,0.0,1.0,0.0,0.0,1.0,0.0,-,-,-,0.0,2.0,0.0,1.0,4.0,25.0
Gyorgy Goloman,WES,23,0.7,1.1,58.9,0.2,0.6,28.1,0.2,0.3,57.1,0.1,0.1,60.0,0.0,0.0,0.0,0.5,1.6,34.2
Hakim Warrick,IWA,36,2.8,3.7,74.8,0.8,1.7,46.6,0.6,1.4,41.7,0.0,0.0,100,0.1,0.2,66.7,0.0,0.0,0.0
Hamidou Diallo,OKL,20,5.0,7.8,63.8,0.5,3.0,16.7,0.5,1.5,33.3,0.7,0.8,80.0,0.0,0.7,0.0,0.5,2.3,21.4
Harry Giles III,STO,21,3.3,4.3,76.5,2.3,6.0,37.5,1.8,3.5,50.0,0.0,0.0,0.0,0.0,0.0,0.0,2.0,2.8,72.7
Harry Rafferty,SXF,25,0.5,1.0,50.0,0.0,0.3,0.0,0.3,0.3,100,0.3,0.5,50.0,0.0,0.3,0.0,0.3,2.0,12.5
Haywood Highsmith,DEL,22,2.0,3.3,59.9,0.7,1.7,42.3,0.2,0.8,28.6,0.6,1.0,60.0,0.1,0.7,15.6,0.9,3.1,29.4
Henry Ellenson,GRD,22,2.1,3.4,63.0,0.9,2.3,38.9,0.5,2.1,23.5,0.1,0.9,14.3,0.3,0.9,28.6,1.8,4.4,40.0
Hollis Thompson,NAS,28,2.5,4.0,61.2,1.2,3.2,36.8,1.2,3.0,38.5,0.1,0.4,36.4,0.4,0.6,57.9,1.0,3.4,30.7
Ike Anigbogu,FWN,20,2.9,5.2,54.5,1.0,2.5,37.7,0.7,1.8,39.5,0.0,0.0,0.0,0.0,0.0,0.0,0.0,0.0,0.0
Ike Nwamu,FWN,26,1.2,1.8,65.3,0.1,0.5,9.5,0.1,0.6,18.2,0.3,0.7,37.0,0.1,0.3,45.5,0.8,3.0,28.4
Isaac Bonga,SBL,19,2.0,3.7,55.3,0.8,2.1,38.5,0.4,1.1,36.4,0.1,0.3,44.4,0.1,0.4,36.4,0.8,2.4,33.3
Isaac Haas,SLC,23,2.6,3.6,72.9,1.3,2.4,53.2,0.1,0.4,33.3,0.0,0.0,0.0,0.0,0.0,0.0,0.0,0.0,0.0
Isaac Hamilton,CTN,25,0.5,0.7,66.7,0.1,0.5,18.8,0.1,0.6,15.8,0.2,0.3,57.1,0.1,0.6,23.1,0.1,0.6,11.1
Isaac Humphries,ERI,21,3.2,4.9,66.2,0.8,1.8,46.3,0.2,0.6,30.8,0.1,0.3,40.0,0.2,0.4,38.9,0.3,1.0,33.3
Isaiah Armwood,CAP,28,2.3,3.2,72.2,0.6,1.6,39.3,0.3,0.9,31.3,0.0,0.0,0.0,0.0,0.1,0.0,0.0,0.1,0.0
Isaiah Briscoe,LAK,23,3.0,5.5,54.5,1.0,1.5,66.7,1.0,2.5,40.0,0.0,0.0,0.0,0.0,0.0,0.0,1.0,2.0,50.0
Isaiah Cousins,SLC,25,2.0,3.2,62.4,1.0,2.7,38.1,1.2,3.2,36.6,0.2,0.4,50.0,0.1,0.3,36.4,1.5,3.9,38.8
Isaiah Hartenstein,RGV,21,6.3,8.2,77.1,0.7,1.7,39.5,0.2,0.2,80.0,0.0,0.1,33.3,0.0,0.0,0.0,0.6,2.3,27.1
Isaiah Hicks,WES,24,3.9,5.8,66.9,0.9,2.4,36.9,0.9,2.4,38.5,0.1,0.2,50.0,0.0,0.1,0.0,0.7,2.3,31.1
Isaiah Whitehead,GRD,24,3.4,6.0,57.0,1.8,4.3,41.7,0.6,2.2,25.5,0.2,0.4,36.4,0.2,0.6,33.3,1.0,3.5,28.7
Isaiah Wilkins,GBO,23,0.6,1.1,56.4,0.2,0.5,45.5,0.1,0.3,30.8,0.3,0.6,43.3,0.3,0.7,37.5,0.2,0.7,24.2
Ismael Sanogo,LIN,22,0.5,0.9,55.0,0.1,0.4,22.2,0.0,0.1,0.0,0.1,0.6,22.2,0.1,0.3,20.0,0.3,0.7,35.3
Ismaila Kane,MHU,21,0.2,0.5,46.2,0.0,0.2,20.0,0.0,0.2,25.0,0.1,0.4,16.7,0.1,0.2,50.0,0.0,0.3,14.3
Ivan Rabb,MHU,22,4.7,6.9,68.8,1.1,1.9,61.5,1.7,4.3,40.0,0.0,0.3,0.0,0.0,0.2,0.0,1.4,3.6,40.0
J.J. Avila,ACC,27,1.4,1.9,71.4,0.5,1.0,51.2,0.1,0.3,21.4,0.1,0.2,44.4,0.1,0.3,50.0,0.3,0.9,37.5
J.P. Macura,GBO,24,2.9,5.1,56.9,0.5,1.2,41.7,0.2,0.3,60.0,0.4,1.1,39.4,0.2,0.7,23.8,1.7,4.4,37.9
JaCorey Williams,CTN,25,4.6,6.7,67.7,1.8,4.4,40.5,0.1,0.3,25.0,0.0,0.0,100,0.0,0.0,0.0,0.0,0.1,0.0
JaKarr Sampson,WCB,26,5.2,7.6,68.7,1.0,2.4,43.9,1.4,2.8,50.0,0.1,0.3,25.0,0.0,0.2,25.0,0.8,2.7,30.8
Jacob Evans,SCW,22,1.9,3.0,63.5,0.8,2.2,34.8,1.0,2.3,41.7,0.2,0.5,40.0,0.0,0.5,0.0,0.7,1.9,35.0
Jacobi Boykins,RGV,24,0.8,1.5,51.2,0.2,0.3,75.0,0.1,0.2,33.3,0.3,0.8,36.4,0.3,0.8,33.3,1.5,4.0,36.9
Jairus Lyles,SLC,23,1.2,2.1,56.3,1.0,2.8,36.2,0.2,1.5,14.7,0.1,0.3,50.0,0.2,0.2,70.0,1.4,3.7,38.8
Jaleel Cousins,SCW,25,0.5,0.7,73.7,0.0,0.4,0.0,0.1,0.2,33.3,0.0,0.0,0.0,0.0,0.0,0.0,0.1,0.1,100
Jalen Jones,CTN,26,1.8,3.8,46.7,0.8,3.8,20.0,0.3,0.3,100,0.0,0.3,0.0,0.0,0.3,0.0,0.8,2.5,30.0
Jameel McKay,WCB,26,1.0,1.0,100,0.0,0.0,0.0,0.0,0.0,0.0,0.0,0.0,0.0,-,-,-,0.0,0.0,0.0
Jameel Warney,WES,25,4.3,6.7,63.4,1.8,4.2,42.1,0.3,0.9,29.5,0.0,0.0,50.0,0.0,0.1,0.0,0.8,2.7,31.0
Jamel Artis,ACC,26,2.0,3.0,68.5,1.1,2.3,47.9,1.4,3.6,39.6,0.2,0.8,25.0,0.3,0.6,47.1,1.3,3.7,34.8
James Young,WIS,23,2.1,3.7,54.9,0.6,1.8,32.4,0.4,1.6,25.8,0.1,0.7,16.7,0.3,0.5,55.6,2.6,6.0,43.9
Jared Brownridge,DEL,24,1.1,1.9,57.1,0.2,0.4,45.0,0.3,1.0,32.7,0.6,1.3,45.9,0.3,0.6,40.0,3.0,7.7,39.1
Jared Sam,FWN,24,0.7,1.4,45.9,0.2,0.7,33.3,0.2,0.6,31.3,0.0,0.0,0.0,0.1,0.1,100,0.0,0.0,0.0
Jared Terrell,IWA,24,2.3,3.9,60.0,0.7,1.9,35.0,1.0,3.0,33.0,0.3,0.8,37.5,0.2,0.6,35.3,1.3,4.7,27.5
Jarnell Stokes,MHU,25,5.3,7.6,68.9,1.1,1.5,75.0,0.6,1.3,50.0,0.0,0.3,0.0,0.1,0.3,50.0,0.1,0.9,14.3
Jaron Blossomgame,CTN,25,4.0,6.5,61.0,1.5,3.8,40.2,0.4,1.2,33.3,0.1,0.2,50.0,0.0,0.1,0.0,1.2,3.8,31.1
Jarquez Smith,LAK,24,0.7,1.3,50.0,0.0,0.0,0.0,0.0,0.7,0.0,0.0,0.0,0.0,0.0,0.0,0.0,0.0,0.0,0.0
Jarred Vanderbilt,DEL,20,1.8,1.8,100,0.5,2.0,25.0,0.3,0.8,33.3,0.7,0.7,100,0.0,0.0,0.0,0.0,0.3,0.0
Jarrett Jack,SXF,35,2.0,3.0,66.7,3.0,5.0,60.0,3.0,6.0,50.0,0.0,1.0,0.0,1.0,1.0,100,0.0,1.0,0.0
Jarvis Threatt,SXF,26,2.5,4.8,52.6,0.8,2.1,35.3,0.3,0.5,50.0,0.3,0.4,66.7,0.0,0.0,0.0,0.4,1.4,27.3
Jarvis Varnado,MHU,31,0.3,0.8,40.0,0.2,0.4,50.0,0.2,0.2,100,0.0,0.0,0.0,0.0,0.0,0.0,0.0,0.0,0.0
Jawun Evans,OKL,22,2.0,4.0,50.0,1.6,3.7,43.2,1.3,2.9,45.7,0.1,0.4,30.8,0.2,0.4,46.2,0.5,1.5,30.6
Jay Wright,LAK,24,0.6,0.8,66.7,0.2,0.3,66.7,0.1,0.4,20.0,0.0,0.1,0.0,0.0,0.1,0.0,0.2,0.8,22.7
Jay-R Strowbridge,MHU,31,0.2,0.5,33.3,0.3,0.8,40.0,0.2,1.7,10.0,0.0,0.5,0.0,0.0,0.2,0.0,0.3,1.2,28.6
Jaylen Adams,ERI,23,2.1,3.6,59.2,0.2,1.1,14.3,0.4,1.1,31.8,0.1,0.2,33.3,0.2,0.7,25.0,2.4,6.8,35.3
Jaylen Barford,GBO,23,3.0,5.0,60.9,0.6,2.1,29.3,1.5,3.4,43.2,0.1,0.3,40.0,0.1,0.3,20.0,1.7,4.8,35.3
Jaylen Johnson,IWA,22,2.2,3.3,66.7,0.2,0.8,29.4,0.1,0.6,16.7,0.2,0.4,42.9,0.1,0.4,16.7,0.6,1.5,41.9
Jaylen Morris,ERI,23,3.8,5.7,66.7,0.6,1.2,46.3,0.1,0.4,33.3,0.2,0.7,27.3,0.1,0.5,22.2,0.9,2.6,33.7
Je'Lon Hornbeak,FWN,25,0.1,0.4,33.3,0.0,0.2,20.0,0.0,0.2,0.0,0.2,0.2,75.0,0.1,0.2,50.0,1.0,2.1,44.7
Jeff Ledbetter,AUS,31,0.5,1.0,52.6,0.4,0.6,58.3,0.7,1.1,61.9,0.1,0.2,50.0,0.1,0.1,100,2.6,7.4,34.8
Jeff Roberson,MNE,22,0.8,1.7,47.5,0.2,0.4,43.8,0.1,0.3,36.4,0.3,0.6,44.4,0.2,0.4,45.5,0.3,1.3,26.7
Jeffrey Carroll,SBL,24,1.8,2.7,66.2,0.5,1.0,52.0,0.5,1.2,41.4,0.1,0.3,25.0,0.1,0.4,22.2,0.8,2.1,36.0
Jeffrey Coby,AUS,25,0.7,1.3,50.0,0.0,0.3,0.0,0.0,0.3,0.0,0.0,0.0,0.0,0.5,0.5,100,0.0,1.0,0.0
Jemerrio Jones,SBL,24,3.4,5.2,65.2,0.4,1.3,33.3,0.1,0.4,26.3,0.0,0.1,25.0,0.0,0.0,100,0.3,0.8,33.3
Jeremiah Hill,LAK,23,0.6,0.9,62.5,0.4,1.0,42.9,0.4,1.0,41.5,0.2,0.4,37.5,0.1,0.4,29.4,1.0,2.5,40.9
Jeremy Hollowell,ERI,25,2.3,3.9,60.0,0.4,1.0,36.7,0.2,0.5,46.2,0.2,0.6,34.5,0.2,0.5,42.9,0.8,2.8,29.7
Jerome Robinson,ACC,22,1.6,2.7,60.0,1.0,2.6,37.1,1.3,3.3,39.7,0.3,0.8,38.9,0.1,0.3,50.0,2.5,6.0,41.7
Jevon Carter,MHU,23,2.9,5.6,50.8,1.0,2.5,39.3,0.9,2.4,38.5,0.4,0.8,47.1,0.4,0.6,69.2,1.3,3.9,33.7
Joe Chealey,GBO,23,2.3,4.4,52.9,0.9,2.3,40.4,1.1,2.6,43.8,0.0,0.1,20.0,0.0,0.1,25.0,1.1,3.2,34.8
Joe Kilgore,WCB,23,1.1,2.2,52.5,0.5,1.1,46.9,0.2,0.7,25.0,0.1,0.5,27.3,0.0,0.2,0.0,0.3,1.3,25.0
Joel Berry II,SBL,24,1.6,2.7,58.9,0.8,1.7,47.2,0.6,1.8,34.2,0.0,0.3,0.0,0.0,0.1,0.0,1.3,4.6,29.2
John Bohannon,MNE,27,3.2,4.8,66.7,0.1,0.5,23.8,0.0,0.1,0.0,0.0,0.0,0.0,0.0,0.0,0.0,0.1,0.3,28.6
John Dawson,GBO,24,0.1,0.4,33.3,0.1,0.3,40.0,0.0,0.2,14.3,0.1,0.4,33.3,0.1,0.5,30.8,0.6,1.3,41.0
John Gillon,GBO,25,1.8,3.2,54.7,0.3,1.2,26.3,0.2,0.3,46.7,0.1,0.2,62.5,0.1,0.2,50.0,1.3,3.8,34.7
John Holland,AUS,30,1.5,2.4,62.9,0.2,0.8,25.0,0.7,1.7,42.0,0.4,0.8,45.2,0.2,0.5,43.8,1.9,5.3,35.4
John Jenkins,CAP,28,1.4,2.0,71.4,0.5,1.5,35.5,3.2,7.0,45.9,0.2,0.3,57.1,0.2,0.4,42.9,3.1,7.4,42.3
John Petrucelli,LAK,26,2.1,3.4,63.3,0.5,1.4,35.3,0.4,1.2,30.9,0.2,0.4,58.8,0.4,0.9,46.2,0.6,1.6,39.7
Johnathan Motley,ACC,24,6.2,8.9,70.3,1.4,3.4,39.8,0.8,1.4,53.8,0.0,0.3,0.0,0.2,0.3,44.4,0.7,2.3,31.7
Johnathan Williams,SBL,24,4.7,7.1,66.0,1.8,3.7,47.7,0.2,0.7,25.0,0.0,0.1,50.0,0.0,0.2,16.7,0.2,0.9,25.0
Johnny Hamilton,GRD,25,3.6,5.5,66.4,0.8,2.1,35.6,0.1,0.3,25.0,0.0,0.0,0.0,0.0,0.0,0.0,0.0,0.0,50.0
Jon Horford,GRD,27,1.1,1.7,65.7,0.2,0.5,45.5,0.1,0.4,14.3,0.1,0.1,50.0,0.0,0.1,0.0,0.1,0.3,28.6
Jon Octeus,WCB,27,0.9,2.0,44.3,0.1,0.6,21.1,0.0,0.1,33.3,0.1,0.2,60.0,0.2,0.4,41.7,0.3,1.0,31.3
Jonah Bolden,DEL,23,2.5,4.1,60.6,0.4,1.5,25.0,0.3,1.3,20.0,0.0,0.1,0.0,0.0,0.0,0.0,2.3,6.4,35.3
Jonathan Stark,IWA,24,1.5,2.4,62.8,0.7,1.8,42.0,1.2,2.7,42.1,0.2,0.4,41.2,0.2,0.4,56.3,0.9,3.0,30.8
Jordan Adams,RGV,24,0.0,0.5,0.0,0.0,0.0,0.0,0.0,0.0,0.0,0.0,0.5,0.0,0.5,0.5,100,0.0,0.0,0.0
Jordan Barnett,FWN,23,1.3,1.6,78.6,0.2,0.2,87.5,0.1,0.3,44.4,0.1,0.3,45.5,0.1,0.2,42.9,0.4,1.5,24.5
Jordan Green,AUS,26,1.5,2.3,67.4,0.2,0.7,25.9,0.3,1.0,32.4,0.1,0.3,22.2,0.1,0.2,42.9,0.2,0.4,35.3
Jordan Howard,RAP,23,0.7,1.2,61.3,0.5,1.0,46.2,0.8,2.0,42.3,0.1,0.3,28.6,0.3,0.6,50.0,1.5,3.6,40.4
Jordan Johnson,RGV,24,1.0,1.7,56.0,0.1,0.6,25.0,0.1,0.1,50.0,0.0,0.3,0.0,0.1,0.4,27.3,0.8,3.0,27.9
Jordan Loyd,RAP,25,3.4,5.1,65.9,1.1,2.6,44.8,0.8,1.9,41.8,0.3,0.7,40.7,0.1,0.4,33.3,1.8,5.0,35.8
Jordan McLaughlin,LIN,23,2.6,4.4,57.8,0.5,1.5,32.2,0.2,0.6,40.9,0.3,0.8,40.6,0.2,0.4,47.1,1.5,4.8,31.2
Jordan McRae,CAP,28,4.5,6.9,64.5,1.9,4.7,39.7,2.4,4.8,48.7,0.5,0.7,66.7,0.1,0.4,33.3,1.4,4.8,29.7
Jordan Sibert,ERI,26,1.4,2.3,59.8,0.2,0.6,40.0,0.5,1.1,45.8,0.7,1.5,50.0,0.4,0.9,44.1,2.4,6.9,34.4
Josh Adams,RAP,25,2.1,4.2,49.4,0.2,1.1,14.3,1.2,2.8,42.9,0.2,0.6,33.3,0.1,0.4,28.6,1.9,4.9,37.8
Josh Huestis,AUS,27,0.5,1.4,35.9,0.3,1.0,25.9,0.7,1.6,44.2,0.4,0.8,45.5,0.1,0.2,33.3,1.2,4.1,28.6
Josh Newkirk,LIN,25,0.7,1.3,50.0,0.0,0.2,0.0,0.1,0.3,44.4,0.1,0.4,33.3,0.2,0.3,57.1,0.5,1.4,34.0
Jovan Mooring,FWN,24,0.9,2.2,39.4,0.9,2.0,43.3,0.7,2.3,28.6,0.1,0.1,100,0.0,0.2,0.0,1.2,3.6,33.3
Juan Toscano-Anderson,SCW,26,2.1,3.9,53.3,0.3,1.2,26.4,0.1,0.3,20.0,0.0,0.1,40.0,0.1,0.1,80.0,0.2,0.7,28.1
Julian Washburn,MHU,27,1.3,1.9,69.9,0.7,1.2,55.6,0.9,2.5,36.2,0.6,1.1,50.0,0.3,0.6,52.4,0.9,2.5,34.7
Julien Lewis,STO,27,0.0,0.0,0.0,0.0,0.4,0.0,0.0,0.0,0.0,0.0,0.0,0.0,0.0,0.3,0.0,0.2,0.6,33.3
Justin Bibbs,ACC,23,1.6,2.4,64.7,0.5,1.1,42.9,0.4,1.1,37.5,0.4,1.0,41.3,0.3,0.8,33.3,1.0,3.5,30.0
Justin Dentmon,TEX,33,0.1,0.4,33.3,0.3,0.4,66.7,1.1,3.4,33.3,0.3,0.6,50.0,0.0,0.7,0.0,3.1,7.1,44.0
Justin Harper,SBL,29,1.1,1.8,62.5,0.5,1.5,32.7,0.4,1.1,33.3,0.1,0.4,41.7,0.1,0.1,50.0,1.7,4.9,33.9
Justin Jackson,LAK,22,1.1,1.6,68.8,0.0,0.4,0.0,0.0,0.1,0.0,0.0,0.1,0.0,0.0,0.1,0.0,0.6,2.7,22.2
Justin Leon,OKL,23,0.8,1.2,66.7,0.2,0.5,28.0,0.0,0.2,28.6,0.2,0.6,29.2,0.1,0.5,29.4,1.0,3.1,32.9
Justin Patton,DEL,22,2.5,4.0,61.4,0.3,0.9,30.0,0.8,1.8,45.0,0.0,0.0,0.0,0.1,0.2,50.0,0.0,0.4,0.0
Justin Reyes,SLC,24,1.8,2.8,63.4,0.6,1.3,48.8,0.1,0.2,28.6,0.1,0.3,42.9,0.2,0.3,50.0,0.3,0.6,42.9
Justin Tillman,MHU,23,2.1,3.5,60.7,1.1,2.4,47.4,0.0,0.5,0.0,0.3,0.3,100,0.0,0.0,0.0,0.3,1.4,18.2
Justin Tubbs,TEX,31,0.8,1.1,66.7,0.0,0.3,0.0,0.0,0.0,0.0,0.1,0.1,100,0.0,0.0,0.0,0.9,2.8,31.8
KJ McDaniels,OKL,26,2.9,4.4,64.9,1.0,2.7,36.7,0.2,0.5,35.0,0.2,0.7,28.1,0.0,0.2,22.2,0.8,2.2,34.7
Kadeem Allen,WES,26,3.1,5.6,54.1,0.9,2.6,34.0,0.8,2.3,37.5,0.1,0.2,62.5,0.0,0.1,0.0,0.8,1.9,42.7
Kadeem Jack,SBL,26,1.3,1.9,70.6,0.4,2.1,21.1,0.9,1.6,57.1,0.0,0.0,0.0,0.0,0.0,0.0,0.0,0.6,0.0
Kaiser Gates,WCB,22,1.0,1.7,58.8,0.1,0.3,43.8,0.0,0.2,10.0,0.2,0.5,32.0,0.2,0.6,25.8,2.4,6.2,39.3
Kalin Lucas,GRD,30,1.8,3.1,58.8,1.3,3.2,39.3,2.4,5.7,42.9,0.2,0.3,50.0,0.1,0.4,35.7,2.1,4.9,43.3
Kamari Murphy,LIN,25,2.4,3.9,61.9,0.3,1.0,31.8,0.0,0.3,13.3,0.0,0.3,15.4,0.1,0.4,18.8,0.3,0.9,30.0
Kameron Chatman,ERI,23,1.0,1.9,53.6,0.6,1.1,56.3,0.7,1.1,62.5,0.2,0.6,37.5,0.1,0.2,50.0,0.5,2.5,18.4
Kanellos Garbis,WIS,26,0.3,0.3,75.0,0.0,0.1,0.0,0.0,0.1,0.0,0.0,0.0,0.0,0.0,0.1,0.0,0.1,0.1,100
Karrington Ward,WCB,26,0.5,0.5,100,0.0,0.0,0.0,0.0,0.0,0.0,1.0,1.0,100,-,-,-,0.0,1.0,0.0
Kay Felder,RAP,24,2.2,3.7,58.5,1.2,2.7,43.3,0.9,3.2,28.6,0.3,0.4,75.0,0.2,0.5,33.3,1.5,5.3,27.6
Keenan Evans,DEL,22,1.6,2.7,60.0,0.6,1.6,37.0,0.3,1.2,27.8,0.1,0.3,33.3,0.2,0.3,63.6,1.0,2.6,37.0
Keita Bates-Diop,IWA,23,3.6,5.3,68.2,0.9,3.4,27.3,0.6,1.9,33.3,0.2,0.7,27.3,0.1,0.4,33.3,1.4,4.2,34.3
Keith Hornsby,TEX,27,1.4,2.4,60.6,0.3,0.7,37.5,1.0,2.2,43.1,0.5,1.0,48.9,0.3,0.5,63.6,1.0,2.3,45.2
Kellen Dunham,CAP,26,0.3,0.6,56.7,0.0,0.2,18.2,0.6,1.2,51.7,0.3,0.6,48.4,0.3,0.5,56.5,1.0,2.3,43.6
Kendall Gray,LIN,27,1.4,2.0,70.0,0.0,0.0,0.0,0.0,0.0,0.0,0.0,0.0,0.0,0.0,0.0,0.0,0.0,0.0,0.0
Kendrick Nunn,SCW,23,2.4,3.7,67.0,1.6,3.4,48.5,1.9,4.0,46.7,0.3,0.7,46.9,0.1,0.4,25.0,1.3,4.0,32.0
Kenneth Smith,GRD,26,1.0,1.7,57.1,0.8,2.0,40.2,0.6,1.8,36.3,0.0,0.0,0.0,0.0,0.1,40.0,0.8,2.1,36.6
Kenrich Williams,TEX,24,3.6,4.9,73.5,0.6,1.3,44.4,1.1,2.9,40.0,0.1,0.1,100,0.0,0.4,0.0,0.6,2.1,26.7
Kentrell Barkley,RGV,22,0.5,1.0,50.0,0.1,0.7,20.0,0.0,0.0,0.0,0.0,0.0,0.0,0.0,0.0,0.0,0.0,0.3,0.0
Kethan Savage,WES,25,0.8,1.3,60.0,0.0,0.5,0.0,0.0,0.3,0.0,0.0,0.0,0.0,0.3,0.7,50.0,0.3,0.5,50.0
Kevin Hervey,OKL,22,1.9,2.7,69.8,0.3,0.6,50.0,0.2,0.3,45.5,0.3,0.8,37.5,0.2,0.6,29.4,1.3,4.2,31.1
Kevin Olekaibe,LIN,26,0.2,0.2,100,0.0,0.3,0.0,0.0,0.2,0.0,0.6,1.0,60.0,0.3,1.3,25.0,0.3,2.5,13.3
Kevin Young,SCW,29,1.5,2.6,59.0,0.2,0.5,36.8,0.0,0.0,0.0,0.0,0.0,0.0,0.0,0.1,0.0,0.0,0.0,0.0
Khadeem Lattin,NAS,24,1.3,2.2,60.7,0.1,0.5,26.3,0.1,0.3,40.0,0.0,0.0,0.0,0.1,0.1,66.7,0.0,0.2,0.0
Khyri Thomas,GRD,23,2.4,3.5,68.6,1.0,2.2,45.5,1.2,2.7,44.4,0.4,0.7,57.1,0.4,0.7,57.1,2.0,4.9,40.8
Kobi Simmons,CTN,21,3.5,5.4,65.1,0.9,2.8,32.0,1.0,2.8,35.7,0.1,0.3,25.0,0.2,0.4,38.5,0.9,3.3,26.5
Kostas Antetokounmpo,TEX,21,2.9,4.3,67.6,0.4,1.2,32.7,0.1,0.4,13.3,0.0,0.1,0.0,0.0,0.1,0.0,0.3,0.8,31.3
Kyle Benjamin,SLC,27,0.0,0.5,0.0,0.0,0.5,0.0,0.0,0.5,0.0,0.0,0.0,0.0,0.0,0.0,0.0,0.0,0.0,0.0
Kyle Casey,MHU,28,1.7,2.6,64.8,0.7,1.5,47.5,0.5,1.2,43.5,0.1,0.2,50.0,0.0,0.1,50.0,0.5,1.5,32.2
Kyle Collinsworth,RAP,27,2.9,5.4,53.0,0.8,1.9,38.9,0.0,0.1,0.0,0.3,1.0,33.3,0.1,0.6,25.0,0.2,0.6,37.5
Kyle Randall,DEL,27,0.6,1.6,41.0,0.2,0.8,26.3,0.3,0.6,42.9,0.2,0.5,36.4,0.0,0.2,0.0,0.4,1.0,37.5
Kyle Washington,SXF,25,0.6,1.1,55.6,1.0,1.8,55.6,0.3,0.8,41.7,0.1,0.2,50.0,0.0,0.4,0.0,0.3,0.7,45.5
L.G. Gill,IWA,24,1.5,2.4,61.0,0.2,0.6,33.3,0.3,0.6,40.9,0.0,0.0,0.0,0.1,0.1,100,0.1,0.1,75.0
LaQuinton Ross,MHU,27,1.1,1.9,58.3,0.4,1.0,36.4,0.1,0.5,11.1,0.1,0.1,100,0.2,0.3,66.7,0.3,1.2,24.0
Lavoy Allen,CAP,30,2.8,3.8,72.3,0.8,1.5,53.8,0.2,0.9,20.0,0.0,0.0,0.0,0.0,0.0,0.0,0.2,0.5,50.0
Lenjo Kilo,DEL,25,0.0,1.0,0.0,0.0,0.0,0.0,0.0,0.0,0.0,-,-,-,-,-,-,0.5,0.5,100
Levi Randolph,CTN,26,2.0,3.1,64.9,0.6,1.5,40.0,0.9,2.5,35.5,0.2,0.6,44.4,0.2,0.5,40.0,1.5,3.2,46.3
Liam McMorrow,OKL,31,0.0,0.0,0.0,0.0,0.0,0.0,0.0,0.0,0.0,0.0,0.0,0.0,0.0,0.0,0.0,0.0,0.0,0.0
Lonnie Walker IV,AUS,20,2.3,4.3,54.0,0.8,2.1,39.3,2.3,5.4,42.4,0.1,0.3,25.0,0.0,0.1,50.0,1.1,2.9,36.5
Luke Kennard,GRD,23,1.0,2.0,50.0,1.0,2.0,50.0,0.0,0.0,0.0,0.0,0.0,0.0,-,-,-,5.0,9.0,55.6
Luke Kornet,WES,23,2.7,4.1,66.7,0.5,1.4,40.0,0.5,1.6,33.3,0.0,0.1,0.0,0.1,0.3,33.3,2.8,5.6,50.0
Luke Petrasek,GBO,23,1.0,1.4,75.0,0.1,0.5,25.0,0.0,0.3,18.2,0.2,0.4,55.6,0.1,0.4,35.7,0.8,2.0,38.1
Malachi Richardson,CTN,23,1.3,2.8,45.5,0.9,2.4,37.9,1.1,2.3,46.4,0.3,0.8,40.0,0.4,0.9,45.5,2.8,7.2,38.4
Malcolm Miller,RAP,26,1.8,2.6,70.6,0.2,0.9,25.0,0.1,0.2,33.3,0.2,0.5,42.9,0.2,0.8,20.0,1.2,3.4,36.4
Malik Newman,CTN,22,1.4,2.0,71.1,0.5,1.2,38.5,0.8,2.0,41.7,0.2,0.5,35.0,0.2,0.5,47.4,1.1,3.3,34.1
Malik Pope,GBO,22,1.5,2.6,55.8,0.2,0.7,23.1,0.2,0.7,30.8,0.1,0.3,40.0,0.2,0.5,44.4,0.4,1.5,24.1
Manu Lecomte,ACC,23,1.2,1.9,64.8,0.7,1.8,37.1,0.7,1.3,50.0,0.5,0.9,53.5,0.3,0.5,56.0,1.5,4.0,36.5
Marc Loving,ACC,24,0.7,1.2,61.1,0.1,0.2,40.0,0.1,0.4,33.3,0.3,0.7,53.3,0.2,0.7,26.7,0.6,2.3,26.4
Marcus Allen,SBL,24,2.6,4.4,60.1,0.4,1.4,31.0,0.1,0.4,22.2,0.1,0.3,33.3,0.1,0.3,30.0,0.2,0.6,29.6
Marcus Derrickson,SCW,23,1.5,2.4,64.3,0.6,1.6,40.0,1.0,2.4,41.7,0.1,0.4,25.0,0.2,0.3,66.7,1.7,3.9,42.3
Marcus Georges-Hunt,MNE,25,2.9,5.0,57.8,0.3,1.3,25.0,0.0,0.1,0.0,0.6,1.3,41.7,0.3,0.4,66.7,0.7,2.6,26.1
Marcus Keene,MHU,24,1.0,1.7,60.5,0.6,1.2,48.3,1.0,2.3,43.9,0.0,0.2,0.0,0.2,0.3,60.0,0.5,2.0,25.5
Marcus Lee,SXF,24,3.2,3.9,81.1,0.3,0.7,46.2,0.0,0.1,0.0,0.0,0.0,0.0,0.0,0.1,0.0,0.0,0.0,0.0
Marcus Posley,SXF,25,0.5,0.5,100,0.0,0.0,0.0,0.0,0.5,0.0,0.5,1.5,33.3,0.0,0.0,0.0,0.0,2.5,0.0
Marcus Thornton,GRD,32,2.9,4.6,64.4,1.1,2.8,38.1,0.8,2.0,40.8,0.5,1.0,51.4,0.5,1.1,43.6,2.1,5.8,35.5
Marcus Williams,STO,33,0.3,0.6,45.0,0.3,1.0,32.3,1.0,2.7,36.5,0.1,0.2,33.3,0.1,0.3,37.5,1.2,4.2,29.2
Mareik Isom,SLC,24,0.3,0.4,75.0,0.1,0.4,14.3,0.1,0.3,16.7,0.0,0.2,0.0,0.1,0.4,40.0,0.3,1.3,19.2
Markel Crawford,MHU,24,1.1,1.9,57.1,0.6,1.5,38.6,1.1,2.6,42.3,0.2,0.4,36.8,0.1,0.4,22.2,1.0,3.1,31.0
Marquise Moore,IWA,24,2.2,3.7,58.1,0.7,1.8,36.4,0.8,2.1,36.3,0.0,0.0,0.0,0.0,0.0,0.0,0.0,0.1,33.3
Matt Farrell,DEL,23,1.0,1.9,55.3,0.4,1.0,46.5,0.6,1.5,40.3,0.1,0.3,25.0,0.2,0.3,63.6,1.7,4.9,34.7
Matt Jones,STO,24,1.6,2.6,60.9,0.8,2.0,39.8,0.4,1.2,36.2,0.2,0.6,40.7,0.2,0.6,36.7,1.2,3.7,33.5
Matthew Fisher-Davis,WES,23,0.1,0.2,50.0,0.0,0.1,0.0,0.1,0.1,100,0.2,1.0,20.0,0.0,0.1,0.0,0.3,1.3,21.4
Maverick Rowan,MNE,22,0.8,1.2,66.7,0.1,0.4,33.3,0.4,0.9,46.2,0.1,0.5,14.3,0.1,0.5,16.7,0.5,1.4,33.3
Melvin Frazier Jr.,LAK,22,2.8,4.8,58.6,0.3,1.7,20.0,0.6,1.7,36.7,0.1,0.2,25.0,0.2,0.3,60.0,0.6,1.7,36.7
MiKyle McIntosh,RAP,24,3.0,4.5,65.5,0.4,1.2,32.3,0.1,0.2,50.0,0.3,0.5,50.0,0.0,0.3,14.3,0.4,1.8,25.0
Michael Bethea Jr.,GRD,24,1.0,1.4,68.2,0.5,1.1,42.0,0.4,1.2,35.2,0.4,1.0,40.0,0.2,0.7,31.3,1.3,3.8,34.5
Michael Bryson,DEL,24,0.8,1.3,60.0,0.0,0.3,0.0,0.0,0.0,0.0,0.8,1.5,50.0,0.0,0.0,0.0,0.3,0.8,33.3
Michael Frazier,RGV,25,2.5,4.3,57.2,0.3,0.8,38.9,0.1,0.3,35.7,0.4,1.2,36.4,0.4,0.8,47.2,2.0,5.4,37.3
Michael Gbinije,SCW,27,0.5,0.9,58.1,0.2,0.4,47.4,0.5,1.4,37.9,0.4,0.7,53.1,0.2,0.6,40.0,0.8,2.6,30.0
Michael Orris,CAP,24,0.3,1.8,14.3,0.5,0.5,100,0.5,1.3,40.0,0.0,0.3,0.0,0.3,0.3,100,0.0,0.3,0.0
Michael Qualls,WIS,25,2.2,4.0,55.6,0.4,1.4,29.6,0.8,1.7,43.7,0.2,0.6,42.3,0.3,0.8,40.5,0.7,2.9,24.3
Mike Davis,CAP,30,0.7,0.9,78.9,0.3,0.5,50.0,0.5,1.4,36.7,0.0,0.1,0.0,0.0,0.0,0.0,0.0,0.0,0.0
Mitchell Creek,LIN,27,5.1,7.7,65.8,0.5,1.4,35.7,0.0,0.1,16.7,0.1,0.5,27.8,0.1,0.4,14.3,0.2,0.7,23.3
Moritz Wagner,SBL,22,4.3,5.5,78.8,0.0,1.2,0.0,0.2,0.5,33.3,0.0,0.0,0.0,0.0,0.2,0.0,2.0,6.0,33.3
Muhammad-Ali Abdur-Rahkman,CTN,24,0.8,1.2,63.9,0.2,0.6,37.9,0.0,0.2,12.5,0.2,0.3,50.0,0.1,0.2,40.0,1.0,2.8,34.8
Mychal Mulder,WCB,25,1.8,3.1,58.1,0.1,0.3,21.4,0.1,0.2,62.5,0.4,0.8,51.4,0.5,1.1,48.0,2.0,5.1,38.2
Myck Kabongo,RAP,27,1.1,2.5,44.6,0.3,0.8,33.3,0.1,0.2,40.0,0.0,0.2,0.0,0.1,0.3,28.6,0.2,1.2,15.0
Nate Hickman,WES,24,0.3,0.6,50.0,0.0,0.1,0.0,0.0,0.3,0.0,0.0,0.0,0.0,0.0,0.3,0.0,0.1,0.7,20.0
Nate Mason,TEX,23,0.8,1.6,52.4,0.5,1.4,38.9,1.5,3.5,43.5,0.1,0.3,33.3,0.0,0.1,0.0,1.1,2.9,36.8
Naz Mitrou-Long,SLC,25,3.4,5.0,67.1,0.4,1.6,25.0,0.3,0.9,35.7,0.5,1.2,39.5,0.4,0.6,57.9,1.6,5.4,29.3
Nick Johnson,WIS,26,1.7,3.1,56.1,0.5,1.5,33.3,1.4,4.1,33.1,0.1,0.3,33.3,0.1,0.2,66.7,1.2,4.2,29.5
Nick King,MNE,23,2.4,3.9,62.0,0.5,1.2,39.5,0.2,0.3,50.0,0.1,0.3,25.0,0.1,0.4,18.2,0.4,1.5,24.5
Nigel Johnson,CTN,24,0.3,0.8,33.3,0.3,0.8,33.3,0.5,1.5,33.3,0.3,0.3,100,0.0,0.3,0.0,0.3,0.8,33.3
Nino Johnson,MHU,26,2.2,3.2,69.6,0.4,1.0,40.0,0.1,0.3,37.5,0.0,0.0,0.0,0.0,0.0,0.0,0.0,0.0,0.0
Noah Allen,CAP,24,1.3,2.0,64.0,0.6,1.5,40.0,0.3,0.9,34.2,0.3,0.8,41.4,0.0,0.2,16.7,1.0,3.4,28.6
Norvel Pelle,DEL,26,4.3,6.0,72.1,0.3,0.5,57.9,0.1,0.1,40.0,0.0,0.0,0.0,0.0,0.0,0.0,0.0,0.0,0.0
Nuni Omot,LIN,24,1.1,1.9,59.0,0.2,0.8,23.5,0.0,0.1,0.0,0.2,0.6,26.3,0.2,0.4,37.5,0.3,1.6,21.7
Okaro White,LIN,26,2.3,4.1,55.8,0.6,1.7,33.3,0.6,1.4,44.8,0.3,0.8,35.3,0.2,0.6,27.3,0.9,2.8,32.2
Oleksandr Kobets,CAP,23,0.0,0.0,0.0,0.0,0.7,0.0,0.0,0.0,0.0,-,-,-,-,-,-,0.3,0.3,100
Omari Johnson,FWN,30,1.5,2.3,65.5,0.4,1.1,32.7,0.5,1.2,38.7,0.2,0.8,29.3,0.3,0.7,43.8,2.1,5.7,36.4
Omari Spellman,ERI,21,2.7,4.0,66.7,0.0,0.7,0.0,0.3,1.3,25.0,0.0,1.0,0.0,0.0,0.3,0.0,2.3,6.0,38.9
PJ Dozier,MNE,22,4.7,7.6,61.1,0.8,2.2,35.0,1.2,3.2,39.0,0.1,0.2,33.3,0.2,0.5,42.9,1.3,4.5,29.8
Parker Jackson-Cartwright,WES,23,0.0,0.0,0.0,0.0,0.0,0.0,0.0,0.0,0.0,0.0,0.0,0.0,0.0,0.0,0.0,0.0,0.0,0.0
Paul Watson,WES,24,1.8,2.9,61.0,0.1,0.5,21.7,0.2,0.7,25.7,0.2,0.8,27.0,0.4,0.9,42.9,0.5,1.3,34.3
Pe'Shon Howard,CAP,28,0.8,2.0,42.3,0.1,0.8,15.4,0.6,1.8,34.9,0.3,0.8,40.0,0.2,0.5,40.0,1.7,4.0,41.3
Peter Jok,NAS,25,0.8,1.3,58.9,0.2,0.8,22.9,1.2,2.7,44.9,0.5,1.2,43.1,0.4,0.6,56.0,1.9,4.9,38.6
Phillip Carr,CTN,23,0.3,0.6,57.1,0.0,0.3,0.0,0.4,0.8,47.4,0.1,0.2,33.3,0.1,0.3,20.0,0.1,0.4,22.2
Prince Williams,IWA,26,0.2,0.4,50.0,0.0,0.4,0.0,0.0,0.6,0.0,0.0,0.3,0.0,0.0,0.3,0.0,0.0,0.8,0.0
Quenton DeCosey,SLC,25,1.3,2.3,54.1,0.5,1.3,40.0,0.2,0.3,60.0,0.0,0.1,0.0,0.0,0.0,0.0,0.1,0.8,8.3
Quincy Acy,TEX,28,3.7,4.3,84.6,0.7,2.0,33.3,1.7,5.0,33.3,0.0,0.0,0.0,0.0,1.0,0.0,2.3,5.7,41.2
Quinton Chievous,CAP,26,1.3,2.0,67.4,0.1,0.4,33.3,0.1,0.1,66.7,0.0,0.2,0.0,0.2,0.3,71.4,0.1,0.5,20.0
RJ Hunter,MNE,25,2.3,4.0,57.1,0.5,1.3,37.3,0.4,1.2,31.4,0.4,1.0,41.3,0.2,0.5,40.9,2.3,7.0,32.6
Randy Haynes,GRD,24,0.0,0.4,0.0,0.2,1.0,20.0,0.4,1.0,40.0,0.0,0.0,0.0,0.0,0.0,0.0,0.0,0.0,0.0
Raphiael Putney,SXF,29,2.9,4.1,72.2,0.5,1.4,35.7,0.2,0.7,32.1,0.1,0.3,33.3,0.4,1.1,38.1,1.5,4.9,29.9
Rashad Vaughn,DEL,22,1.8,3.4,51.4,0.8,2.3,33.3,0.5,1.5,33.3,0.3,0.6,55.2,0.2,0.5,29.6,2.1,5.4,38.5
Rawle Alkins,WCB,21,3.1,5.6,55.5,0.5,1.3,40.0,0.0,0.3,15.4,0.1,0.4,18.8,0.2,0.4,56.3,0.8,2.7,29.1
Ray McCallum,ACC,28,1.5,2.4,62.1,1.2,2.4,48.3,0.4,1.9,21.7,0.1,0.3,33.3,0.3,0.3,100,0.9,2.4,37.9
Ray Spalding,TEX,22,4.2,6.6,64.7,1.3,3.0,42.5,0.6,1.7,37.5,0.0,0.1,0.0,0.0,0.0,0.0,0.3,1.2,25.0
Reggie Hearn,STO,27,0.8,1.0,73.2,0.2,0.6,32.0,0.2,0.7,32.1,0.3,0.6,47.6,0.2,0.5,45.0,2.0,5.0,39.4
Reggis Onwukamuche,LAK,27,0.6,1.0,59.3,0.1,0.2,50.0,0.0,0.0,100,0.0,0.0,0.0,0.0,0.0,0.0,0.1,0.3,57.1
Retin Obasohan,NAS,25,2.5,4.4,56.6,1.2,2.6,44.8,0.1,0.8,14.8,0.0,0.1,50.0,0.0,0.1,50.0,0.2,1.2,20.0
Richard Solomon,OKL,27,4.7,6.7,70.1,0.4,1.1,37.8,0.1,0.3,30.0,0.0,0.2,16.7,0.0,0.1,0.0,0.2,0.9,20.0
Rob Gray,FWN,25,2.0,3.4,58.3,1.2,3.0,40.3,1.5,3.4,45.8,0.1,0.1,50.0,0.1,0.2,30.0,1.3,3.7,35.5
Robert Heyer,SBL,27,1.1,1.6,66.7,0.2,0.4,46.7,0.1,0.2,25.0,0.2,0.5,43.8,0.1,0.5,20.0,0.5,1.6,31.1
Robert Johnson,WIS,24,0.8,1.6,51.4,0.2,0.6,37.9,0.7,1.3,52.4,0.1,0.3,23.1,0.1,0.3,54.5,0.9,2.8,30.8
Robert Williams III,MNE,21,5.4,6.2,87.1,0.2,0.8,25.0,1.0,2.0,50.0,0.0,0.0,0.0,0.0,0.0,0.0,0.0,0.0,0.0
Rodions Kurucs,LIN,21,1.8,3.8,46.7,0.3,1.3,20.0,0.3,0.8,33.3,0.5,0.8,66.7,0.0,0.0,0.0,0.5,2.5,20.0
Rodney Pryor,RAP,26,1.0,1.8,56.9,0.2,0.6,25.0,0.6,1.3,49.1,0.1,0.3,18.2,0.3,0.7,50.0,1.3,3.3,38.5
Rodney Purvis,SXF,25,1.9,2.7,68.9,0.5,2.0,25.3,0.7,2.0,36.1,0.2,0.8,21.6,0.2,0.6,40.7,1.8,5.9,31.3
Roger Moute a Bidias,RGV,24,1.6,2.8,56.3,0.1,0.8,18.8,0.0,0.1,25.0,0.0,0.3,9.1,0.1,0.3,30.0,0.1,0.6,16.7
Roscoe Smith,GBO,28,1.7,2.7,63.9,0.2,0.7,31.3,0.9,2.3,39.6,0.0,0.1,0.0,0.1,0.2,25.0,0.3,1.1,32.0
Ryan Anderson,DEL,26,2.4,3.9,61.6,0.4,1.0,40.0,0.0,0.4,7.1,0.0,0.1,20.0,0.1,0.2,28.6,0.1,0.6,17.4
Ryan Boatright,TEX,26,0.5,1.3,42.9,0.4,0.5,66.7,0.4,0.8,44.4,0.2,0.3,66.7,0.0,0.2,0.0,1.2,3.3,36.1
Sam Thompson,GBO,26,1.5,2.3,65.8,0.3,1.0,28.6,0.3,0.7,42.9,0.2,0.7,33.3,0.2,0.4,36.8,0.4,1.8,23.3
Sanjay Lumpkin,ERI,25,1.8,2.6,69.2,0.1,0.3,23.1,0.0,0.1,33.3,0.1,0.5,26.3,0.2,0.3,45.5,0.2,0.8,21.9
Scoochie Smith,CTN,24,1.6,2.6,61.2,0.4,1.5,27.6,0.5,1.9,27.8,0.2,0.4,42.1,0.1,0.3,33.3,1.5,4.5,32.9
Scott Machado,SBL,29,2.8,4.7,60.2,1.2,2.8,40.9,0.6,1.6,37.1,0.1,0.3,30.8,0.0,0.2,25.0,1.1,3.7,28.9
Scottie Lindsey,GRD,23,1.6,2.1,77.4,0.7,1.5,43.5,0.5,0.9,50.0,0.0,0.3,0.0,0.2,0.3,75.0,1.3,4.5,29.9
Scotty Hopson,OKL,29,3.5,5.0,69.1,1.0,2.1,48.6,1.1,2.0,55.7,0.1,0.4,21.4,0.2,0.5,43.8,0.9,2.7,31.3
Sekou Wiggs,WES,24,1.6,2.7,59.2,0.4,1.0,35.3,0.4,1.2,31.6,0.1,0.3,20.0,0.0,0.2,28.6,0.3,1.2,28.3
Shake Milton,DEL,22,4.1,6.3,64.9,1.9,4.5,42.1,1.1,2.4,45.3,0.5,1.2,43.8,0.1,0.2,60.0,1.5,4.4,34.2
Shannon Scott,LIN,26,1.0,1.8,54.1,0.4,1.2,37.0,0.2,0.8,30.6,0.2,0.6,25.0,0.2,0.4,45.0,1.3,4.0,32.6
ShawnDre Jones,NAS,24,0.7,1.3,52.2,0.6,1.4,38.5,0.4,0.9,43.8,0.3,0.5,50.0,0.1,0.2,66.7,0.4,1.9,20.6
Sheldon Jeter,MNE,24,0.6,0.9,64.9,0.1,0.4,26.7,0.4,0.7,53.3,0.3,0.6,54.5,0.1,0.2,42.9,1.3,3.1,42.1
Shep Garner,GRD,24,0.1,0.4,33.3,0.1,0.4,23.5,0.2,0.6,37.5,0.2,0.4,41.7,0.1,0.2,66.7,1.4,4.1,33.1
Shevon Thompson,WIS,26,4.2,5.9,71.3,0.7,1.5,43.5,0.4,0.6,63.2,0.0,0.0,0.0,0.0,0.0,0.0,0.0,0.0,0.0
Shonn Miller,SLC,25,1.0,1.4,75.6,0.3,0.8,44.0,0.3,0.7,43.5,0.1,0.3,25.0,0.0,0.3,10.0,1.1,2.8,37.2
Sindarius Thornwell,ACC,24,2.8,3.8,73.9,0.7,2.2,30.8,0.3,0.8,40.0,0.3,0.8,40.0,0.0,0.2,0.0,0.5,3.3,15.0
Sir'Dominic Pointer,CTN,27,2.2,2.9,74.2,0.4,1.1,36.2,0.2,0.8,32.3,0.2,0.4,43.8,0.1,0.5,29.4,0.7,1.6,42.2
Spencer Hawes,SBL,31,1.7,3.3,50.0,0.6,1.6,35.7,0.4,1.3,33.3,0.0,0.0,0.0,0.0,0.1,0.0,2.0,4.2,47.4
Stanford Robinson,RGV,23,0.5,1.4,35.7,0.1,0.5,20.0,0.0,0.1,0.0,0.0,0.2,0.0,0.0,0.0,0.0,0.0,1.0,0.0
Stephan Hicks,FWN,27,3.4,5.3,64.6,0.8,2.1,35.0,0.3,1.1,25.5,0.4,1.0,43.8,0.0,0.4,11.1,0.5,1.9,27.8
Stephaun Branch,SLC,23,1.7,2.5,66.9,0.2,0.9,20.9,0.1,0.3,26.7,0.1,0.4,27.8,0.0,0.3,12.5,0.6,1.8,32.6
Stephen Ugochukwu,TEX,23,0.0,0.0,0.0,0.0,0.0,0.0,0.0,0.0,0.0,-,-,-,0.0,0.0,0.0,0.0,0.0,0.0
Stephen Zimmerman,WES,22,2.6,3.9,66.1,0.7,1.5,47.8,0.2,0.8,25.7,0.0,0.0,100,0.0,0.0,0.0,0.0,0.0,0.0
Sterling Brown,WIS,24,4.3,6.7,65.0,0.0,0.3,0.0,1.0,2.0,50.0,0.3,1.0,33.3,0.0,0.0,0.0,2.3,7.0,33.3
Svi Mykhailiuk,GRD,22,4.6,8.0,57.8,0.4,1.1,33.3,0.5,2.0,25.0,0.5,1.0,50.0,0.3,0.4,66.7,2.3,6.1,36.7
Tahjere McCall,LIN,24,3.1,4.8,63.5,0.4,1.1,37.1,0.0,0.1,0.0,0.2,0.6,35.0,0.3,0.7,38.1,0.2,1.0,18.8
Tanner McGrew,SLC,25,1.0,1.8,59.3,0.2,0.7,33.3,0.1,0.3,33.3,0.1,0.2,42.9,0.1,0.1,75.0,1.2,3.0,39.0
Taren Sullivan,STO,23,0.5,0.8,63.9,0.4,1.1,38.5,0.4,0.6,60.0,0.1,0.4,25.0,0.3,1.0,35.1,0.8,1.9,40.9
Tarik Phillip,MHU,25,2.6,4.6,57.5,0.8,2.3,35.8,0.3,0.8,44.4,0.0,0.1,16.7,0.0,0.1,25.0,1.4,3.3,41.7
Terrence Drisdom,DEL,26,0.4,1.4,30.0,0.3,0.4,66.7,0.0,0.2,0.0,0.3,0.3,75.0,0.2,0.4,50.0,0.0,0.1,0.0
Terrence Jones,RGV,27,5.7,9.0,63.7,1.3,3.2,42.7,0.1,0.4,20.0,0.0,0.0,100,0.0,0.1,50.0,1.4,3.5,40.0
Terry Maston,ACC,23,0.0,0.0,0.0,0.0,0.0,0.0,0.0,0.3,0.0,0.0,0.0,0.0,-,-,-,0.0,0.0,0.0
Theo Johnson,STO,25,0.0,0.0,0.0,0.0,0.0,0.0,0.0,0.0,0.0,0.0,0.0,0.0,-,-,-,0.0,0.0,0.0
Theo Pinson,LIN,23,3.2,5.6,57.3,0.8,2.0,41.8,0.1,0.5,16.7,0.2,0.4,46.2,0.1,0.5,26.7,2.8,7.3,38.9
Thomas Bryant,CAP,21,6.0,7.0,85.7,0.0,0.0,0.0,0.0,2.0,0.0,0.0,0.0,0.0,0.0,0.0,0.0,1.0,3.0,33.3
Thomas Robinson,MNE,28,6.0,9.3,64.9,0.5,1.5,33.3,1.0,1.5,66.7,0.0,0.0,0.0,0.3,0.5,50.0,0.0,0.5,0.0
Thomas Welsh,IWA,23,2.1,3.1,67.7,0.8,2.1,35.7,0.6,1.3,42.3,0.0,0.0,0.0,0.1,0.1,100,0.7,1.5,46.7
Thomas Wilder,WCB,24,1.4,2.8,50.4,0.4,1.1,37.5,0.1,0.5,20.0,0.1,0.3,28.6,0.1,0.3,45.5,0.2,1.0,20.5
Thomas Wimbush,LIN,25,1.7,2.8,61.4,0.2,1.1,18.2,0.1,0.3,33.3,0.4,0.8,52.4,0.3,0.7,40.0,0.3,1.6,20.0
Tim Bond,RGV,23,1.3,2.7,45.7,0.3,0.9,27.9,0.0,0.3,7.7,0.1,0.2,50.0,0.1,0.2,40.0,0.4,1.6,24.7
Tiwian Kendley,WCB,24,1.8,3.0,60.6,0.8,2.3,34.7,0.5,1.6,32.4,0.2,0.7,35.7,0.1,0.3,20.0,0.5,2.5,21.8
Todd Withers,GRD,23,1.0,1.5,67.1,0.1,0.6,25.9,0.1,0.1,50.0,0.3,0.6,44.4,0.2,0.7,26.7,0.8,2.7,30.5
Tommy Williams,ERI,26,0.9,1.4,64.3,0.0,0.0,0.0,0.2,0.5,40.0,0.0,0.1,0.0,0.0,0.0,0.0,0.1,0.6,14.3
Tony Bradley,SLC,21,4.9,7.6,64.9,0.8,1.6,51.6,0.1,0.2,50.0,0.0,0.3,0.0,0.1,0.2,25.0,0.3,0.7,35.7
Tra-Deon Hollins,FWN,23,1.8,3.2,55.7,0.4,1.5,25.0,0.2,0.7,33.3,0.1,0.2,33.3,0.1,0.1,66.7,0.1,1.2,11.4
Trae Bell-Haynes,WIS,23,1.6,2.3,72.2,0.5,1.0,50.0,0.1,0.3,50.0,0.0,0.0,0.0,0.2,0.3,50.0,0.1,0.8,16.7
Trahson Burrell,TEX,26,1.2,2.0,60.0,0.2,0.4,50.0,0.1,0.2,40.0,0.2,0.4,50.0,0.0,0.3,14.3,1.0,2.4,43.1
Travin Thibodeaux,FWN,23,2.0,3.2,62.3,0.4,1.2,35.0,0.2,0.6,26.3,0.0,0.0,100,0.0,0.0,0.0,0.0,0.1,33.3
Travis Bader,AUS,27,0.3,0.5,62.5,0.2,0.7,25.0,1.4,2.6,51.1,0.4,1.2,35.0,0.5,0.7,63.6,0.9,3.2,27.3
Travis Trice II,AUS,26,1.4,2.3,62.7,0.8,1.7,46.8,2.0,5.3,37.9,0.1,0.2,57.1,0.1,0.2,42.9,1.8,4.8,37.9
Travis Wear,SBL,28,1.0,1.7,59.1,0.6,1.3,44.0,1.2,3.2,36.3,0.3,0.6,43.5,0.2,0.5,44.4,2.4,6.5,37.2
Trayvon Palmer,NAS,24,1.3,2.1,62.7,0.2,0.7,32.0,0.2,0.4,50.0,0.2,0.6,36.8,0.2,0.7,22.7,0.5,2.0,22.9
Tre'Darius McCallum,WCB,24,1.4,1.9,74.1,0.1,0.4,16.7,0.1,0.4,33.3,0.3,0.7,44.4,0.2,1.4,13.3,0.4,1.0,42.9
Tre'Shaun Fletcher,SLC,119,0.1,0.2,50.0,0.1,0.2,50.0,0.1,0.1,100,0.1,0.3,50.0,0.3,0.4,66.7,0.2,1.0,22.2
Treveon Graham,LIN,25,3.0,5.0,60.0,1.0,1.0,100,0.0,0.0,0.0,0.0,1.0,0.0,0.0,0.0,0.0,2.0,4.0,50.0
Trevon Bluiett,SLC,24,0.8,1.5,57.1,0.2,0.6,33.3,1.0,2.6,37.1,0.3,0.7,35.3,0.2,0.5,36.4,1.7,4.5,38.3
Trevon Duval,RGV,20,3.3,5.6,59.0,0.5,1.6,32.8,0.3,1.0,26.3,0.2,0.5,38.9,0.1,0.3,27.3,0.6,2.7,21.9
Trey Davis,MNE,26,0.4,1.0,44.4,0.3,1.0,33.3,0.3,1.3,25.0,0.0,0.3,0.0,0.3,0.5,50.0,0.6,1.9,29.4
Trey Lewis,SLC,26,0.9,2.1,44.8,0.4,1.0,35.7,0.3,0.9,30.8,0.4,0.6,62.5,0.1,0.3,25.0,1.9,5.5,33.8
Troy Brown Jr.,CAP,19,3.1,4.3,72.3,1.5,3.3,47.2,0.5,1.8,25.0,0.4,0.5,80.0,0.2,0.3,66.7,1.1,3.5,31.6
Troy Caupain,LAK,23,1.9,2.9,66.0,1.6,3.2,49.0,0.8,1.9,41.1,0.1,0.3,46.7,0.2,0.2,72.7,1.5,4.1,36.3
Troy Williams,STO,24,3.2,4.9,65.3,1.4,3.3,44.1,0.5,1.7,28.8,0.1,0.4,27.3,0.1,0.5,25.0,1.6,4.9,32.1
Tyler Cavanaugh,SLC,25,2.0,3.2,63.4,1.0,2.4,40.8,0.6,1.6,37.3,0.3,0.7,51.9,0.3,0.6,48.0,1.6,4.2,37.6
Tyler Davis,OKL,22,5.6,9.3,60.0,0.7,1.7,44.0,0.2,0.5,42.9,0.0,0.0,0.0,0.0,0.0,0.0,0.0,0.0,0.0
Tyler Dorsey,MHU,23,4.0,6.2,64.5,1.0,1.6,62.5,1.2,2.6,46.2,0.0,0.2,0.0,0.2,0.2,100,2.4,6.8,35.3
Tyler Harvey,MHU,25,1.7,2.4,67.7,0.8,1.9,44.4,0.8,1.9,40.3,0.2,0.4,56.3,0.3,0.5,57.9,2.2,5.3,41.8
Tyler Lydon,CAP,23,2.1,3.3,65.4,0.3,1.0,25.0,0.5,1.0,50.0,0.0,0.1,0.0,0.1,0.3,50.0,2.0,5.8,34.8
Tyler Nelson,GBO,23,0.8,1.2,64.3,0.1,0.4,33.3,0.4,0.9,39.4,0.4,0.8,48.1,0.3,0.5,53.3,1.1,2.8,40.0
Tyler Roberson,ACC,24,3.0,4.3,69.2,0.5,1.4,38.1,0.3,0.5,57.1,0.0,0.0,0.0,0.0,0.0,0.0,0.0,0.0,0.0
Tyler Ulis,WCB,23,1.5,4.0,37.5,2.8,5.3,52.4,1.8,4.3,41.2,0.0,0.3,0.0,0.0,0.3,0.0,1.3,4.5,27.8
Tyrell Corbin,STO,26,0.1,0.1,50.0,0.1,0.4,14.3,0.3,1.1,31.3,0.1,0.3,33.3,0.1,0.4,33.3,0.3,0.9,33.3
Tyrius Walker,WES,23,0.8,0.8,100,0.0,0.0,0.0,0.3,0.5,50.0,0.3,0.5,50.0,0.0,0.3,0.0,0.5,1.3,40.0
Uche Ofoegbu,RAP,25,0.8,1.7,50.0,0.2,1.0,16.7,0.1,0.2,50.0,0.0,0.8,0.0,0.0,0.1,0.0,0.0,0.2,0.0
Uchenna Iroegbu,STO,22,0.7,0.7,100,0.0,1.0,0.0,0.0,0.3,0.0,0.0,0.0,0.0,0.0,0.0,0.0,0.7,1.0,66.7
V.J. Beachem,WCB,24,0.6,1.0,57.1,0.2,0.4,43.8,0.1,0.5,21.1,0.4,0.8,50.0,0.2,0.6,29.2,0.8,2.9,29.3
Vander Blue,TEX,26,2.3,4.2,54.6,0.3,1.2,26.1,0.3,1.4,24.5,0.1,0.3,16.7,0.2,0.5,30.0,0.6,2.2,26.4
Vincent Edwards,RGV,23,1.3,2.3,58.6,0.3,1.0,32.3,0.1,0.2,50.0,0.2,0.6,25.0,0.3,0.7,38.1,1.5,4.7,31.5
Vitto Brown,MNE,23,1.0,1.6,60.0,0.3,0.9,34.9,0.2,0.5,41.7,0.2,0.5,41.7,0.2,0.8,28.6,1.7,4.4,37.8
Wade Baldwin IV,RAP,23,4.4,6.9,63.9,1.1,3.4,33.3,1.6,4.0,41.1,0.3,0.4,80.0,0.1,0.3,25.0,1.1,3.4,31.9
Walter Lemon Jr.,WCB,26,6.2,10.5,59.4,0.6,1.9,32.5,0.9,2.3,39.6,0.0,0.0,0.0,0.0,0.1,0.0,0.9,2.9,30.4
Wenyen Gabriel,STO,22,2.0,3.4,60.6,0.9,2.0,45.3,0.1,0.4,33.3,0.0,0.3,10.0,0.1,0.2,50.0,0.7,1.7,39.7
Wes VanBeck,SBL,23,0.0,0.0,0.0,0.0,0.0,0.0,0.0,2.0,0.0,0.0,0.0,0.0,0.0,0.0,0.0,0.0,0.0,0.0
Will Cherry,SCW,28,1.9,3.1,60.1,0.6,1.7,33.8,0.7,2.1,30.9,0.1,0.3,20.0,0.0,0.2,10.0,0.4,2.0,21.3
Will Davis,LIN,26,1.5,2.3,65.2,0.5,1.3,38.5,0.0,0.0,0.0,0.1,0.3,50.0,0.1,0.1,100,0.0,0.0,0.0
William Lee,IWA,24,1.0,1.8,58.9,0.3,0.6,50.0,0.4,1.0,36.7,0.0,0.2,16.7,0.1,0.4,30.0,0.5,1.6,28.6
Willie Reed,SLC,29,6.8,8.8,76.8,1.4,3.2,44.1,0.3,0.8,37.5,0.1,0.1,100,0.0,0.0,0.0,0.0,0.0,100
Xavier Johnson,TEX,26,2.4,3.6,67.1,0.3,1.0,28.6,0.0,0.3,14.3,0.1,0.3,41.7,0.1,0.3,25.0,0.1,0.6,20.0
Xavier Munford,WIS,27,3.1,5.4,57.3,0.6,1.5,38.1,1.8,3.9,46.3,0.1,0.4,20.0,0.1,0.1,100,1.3,3.8,34.0
Xavier Rathan-Mayes,TEX,25,2.3,3.6,64.4,0.4,1.8,23.9,1.3,3.4,37.6,0.1,0.1,66.7,0.0,0.2,20.0,1.4,4.1,33.3
Xavier Silas,IWA,31,0.8,1.7,50.0,0.1,0.8,14.3,0.7,1.6,46.4,0.2,0.7,25.0,0.3,0.8,41.7,1.9,5.2,37.6
Yante Maten,SXF,22,5.1,7.3,70.0,1.7,3.4,50.5,0.2,1.0,23.3,0.0,0.4,10.0,0.1,0.2,28.6,1.1,3.0,35.6
Yuta Watanabe,MHU,24,2.1,3.6,57.6,0.8,2.0,37.9,1.0,2.4,42.3,0.2,0.5,31.3,0.2,0.5,37.5,0.9,2.7,33.3
Zach Lofton,GRD,26,2.5,4.2,58.4,0.9,2.3,40.7,0.5,1.5,37.1,0.1,0.2,60.0,0.1,0.2,25.0,0.9,4.0,22.9
Zach Smith,GBO,23,1.8,2.5,71.6,0.2,0.6,38.5,0.0,0.2,11.1,0.0,0.0,0.0,0.1,0.1,40.0,0.0,0.1,0.0
Zak Irvin,WES,24,4.2,6.4,65.1,0.6,1.5,43.2,0.5,1.3,39.5,0.0,0.1,0.0,0.0,0.0,0.0,0.0,0.2,16.7
Zhaire Smith,DEL,20,1.7,3.0,57.6,0.4,0.9,40.0,0.5,1.4,40.0,0.0,0.4,0.0,0.0,0.1,0.0,0.5,2.0,22.7
Zhou Qi,RGV,23,2.9,3.7,76.9,0.1,0.6,25.0,0.0,0.1,0.0,0.1,0.3,50.0,0.0,0.4,0.0,1.4,3.6,40.0
