name,Teams,age,>5 FGM,>5 FGA,>5 FG%,5-9 FGM,5-9 FGA,5-9 FG%,10-14 FGM,10-14 FGA,10-14 FG%,15-19 FGM,15-19 FGA,15-19 FG%,20-24 FGM,20-24 FGA,20-24 FG%,25-29 FGM,25-29 FGA,25-29 FG%
A.J. Davis,DEL,24,0.0,0.5,0.0,0.0,0.0,0.0,0.5,0.5,100,0.0,0.0,0.0,0.0,0.0,0.0,0.0,0.0,0.0
A.J. Hess,WIS,25,0.3,0.7,41.7,0.1,0.1,100,0.1,0.2,25.0,0.2,0.7,33.3,0.8,1.7,44.8,1.1,3.4,31.6
AJ Mosby,ERI,23,0.5,0.8,60.0,0.3,0.5,60.0,0.3,0.4,57.1,0.1,0.5,22.2,0.2,0.5,44.4,0.5,1.3,36.0
Aaron Epps,NAS,23,2.2,3.2,69.6,0.2,0.6,37.0,0.2,0.2,72.7,0.1,0.2,40.0,0.4,1.2,35.0,1.0,2.8,36.0
Abdel Nader,OKL,25,5.0,8.0,62.5,1.7,2.3,71.4,0.0,0.3,0.0,0.3,0.3,100,1.3,3.0,44.4,0.7,3.7,18.2
Abdul Gaddy,OKL,27,2.0,2.9,69.2,0.5,0.9,54.5,0.3,0.8,41.0,0.1,0.3,50.0,0.3,0.8,36.8,0.5,1.1,46.4
Adam Woodbury,GRD,25,2.3,3.5,64.7,0.2,0.6,30.4,0.1,0.4,20.0,0.1,0.3,33.3,0.0,0.0,0.0,0.0,0.0,0.0
Akeem Springs,SLC,25,0.4,0.8,50.0,0.1,0.2,50.0,0.0,0.0,0.0,0.1,0.2,50.0,0.5,1.5,30.0,0.5,2.2,24.1
Alan Williams,LIN,26,5.0,8.8,56.7,1.8,4.2,42.4,0.3,1.0,31.7,0.0,0.0,0.0,0.1,0.4,33.3,0.3,1.1,25.0
Alen Smailagic,SCW,18,2.7,4.0,69.0,0.2,0.7,29.4,0.0,0.2,11.1,0.0,0.2,22.2,0.1,0.6,17.2,0.3,1.2,25.0
Alex Caruso,SBL,25,2.4,4.6,52.4,0.3,0.7,35.0,0.6,1.4,44.7,0.3,0.7,40.0,0.4,1.2,31.3,0.8,2.9,27.3
Alex Poythress,ERI,25,7.9,13.1,60.2,0.6,1.5,40.7,0.1,0.3,40.0,0.1,0.3,40.0,0.5,1.6,31.0,0.8,2.7,30.6
Alize Johnson,FWN,23,5.0,8.0,62.3,1.2,2.5,46.8,0.2,0.9,24.1,0.3,0.8,30.8,0.4,0.8,46.2,0.8,2.2,36.2
Amida Brimah,AUS,25,3.1,4.6,68.4,0.4,1.0,42.9,0.1,0.3,40.0,0.0,0.0,50.0,0.0,0.0,0.0,0.0,0.0,0.0
Amile Jefferson,LAK,26,6.6,10.0,65.9,0.5,1.4,32.7,0.0,0.3,10.0,0.2,0.6,33.3,0.1,0.3,36.4,0.0,0.1,50.0
Amir Johnson,DEL,32,4.0,5.0,80.0,1.0,1.5,66.7,0.0,0.5,0.0,0.0,0.0,0.0,0.0,1.0,0.0,1.0,1.5,66.7
Amjyot Singh,WIS,27,0.3,0.6,57.1,0.0,0.2,0.0,0.0,0.0,0.0,0.0,0.1,0.0,0.2,1.0,18.2,0.2,1.0,23.1
Andre Ingram,SBL,33,0.5,0.9,48.6,0.2,0.5,33.3,0.2,0.5,35.3,0.6,1.1,50.0,0.6,1.9,34.3,1.1,2.8,39.2
Andre Spight,WIS,24,0.3,0.7,50.0,0.0,0.0,0.0,0.1,0.1,100,0.1,0.3,33.3,0.6,1.3,50.0,0.2,2.0,11.1
Andrew White III,MNE,26,1.5,2.5,57.5,0.0,0.2,18.2,0.1,0.3,50.0,0.2,0.7,28.6,1.2,2.8,42.8,1.5,4.1,36.5
Anfernee Simons,ACC,20,0.8,2.3,33.3,1.5,3.5,42.9,0.8,2.0,37.5,0.5,1.3,40.0,1.8,3.0,58.3,1.3,3.0,41.7
Angel Delgado,ACC,24,6.5,9.0,72.2,0.9,1.8,48.1,0.2,0.6,32.0,0.2,0.8,26.5,0.3,0.5,50.0,0.0,0.3,0.0
Angel Rodriguez,RGV,26,2.7,5.1,52.9,0.0,1.0,0.0,0.1,0.4,25.0,0.1,0.2,50.0,0.4,0.8,50.0,0.8,2.8,28.6
Anthony Bennett,ACC,26,1.6,2.2,70.9,0.0,0.0,100,0.2,0.4,55.6,0.1,0.2,60.0,0.7,1.6,45.0,1.4,3.0,46.7
Anthony Brown,LAK,26,1.6,3.0,53.1,0.3,1.1,29.0,0.4,1.0,44.4,0.6,1.3,42.9,0.7,1.4,51.3,1.1,3.7,30.7
Anthony Roberson,OKL,24,0.5,1.4,40.0,0.0,0.2,0.0,0.0,0.1,0.0,0.0,0.0,0.0,0.0,0.2,0.0,0.0,0.2,0.0
Anthony Walker,STO,25,1.8,2.7,68.7,0.2,0.6,39.1,0.1,0.2,50.0,0.0,0.1,0.0,0.0,0.0,0.0,0.0,0.0,0.0
Antonio Blakeney,WCB,22,2.0,5.5,36.4,2.5,4.0,62.5,1.5,2.0,75.0,1.0,3.5,28.6,0.0,3.0,0.0,1.0,1.5,66.7
Antonio Campbell,LAK,24,2.0,3.1,65.7,0.3,1.0,34.1,0.0,0.2,14.3,0.0,0.1,33.3,0.3,0.7,48.4,1.3,3.5,38.2
Antonius Cleveland,SCW,25,2.3,3.9,59.5,0.5,1.0,43.2,0.4,0.8,45.7,0.1,0.6,14.8,0.6,1.2,46.2,0.4,1.6,27.3
Archie Goodwin,MNE,24,4.8,8.1,58.9,0.3,1.1,32.3,0.1,0.5,26.7,0.2,0.4,45.5,0.2,0.9,24.0,0.7,2.7,24.4
Asauhn Dixon-Tatum,TEX,28,2.1,2.9,72.4,0.2,0.6,33.3,0.3,0.6,50.0,0.0,0.1,0.0,0.0,0.0,0.0,0.0,0.0,0.0
Austin Chatman,SXF,26,0.1,0.4,40.0,0.0,0.1,0.0,0.0,0.1,0.0,0.1,0.2,50.0,0.2,0.7,33.3,0.3,0.8,36.4
BJ Johnson,LAK,23,2.5,4.1,60.8,0.2,0.8,25.0,0.2,0.6,33.3,0.5,1.3,38.8,0.6,1.5,40.7,1.5,3.3,46.5
Ben Moore,AUS,24,3.2,5.1,62.3,0.6,1.3,43.5,0.2,0.4,57.9,0.1,0.2,45.5,0.3,0.8,36.1,0.3,0.7,38.2
Billy Garrett,WES,24,2.4,3.5,66.9,0.4,1.1,35.8,0.7,1.6,44.0,1.1,2.2,49.5,0.8,2.0,40.4,0.8,2.5,30.3
Billy Preston,TEX,21,0.9,1.7,54.3,0.3,0.7,47.4,0.1,0.5,15.4,0.2,0.8,27.3,0.2,0.7,33.3,0.7,2.0,35.8
Bonzie Colson,WIS,23,2.5,3.9,65.2,0.9,2.0,45.2,0.5,1.3,37.1,0.2,0.5,34.8,0.6,1.7,32.9,1.1,3.2,33.8
Brad Wanamaker,MNE,29,2.5,5.0,50.0,1.0,2.0,50.0,0.0,0.0,0.0,0.5,2.0,25.0,2.0,4.0,50.0,1.5,3.5,42.9
Braian Angola-Rodas,LAK,25,1.5,2.5,59.4,0.1,0.5,25.0,0.1,0.3,20.0,0.1,0.3,25.0,0.4,0.9,48.5,0.9,2.9,32.7
Brandon Fields,ACC,30,1.3,2.1,62.4,0.1,0.6,21.4,0.2,0.7,33.3,0.3,1.0,29.4,0.7,2.0,37.1,1.0,2.7,36.2
Brandon Goodwin,IWA,23,4.8,7.8,61.8,0.5,1.4,36.1,0.5,1.0,48.1,0.2,0.9,25.0,1.0,2.1,49.1,1.3,3.8,34.3
Brandon Knight,RGV,27,0.5,1.5,33.3,0.5,1.0,50.0,0.5,0.5,100,0.5,1.0,50.0,2.0,3.0,66.7,1.5,6.0,25.0
Brandon McCoy,WIS,21,2.7,4.6,59.2,0.1,0.6,20.8,0.1,0.2,33.3,0.2,0.6,37.5,0.0,0.4,0.0,0.1,0.5,15.8
Brandon Sampson,WCB,22,3.0,5.1,59.9,0.2,0.9,20.0,0.0,0.2,14.3,0.1,0.2,37.5,1.0,2.0,50.7,1.5,4.4,34.2
Briante Weber,SXF,26,2.9,4.6,63.6,1.2,2.7,45.6,0.7,1.5,44.0,0.2,0.4,42.9,0.2,0.5,31.3,0.7,1.6,42.6
Bruce Brown,GRD,22,5.0,9.0,55.6,1.0,5.0,20.0,0.0,0.0,0.0,0.0,0.0,0.0,0.0,0.0,0.0,0.0,2.0,0.0
Bruno Caboclo,RGV,23,3.3,5.0,66.2,0.2,0.7,31.6,0.0,0.3,0.0,0.0,0.1,0.0,1.0,2.2,45.9,1.4,3.5,41.2
Bryce Alford,OKL,24,1.2,2.0,63.3,0.2,0.5,44.0,0.2,0.5,34.8,0.1,0.3,26.7,1.0,2.8,37.1,1.7,5.0,33.3
Buay Tuach,WES,24,0.8,1.1,71.4,0.0,0.0,0.0,0.0,0.1,0.0,0.0,0.0,0.0,0.2,0.6,28.6,0.2,0.8,30.0
Bubu Palo,SXF,27,2.2,3.9,56.5,0.5,1.4,32.7,0.1,0.5,16.7,0.1,0.3,18.2,0.5,1.0,48.7,0.4,0.9,41.7
Byron Mullens,LAK,30,1.7,3.0,55.6,0.0,1.2,0.0,0.0,0.3,0.0,0.0,0.2,0.0,0.0,0.5,0.0,1.7,3.8,43.5
C.J. Anderson,SXF,23,0.6,1.2,51.1,0.1,0.4,18.8,0.0,0.1,33.3,0.0,0.0,0.0,0.1,0.3,36.4,0.1,0.4,31.3
C.J. Williams,IWA,29,1.7,2.8,58.8,0.3,0.9,28.1,0.2,0.6,27.3,0.3,0.7,34.6,1.1,2.4,44.2,1.7,5.1,34.1
CJ Fair,WCB,27,3.5,5.7,60.6,0.5,1.1,49.0,0.1,0.3,41.7,0.0,0.2,14.3,0.4,1.6,25.0,0.2,0.5,36.0
CJ Leslie,TEX,28,1.9,3.6,52.8,0.3,1.0,30.0,0.1,0.3,33.3,0.1,0.3,33.3,0.1,0.9,11.1,0.2,1.5,13.3
Caleb Swanigan,STO,22,2.6,4.2,62.0,1.9,3.7,52.3,0.2,1.1,15.4,0.2,0.5,33.3,0.1,0.8,10.0,0.2,0.8,22.2
Cameron Oliver,DEL,22,4.7,6.4,73.5,0.5,0.9,52.2,0.2,0.5,42.9,0.0,0.2,25.0,0.2,0.4,40.0,0.5,2.0,24.5
Cameron Reynolds,STO,24,1.4,2.0,67.2,0.8,1.9,43.5,0.5,1.1,48.6,0.1,0.5,23.5,1.1,2.4,45.0,1.9,4.7,39.7
Cameron Rundles,AUS,31,0.1,0.2,40.0,0.1,0.1,100,0.2,0.4,42.9,0.3,0.5,62.5,0.1,0.3,20.0,0.2,0.7,26.7
Canyon Barry,IWA,25,1.7,2.7,61.7,0.1,0.4,33.3,0.0,0.3,16.7,0.2,0.4,46.7,0.7,1.5,47.5,0.7,2.0,35.4
Cat Barber,ERI,24,3.9,6.9,56.3,0.2,0.7,24.1,0.2,0.6,40.0,0.5,1.1,40.4,0.3,1.1,23.9,0.4,1.8,23.3
Chance Comanche,CTN,23,1.2,2.3,51.6,0.0,0.3,0.0,0.2,0.3,75.0,0.0,0.3,12.5,0.0,0.1,0.0,0.0,0.0,0.0
Charles Cooke,SXF,24,2.9,4.4,65.5,0.5,1.8,28.8,0.4,0.7,48.3,0.1,0.3,18.2,0.7,1.9,33.8,0.8,2.1,38.8
Chasson Randle,CAP,26,3.4,6.0,56.3,1.4,2.5,55.0,0.3,0.6,40.0,0.1,0.5,25.0,1.0,1.9,53.3,2.5,5.1,48.8
Chimezie Metu,AUS,22,3.2,4.8,67.7,1.0,2.4,43.5,0.3,1.3,27.3,0.8,2.1,40.0,0.2,0.7,21.1,0.1,0.3,37.5
Chinanu Onuaku,GBO,22,4.5,7.2,62.5,0.4,1.1,34.7,0.3,1.0,26.2,0.2,0.5,43.5,0.0,0.2,20.0,0.2,1.0,18.6
Chris Boucher,RAP,26,6.7,9.4,70.8,0.5,1.5,34.1,0.1,0.3,28.6,0.1,0.4,20.0,0.9,1.9,45.3,1.5,5.5,27.1
Chris Chiozza,CAP,23,2.0,3.6,55.6,0.3,1.2,27.3,0.4,1.0,42.2,0.3,0.9,37.5,0.4,1.2,36.2,1.4,3.3,42.9
Chris McCullough,RGV,24,3.1,5.7,55.0,0.3,0.6,50.0,0.0,0.1,0.0,0.0,0.0,0.0,0.1,0.1,100,0.1,1.3,11.1
Chris Walker,RGV,24,2.7,4.0,66.5,0.3,0.8,34.2,0.1,0.2,30.0,0.0,0.0,0.0,0.0,0.0,0.0,0.0,0.0,0.0
Chris Wright,OKL,30,3.9,5.9,65.8,0.2,0.5,33.3,0.0,0.1,50.0,0.0,0.0,0.0,0.1,0.2,42.9,0.1,0.4,20.0
Christian Watford,RAP,28,0.3,0.6,51.6,0.0,0.2,0.0,0.0,0.1,33.3,0.0,0.0,0.0,0.5,1.2,38.6,0.8,2.7,31.3
Christian Wood,WIS,23,7.9,11.3,69.4,0.6,1.5,40.5,0.6,1.2,47.1,0.6,1.4,42.1,0.4,1.0,39.3,0.7,2.8,26.0
Cinmeon Bowers,WIS,26,1.8,5.0,35.0,0.1,0.5,25.0,0.0,0.0,0.0,0.3,0.6,40.0,0.3,0.3,100,0.3,1.1,22.2
Codi Miller-McIntyre,TEX,25,2.1,3.6,58.6,0.4,0.5,75.0,0.0,0.5,0.0,0.1,0.6,20.0,0.4,1.4,27.3,0.6,3.0,20.8
Cody Demps,STO,25,2.2,3.5,63.4,0.9,2.1,40.2,0.2,0.7,23.5,0.1,0.3,31.3,0.3,1.0,33.3,0.5,1.6,30.0
Connor Burchfield,SXF,24,0.2,0.2,100,0.0,0.1,0.0,0.1,0.4,25.0,0.2,0.3,66.7,0.1,0.5,20.0,0.4,1.4,26.7
Corey Henderson,AUS,23,0.0,0.4,0.0,0.0,0.0,0.0,0.6,1.4,42.9,0.4,1.2,33.3,0.2,1.4,14.3,0.4,1.6,25.0
Cory Jefferson,DEL,28,1.0,1.9,52.4,0.1,0.3,50.0,0.0,0.2,25.0,0.0,0.2,20.0,0.4,1.0,39.1,1.3,4.0,32.6
Courtney Lee,WES,33,4.0,6.0,66.7,1.0,3.0,33.3,0.0,1.0,0.0,1.0,2.0,50.0,0.0,2.0,0.0,1.0,7.0,14.3
Craig Sword,ERI,25,2.3,3.4,66.5,0.1,0.3,37.5,0.1,0.1,60.0,0.0,0.1,28.6,0.5,1.3,39.7,0.4,1.6,26.9
D.J. Hogg,DEL,22,1.2,2.0,59.1,0.1,0.3,38.5,0.0,0.1,33.3,0.0,0.2,20.0,0.7,1.6,42.6,1.6,4.7,34.8
D.J. Wilson,WIS,23,2.5,3.0,83.3,0.0,0.5,0.0,0.2,0.8,20.0,0.3,0.8,40.0,0.8,1.3,62.5,1.5,3.5,42.9
DJ Stephens,MHU,28,1.1,1.8,61.1,0.3,0.5,60.0,0.1,0.1,100,0.0,0.1,0.0,0.2,1.1,18.2,1.0,2.4,41.7
Dakarai Allen,GRD,24,1.7,2.6,65.3,0.3,1.0,30.8,0.1,0.2,55.6,0.1,0.2,44.4,0.3,0.7,37.0,0.0,0.1,0.0
Dakarai Tucker,RGV,25,1.8,3.1,59.2,0.1,0.4,38.9,0.0,0.0,0.0,0.0,0.1,0.0,1.4,3.2,45.2,1.3,4.0,33.2
Dallas Lauderdale,MNE,30,2.0,2.7,74.7,0.0,0.0,0.0,0.0,0.0,0.0,0.0,0.0,0.0,0.0,0.0,0.0,0.0,0.0,0.0
Damion Lee,SCW,26,2.8,4.4,62.3,0.8,1.6,51.3,0.3,1.0,33.3,0.8,2.0,40.4,1.2,2.9,42.0,1.1,2.9,37.1
Daniel Dixon,NAS,25,1.6,2.7,57.7,0.1,0.6,23.5,0.1,0.3,30.0,0.1,0.3,44.4,0.7,2.0,34.5,0.7,2.5,29.2
Daniel Hamilton,RGV,23,3.8,6.6,57.6,1.0,1.6,62.5,0.2,1.0,20.0,0.2,0.4,50.0,1.0,2.0,50.0,0.2,2.2,9.1
Daniel Ochefu,STO,25,4.4,6.2,70.0,1.3,2.7,46.2,0.2,0.5,38.1,0.1,0.3,33.3,0.1,0.2,37.5,0.0,0.0,0.0
Danuel House Jr.,RGV,26,3.5,5.8,60.0,0.1,0.6,18.2,0.2,0.4,37.5,0.1,0.2,25.0,0.9,2.7,32.7,1.9,5.7,33.3
Darel Poirier,CAP,22,2.2,3.8,58.6,0.8,1.5,50.8,0.2,0.4,40.0,0.1,0.3,33.3,0.1,0.4,13.3,0.4,0.9,40.5
Darius Johnson-Odom,IWA,29,4.8,7.0,68.3,0.3,0.9,30.0,0.3,0.9,36.6,0.4,1.0,35.4,0.6,1.6,37.0,1.4,4.2,34.0
Darius Morris,SCW,28,2.5,4.8,52.4,0.8,1.9,40.6,0.4,1.0,41.2,0.3,0.8,33.3,0.5,1.5,30.8,1.2,3.9,30.3
Daryl Macon,TEX,23,2.3,3.7,62.7,0.3,1.2,27.5,0.4,1.4,28.1,1.1,2.5,43.7,1.1,2.4,45.9,1.0,3.5,29.2
Davon Reed,FWN,24,2.1,3.7,56.8,0.3,0.9,30.0,0.2,0.7,34.8,0.6,1.6,37.0,0.4,1.4,29.8,1.6,4.7,33.3
Daxter Miles Jr.,NAS,24,1.9,3.0,64.2,0.3,0.6,46.4,0.1,0.4,30.0,0.1,0.3,25.0,0.4,1.3,31.3,1.0,3.5,27.9
De'Anthony Melton,NAS,21,2.3,4.3,53.8,0.5,1.3,37.5,0.7,1.3,50.0,1.2,1.8,63.6,0.5,1.7,30.0,1.8,6.7,27.5
DeAndre Daniels,TEX,27,1.8,3.0,58.3,0.3,0.4,66.7,0.0,0.1,0.0,0.0,0.1,0.0,0.1,0.8,16.7,0.1,1.1,11.1
DeAndre Liggins,SXF,31,0.7,1.2,58.6,0.2,0.5,33.3,0.0,0.3,0.0,0.3,0.4,63.6,0.9,2.4,37.7,1.6,3.8,41.1
DeJuan Blair,AUS,30,2.6,4.4,59.4,0.3,1.2,29.6,0.2,0.6,30.8,0.1,0.4,37.5,0.0,0.1,0.0,0.0,0.0,0.0
DeVaughn Akoon-Purcell,DEL,26,2.0,7.0,28.6,0.0,0.0,0.0,0.5,1.0,50.0,1.0,1.5,66.7,1.0,2.0,50.0,2.5,4.5,55.6
Demarcus Holland,ACC,25,1.5,2.9,52.7,0.3,0.7,42.9,0.2,0.6,40.9,0.2,0.4,37.5,0.5,1.3,38.8,0.1,0.7,18.5
Demetre Rivers,MNE,23,0.5,0.5,100,0.0,0.5,0.0,0.0,0.0,0.0,0.0,0.0,0.0,0.0,1.0,0.0,0.0,0.5,0.0
Demetri McCamey,AUS,30,0.6,1.2,51.6,0.1,0.2,50.0,0.1,0.2,33.3,0.3,0.7,44.4,0.4,0.9,50.0,0.4,1.7,25.6
Demetrius Denzel-Dyson,FWN,24,0.6,1.4,45.8,0.0,0.2,22.2,0.0,0.2,25.0,0.2,0.4,38.9,0.8,1.7,47.9,0.6,1.7,35.2
Demetrius Jackson,DEL,24,4.6,7.3,63.8,0.5,1.5,33.3,0.0,0.6,0.0,0.0,0.1,0.0,0.3,1.9,13.3,1.6,4.1,39.4
Deng Adel,CTN,22,2.5,4.3,56.9,0.4,1.0,36.8,0.3,0.8,35.5,0.4,1.2,32.6,0.5,1.1,42.9,0.8,2.5,30.9
Deonte Burton,OKL,25,3.7,6.0,61.8,0.5,1.3,34.4,0.3,0.9,27.3,0.2,0.4,44.4,0.6,1.8,34.1,0.8,2.8,28.8
Deonte Burton,SLC,27,0.9,1.9,48.1,0.2,0.9,24.3,0.1,0.3,35.7,0.1,0.2,30.0,0.3,0.8,37.5,0.5,1.5,30.2
Derek Cooke Jr.,RAP,27,3.4,6.2,55.0,0.2,0.7,21.9,0.0,0.1,40.0,0.0,0.1,16.7,0.0,0.1,25.0,0.0,0.0,0.0
Derrick Griffin,SBL,25,2.3,3.8,60.6,0.2,0.2,80.0,0.0,0.0,0.0,0.0,0.0,0.0,0.0,0.0,0.0,0.0,0.0,0.0
Desi Rodriguez,ACC,23,2.4,4.1,58.1,0.4,1.2,36.1,0.1,0.4,31.6,0.2,0.5,32.0,0.7,1.7,39.0,0.2,1.4,15.5
Devin Davis,LAK,24,1.7,2.8,61.4,0.3,0.7,41.4,0.2,0.4,42.9,0.1,0.2,55.6,0.2,0.4,53.3,0.2,0.8,23.5
Devin Robinson,CAP,24,4.7,5.9,80.0,1.1,2.4,45.3,0.4,1.2,34.6,0.4,0.9,42.1,0.4,1.4,30.0,0.7,2.3,31.4
Devin Sweetney,CAP,31,0.7,1.4,47.8,0.1,0.5,28.6,0.0,0.0,0.0,0.1,0.1,100,0.1,0.6,25.0,0.5,1.4,33.3
Devon Baulkman,WES,27,0.8,1.7,49.2,0.1,0.2,22.2,0.4,0.8,54.8,0.3,0.8,31.3,0.7,2.2,31.8,0.6,1.5,43.1
Devon Bookert,AUS,26,0.2,0.3,50.0,0.1,0.4,25.0,0.3,0.5,60.0,0.2,0.5,40.0,0.3,0.8,33.3,0.5,1.3,40.0
Devon Hall,OKL,23,0.4,1.5,26.7,0.0,0.3,0.0,0.1,0.3,33.3,0.1,0.1,100,0.9,2.2,40.9,1.0,2.3,43.5
Devonte' Graham,GBO,24,2.2,4.3,50.0,0.3,0.8,36.4,0.4,0.8,50.0,1.2,2.0,57.7,0.8,1.7,50.0,3.2,8.7,36.3
Deyonta Davis,SCW,22,3.1,4.1,74.7,0.4,1.0,38.6,0.2,0.7,32.1,0.7,1.4,50.8,0.2,0.6,37.0,0.0,0.0,0.0
Dez Wells,OKL,27,3.2,5.5,58.6,0.5,1.3,34.6,0.3,0.9,38.2,0.2,0.3,50.0,0.4,1.3,26.4,0.3,0.6,44.0
Diamond Stone,RGV,22,2.8,4.3,65.0,0.4,0.8,48.1,0.3,0.6,50.0,0.1,0.3,30.0,0.0,0.3,11.1,0.5,1.5,32.0
Dikembe Dixson,CAP,22,0.8,1.3,66.7,0.1,0.3,25.0,0.1,0.3,50.0,0.0,0.0,0.0,0.4,1.1,38.5,0.4,0.6,57.1
Donte DiVincenzo,WIS,22,2.8,4.3,64.7,0.0,0.0,0.0,0.5,1.3,40.0,0.5,0.8,66.7,0.0,1.0,0.0,1.8,5.5,31.8
Donte Grantham,OKL,24,1.4,2.5,57.3,0.2,0.8,25.9,0.0,0.2,14.3,0.0,0.2,14.3,0.7,1.9,34.4,1.5,3.8,38.7
Donte Ingram,TEX,22,0.5,0.8,62.9,0.1,0.2,50.0,0.1,0.2,28.6,0.1,0.4,21.4,0.4,1.3,26.8,0.3,0.9,35.9
Doral Moore,MHU,22,3.5,5.0,70.1,0.3,0.8,33.3,0.0,0.1,16.7,0.0,0.0,0.0,0.0,0.0,0.0,0.0,0.0,0.0
Drew Eubanks,AUS,22,4.2,5.5,76.6,1.8,3.3,55.7,0.5,1.3,41.5,0.1,0.2,57.1,0.0,0.1,50.0,0.0,0.0,0.0
Drew Gordon,LIN,28,2.5,4.0,61.9,0.3,0.9,32.3,0.1,0.2,42.9,0.0,0.0,0.0,0.0,0.3,11.1,0.1,0.6,18.2
Duane Notice,RAP,24,1.7,3.6,48.5,0.1,0.6,24.1,0.0,0.1,33.3,0.0,0.1,33.3,0.7,1.8,38.1,0.9,2.3,40.2
Duje Dukan,CAP,27,1.3,2.1,59.1,0.3,0.6,45.0,0.1,0.3,50.0,0.1,0.2,42.9,0.3,0.7,40.9,0.8,2.2,34.8
Duke Mondy,SXF,28,0.1,0.6,22.2,0.2,0.6,33.3,0.4,1.2,29.4,0.6,1.0,64.3,0.8,2.2,35.7,0.6,1.6,34.8
Duncan Robinson,SXF,25,2.0,2.8,72.8,0.2,0.6,38.1,0.2,0.6,25.0,0.2,0.4,53.8,1.5,2.8,51.1,3.1,6.7,46.4
Dusty Hannahs,MHU,25,1.8,3.1,58.0,0.6,1.5,38.9,0.8,1.6,53.2,0.2,0.5,41.7,0.8,1.8,44.8,1.0,2.5,39.7
Dwayne Bacon,GBO,23,5.1,8.6,58.5,0.6,2.2,29.7,0.5,1.4,39.1,0.4,1.6,22.2,0.6,1.6,37.0,1.1,4.9,22.6
Dzanan Musa,LIN,20,3.6,6.2,58.1,0.6,1.9,33.3,0.2,0.6,36.4,0.0,0.2,12.5,0.5,1.4,36.0,1.8,4.9,35.6
Edmond Sumner,FWN,23,4.7,7.7,60.8,0.7,2.0,33.3,0.2,0.5,35.7,0.4,0.9,41.7,0.5,1.5,36.8,1.7,4.7,36.4
Elie Okobo,NAS,21,1.8,2.8,64.0,0.6,1.3,41.7,0.4,1.1,40.0,0.7,1.2,54.5,0.8,1.3,58.3,2.0,6.9,29.0
Elijah Brown,GRD,24,0.5,1.1,45.5,0.1,0.5,20.0,0.2,0.3,66.7,0.3,0.6,50.0,0.7,1.4,50.0,0.2,1.7,11.8
Elijah Stewart,STO,23,0.5,0.8,68.0,0.1,0.4,27.3,0.0,0.2,0.0,0.1,0.2,33.3,0.3,0.9,32.0,0.3,1.2,26.3
Emanuel Terry,SXF,22,3.9,6.2,64.2,0.5,1.6,33.9,0.1,0.3,36.4,0.0,0.0,0.0,0.0,0.0,0.0,0.0,0.0,0.0
Eric Stuteville,NAS,24,2.1,3.2,64.2,0.3,0.9,37.0,0.1,0.2,50.0,0.1,0.2,30.0,0.0,0.1,33.3,0.0,0.0,0.0
Evan Smotrycz,IWA,27,0.2,0.5,50.0,0.0,0.1,33.3,0.1,0.3,28.6,0.1,0.4,27.3,0.3,1.0,33.3,0.5,1.3,39.5
Evan Taylor,ACC,23,0.6,1.4,44.4,0.1,0.2,33.3,0.1,0.3,20.0,0.0,0.1,0.0,0.4,1.1,36.4,0.2,0.7,30.8
Ferrakohn Hall,WCB,28,1.7,3.0,57.6,0.1,0.4,28.6,0.1,0.4,37.5,0.2,0.6,33.3,0.6,1.3,44.1,0.4,1.2,36.2
Frank Jackson,TEX,21,6.0,9.3,64.9,1.5,3.3,46.2,0.5,0.5,100,0.3,0.5,50.0,0.8,1.5,50.0,1.3,5.0,25.0
Gabe Vincent,STO,23,0.7,1.5,45.9,0.3,0.5,58.3,0.1,0.4,22.2,0.5,1.3,41.4,0.9,2.2,42.3,0.8,2.9,27.1
Gabe York,LAK,25,1.9,3.0,61.8,0.3,0.9,35.1,0.2,0.5,36.4,0.3,0.6,44.0,0.9,2.4,35.4,2.2,5.8,37.7
Gary Clark,RGV,24,1.6,1.9,84.6,0.1,0.7,20.0,0.3,0.4,66.7,0.0,0.0,0.0,0.9,2.1,40.0,1.3,5.1,25.0
Gary Payton II,RGV,26,5.4,9.0,59.8,0.5,1.4,35.0,0.1,0.5,20.0,0.1,0.3,50.0,0.3,0.9,28.0,0.7,3.0,24.1
Gary Talton,SXF,29,0.0,1.5,0.0,0.0,0.5,0.0,0.5,1.0,50.0,0.0,0.5,0.0,0.0,0.5,0.0,0.5,0.5,100
Gary Trent Jr.,TEX,20,3.7,6.3,57.9,0.7,1.5,44.4,1.0,2.0,50.0,0.8,2.7,31.3,2.3,4.0,58.3,3.0,6.0,50.0
George King,NAS,25,2.1,3.6,60.3,0.6,1.2,45.1,0.2,0.7,31.0,0.2,0.5,42.9,1.3,2.5,52.9,0.9,2.8,33.0
Georges Niang,SLC,26,3.0,4.7,64.3,1.3,3.0,44.4,1.0,1.3,75.0,0.0,0.7,0.0,2.0,4.0,50.0,1.3,4.0,33.3
Gerard Tarin,SXF,22,0.7,1.3,54.8,0.3,0.5,60.0,0.1,0.2,50.0,0.0,0.0,0.0,0.1,0.4,37.5,0.1,0.2,50.0
Grayson Allen,SLC,23,1.7,2.2,76.9,0.4,1.1,38.5,0.2,0.4,40.0,0.0,0.3,0.0,0.9,2.7,34.4,2.1,4.7,44.6
Guerschon Yabusele,MNE,23,5.0,6.0,83.3,0.0,1.0,0.0,0.0,0.0,0.0,0.0,1.0,0.0,0.0,2.0,0.0,1.0,4.0,25.0
Gyorgy Goloman,WES,23,0.7,1.2,56.5,0.1,0.5,26.1,0.0,0.1,40.0,0.0,0.1,66.7,0.3,0.6,46.7,0.4,1.3,32.8
Hakim Warrick,IWA,36,2.9,4.0,72.7,0.5,1.0,47.6,0.5,1.2,41.2,0.2,0.5,38.1,0.2,0.3,71.4,0.0,0.0,0.0
Hamidou Diallo,OKL,20,5.2,8.2,63.3,0.3,2.7,12.5,0.2,0.2,100,0.2,0.8,20.0,0.8,2.5,33.3,0.5,1.8,27.3
Harry Giles III,STO,21,4.3,5.5,77.3,1.0,4.0,25.0,0.5,1.0,50.0,1.0,2.3,44.4,0.5,1.3,40.0,2.0,2.5,80.0
Harry Rafferty,SXF,25,0.5,1.0,50.0,0.0,0.3,0.0,0.0,0.0,0.0,0.3,0.3,100,0.3,0.8,33.3,0.3,2.0,12.5
Haywood Highsmith,DEL,22,2.0,3.7,55.0,0.6,1.1,54.0,0.1,0.5,26.1,0.1,0.3,42.9,0.8,2.1,38.8,0.8,2.8,28.3
Henry Ellenson,GRD,22,2.3,4.0,56.3,0.6,1.8,35.7,0.3,0.9,28.6,0.3,0.9,28.6,0.6,2.6,23.8,1.6,3.8,43.3
Hollis Thompson,NAS,28,2.6,4.4,59.5,1.0,2.5,39.2,0.5,1.4,34.1,0.4,1.0,38.7,1.1,2.4,43.8,0.8,2.9,28.7
Ike Anigbogu,FWN,20,3.0,6.0,51.2,0.7,1.7,38.2,0.2,0.4,37.5,0.5,1.2,42.3,0.2,0.4,50.0,0.0,0.0,0.0
Ike Nwamu,FWN,26,1.2,2.0,61.5,0.1,0.3,16.7,0.1,0.3,16.7,0.0,0.3,0.0,0.5,1.3,35.3,0.8,2.7,28.8
Isaac Bonga,SBL,19,2.3,4.2,53.4,0.5,1.5,35.6,0.2,0.6,33.3,0.1,0.4,36.4,0.6,1.4,41.9,0.6,1.9,32.8
Isaac Haas,SLC,23,2.8,4.0,70.7,1.0,2.0,49.2,0.2,0.3,60.0,0.0,0.0,0.0,0.0,0.0,0.0,0.0,0.0,0.0
Isaac Hamilton,CTN,25,0.5,0.7,66.7,0.1,0.5,20.0,0.1,0.3,25.0,0.0,0.1,0.0,0.3,1.1,24.2,0.1,0.4,15.4
Isaac Humphries,ERI,21,3.5,5.4,65.2,0.5,1.0,46.8,0.1,0.5,27.3,0.1,0.3,30.8,0.4,0.9,39.5,0.3,0.9,33.3
Isaiah Armwood,CAP,28,2.5,3.7,68.4,0.3,0.8,39.3,0.3,0.6,45.0,0.1,0.5,15.8,0.0,0.2,16.7,0.0,0.1,0.0
Isaiah Briscoe,LAK,23,3.5,6.0,58.3,0.0,0.5,0.0,0.0,1.0,0.0,1.5,2.0,75.0,0.0,0.0,0.0,1.0,2.0,50.0
Isaiah Cousins,SLC,25,2.1,3.6,58.2,0.7,1.7,38.2,0.4,1.1,38.1,0.7,1.6,41.9,0.9,2.2,40.7,1.2,3.3,36.4
Isaiah Hartenstein,RGV,21,6.5,8.6,75.4,0.4,1.1,35.7,0.2,0.3,75.0,0.0,0.1,50.0,0.1,0.4,30.0,0.5,1.9,28.6
Isaiah Hicks,WES,24,4.1,6.2,65.9,0.5,1.5,34.1,0.5,1.3,38.2,0.2,0.8,22.7,0.5,1.2,42.4,0.6,1.9,29.4
Isaiah Whitehead,GRD,24,3.9,6.9,56.1,1.0,2.8,37.1,0.4,1.3,27.3,0.4,1.2,31.0,0.6,1.6,36.6,0.9,3.0,28.9
Isaiah Wilkins,GBO,23,0.7,1.2,55.9,0.1,0.3,43.8,0.0,0.1,25.0,0.1,0.2,33.3,0.5,1.4,40.0,0.2,0.7,25.0
Ismael Sanogo,LIN,22,0.5,1.0,52.2,0.0,0.2,20.0,0.0,0.1,0.0,0.0,0.0,0.0,0.3,0.9,36.8,0.1,0.6,15.4
Ismaila Kane,MHU,21,0.3,0.6,43.8,0.0,0.0,0.0,0.0,0.2,25.0,0.0,0.0,0.0,0.1,0.4,20.0,0.0,0.2,20.0
Ivan Rabb,MHU,22,4.9,7.0,69.4,0.7,1.1,62.5,0.9,2.3,37.5,1.0,2.1,46.7,0.4,1.4,30.0,1.1,3.0,38.1
J.J. Avila,ACC,27,1.5,2.1,71.0,0.4,0.7,54.8,0.0,0.3,16.7,0.0,0.1,0.0,0.3,0.7,37.9,0.3,0.7,40.6
J.P. Macura,GBO,24,3.0,5.5,55.5,0.3,0.7,40.9,0.1,0.2,60.0,0.1,0.1,100,0.8,2.6,32.1,1.5,3.7,40.5
JaCorey Williams,CTN,25,5.0,7.7,64.5,1.3,3.2,39.8,0.1,0.4,28.6,0.0,0.1,40.0,0.0,0.0,100,0.0,0.1,0.0
JaKarr Sampson,WCB,26,5.5,8.0,67.9,0.7,1.7,41.5,0.6,1.2,48.3,0.7,1.4,50.0,0.5,1.2,37.9,0.7,2.4,29.3
Jacob Evans,SCW,22,2.2,3.5,63.5,0.4,1.4,26.7,0.4,1.0,45.0,0.4,1.2,30.8,0.6,1.6,36.4,0.5,1.5,31.3
Jacobi Boykins,RGV,24,0.9,1.7,53.2,0.1,0.1,50.0,0.1,0.1,66.7,0.0,0.1,0.0,0.6,1.9,31.5,1.4,3.4,41.1
Jairus Lyles,SLC,23,1.4,2.7,51.2,0.4,1.4,30.8,0.4,1.3,30.0,0.2,0.5,30.4,0.5,1.3,38.3,1.2,3.1,38.7
Jaleel Cousins,SCW,25,0.5,0.8,70.0,0.0,0.4,11.1,0.0,0.1,0.0,0.0,0.1,0.0,0.0,0.0,100,0.1,0.1,100
Jalen Jones,CTN,26,1.8,4.3,41.2,0.8,3.0,25.0,0.3,0.5,50.0,0.0,0.0,0.0,0.0,0.8,0.0,0.8,2.3,33.3
Jameel McKay,WCB,26,1.0,1.0,100,0.0,0.0,0.0,0.0,0.0,0.0,0.0,0.0,0.0,0.0,0.0,0.0,0.0,0.0,0.0
Jameel Warney,WES,25,4.7,7.7,60.9,1.0,2.7,38.4,0.5,1.1,46.0,0.1,0.4,29.4,0.2,0.7,25.0,0.7,2.2,30.8
Jamel Artis,ACC,26,2.2,3.4,66.3,0.8,1.6,47.1,0.5,1.3,41.5,0.7,1.6,44.0,1.1,3.4,32.7,0.9,2.6,36.3
James Young,WIS,23,2.3,4.1,55.1,0.3,1.1,25.0,0.4,0.8,43.8,0.0,0.7,0.0,0.8,2.1,41.0,2.3,5.5,42.3
Jared Brownridge,DEL,24,1.2,2.0,58.8,0.0,0.2,11.1,0.1,0.3,38.5,0.2,0.5,36.0,1.2,3.2,39.4,2.6,6.6,39.9
Jared Sam,FWN,24,0.7,1.5,45.0,0.1,0.4,22.2,0.1,0.4,33.3,0.1,0.2,50.0,0.2,0.4,40.0,0.0,0.0,0.0
Jared Terrell,IWA,24,2.5,4.4,57.9,0.3,1.2,29.7,0.4,1.1,36.1,0.5,1.3,40.5,0.8,2.7,31.8,1.1,4.1,26.9
Jarnell Stokes,MHU,25,5.9,8.4,70.1,0.4,0.6,60.0,0.4,0.5,75.0,0.4,0.9,42.9,0.1,0.6,20.0,0.1,0.8,16.7
Jaron Blossomgame,CTN,25,4.2,7.1,59.9,1.0,2.7,36.6,0.5,1.2,37.2,0.2,0.4,53.3,0.3,0.9,29.0,1.0,3.4,30.5
Jarquez Smith,LAK,24,0.7,1.3,50.0,0.0,0.0,0.0,0.0,0.0,0.0,0.0,0.3,0.0,0.0,0.3,0.0,0.0,0.0,0.0
Jarred Vanderbilt,DEL,20,1.8,1.8,100,0.3,0.8,33.3,0.3,1.5,16.7,0.3,0.3,100,0.5,0.8,66.7,0.0,0.3,0.0
Jarrett Jack,SXF,35,2.0,3.0,66.7,2.0,2.0,100,1.0,4.0,25.0,2.0,3.0,66.7,1.0,4.0,25.0,1.0,1.0,100
Jarvis Threatt,SXF,26,2.8,5.4,51.2,0.4,1.4,27.3,0.1,0.1,100,0.1,0.4,33.3,0.4,0.6,60.0,0.3,1.0,25.0
Jarvis Varnado,MHU,31,0.3,0.8,40.0,0.2,0.2,100,0.2,0.3,50.0,0.0,0.0,0.0,0.0,0.0,0.0,0.0,0.0,0.0
Jawun Evans,OKL,22,2.5,4.8,51.6,0.9,2.2,42.9,0.7,1.6,42.3,0.7,1.6,45.1,0.4,1.3,34.1,0.5,1.5,31.9
Jay Wright,LAK,24,0.6,0.9,69.2,0.1,0.2,50.0,0.0,0.1,0.0,0.1,0.2,40.0,0.1,0.4,20.0,0.1,0.7,21.1
Jay-R Strowbridge,MHU,31,0.2,0.5,33.3,0.2,0.2,100,0.2,0.8,20.0,0.2,1.2,14.3,0.0,1.0,0.0,0.3,1.0,33.3
Jaylen Adams,ERI,23,2.2,3.9,55.8,0.1,0.7,14.3,0.1,0.1,50.0,0.1,0.4,25.0,0.9,2.5,36.7,1.9,5.7,32.7
Jaylen Barford,GBO,23,3.1,5.3,59.2,0.4,1.4,25.8,0.4,1.0,40.4,0.9,2.1,43.3,0.7,2.0,36.5,1.4,4.0,35.1
Jaylen Johnson,IWA,22,2.3,3.7,61.5,0.1,0.4,37.5,0.0,0.2,0.0,0.0,0.2,25.0,0.5,1.0,45.5,0.4,1.2,32.0
Jaylen Morris,ERI,23,3.9,6.2,64.0,0.3,0.6,55.0,0.2,0.4,50.0,0.1,0.1,50.0,0.4,1.6,25.0,0.8,2.3,34.2
Je'Lon Hornbeak,FWN,25,0.2,0.5,33.3,0.0,0.0,0.0,0.0,0.2,0.0,0.0,0.1,0.0,0.3,0.5,58.3,0.9,2.0,43.2
Jeff Ledbetter,AUS,31,0.6,1.1,52.4,0.2,0.3,60.0,0.3,0.4,62.5,0.5,0.8,66.7,0.7,1.5,44.8,2.1,6.2,33.1
Jeff Roberson,MNE,22,0.8,1.8,46.9,0.2,0.4,42.9,0.0,0.1,25.0,0.0,0.1,33.3,0.5,1.1,42.5,0.3,1.0,27.0
Jeffrey Carroll,SBL,24,1.9,2.9,66.7,0.4,0.8,45.0,0.1,0.1,66.7,0.3,0.8,44.4,0.4,1.5,28.6,0.6,1.6,39.5
Jeffrey Coby,AUS,25,0.7,1.3,50.0,0.0,0.3,0.0,0.0,0.0,0.0,0.0,0.3,0.0,0.0,0.0,0.0,0.3,1.3,25.0
Jemerrio Jones,SBL,24,3.5,5.5,63.2,0.3,0.9,36.4,0.1,0.2,33.3,0.0,0.2,22.2,0.2,0.4,44.4,0.1,0.5,28.0
Jeremiah Hill,LAK,23,0.7,1.1,58.0,0.3,0.5,56.5,0.1,0.4,31.6,0.2,0.5,45.5,0.4,1.2,33.3,0.9,2.3,41.0
Jeremy Hollowell,ERI,25,2.5,4.2,59.6,0.1,0.6,25.0,0.1,0.3,30.8,0.1,0.2,55.6,0.7,1.7,40.0,0.6,2.2,27.8
Jerome Robinson,ACC,22,1.9,3.3,57.7,0.5,1.5,29.7,0.4,1.2,35.7,0.8,1.8,41.9,1.5,3.6,41.4,1.8,4.2,43.0
Jevon Carter,MHU,23,2.9,6.1,47.4,0.5,1.3,37.9,0.9,1.6,52.8,0.5,1.3,35.7,1.0,1.9,51.2,1.2,3.5,33.3
Joe Chealey,GBO,23,2.7,5.0,52.8,0.4,1.3,29.6,0.4,0.9,51.4,0.8,1.8,45.5,0.3,0.9,34.2,1.0,3.0,33.9
Joe Kilgore,WCB,23,1.2,2.3,52.3,0.3,0.7,45.0,0.2,0.7,29.4,0.1,0.3,25.0,0.2,0.8,22.7,0.3,1.1,25.8
Joel Berry II,SBL,24,1.6,3.1,52.3,0.7,1.1,62.5,0.0,0.3,14.3,0.6,1.3,42.9,0.4,1.7,25.7,1.0,3.3,28.6
John Bohannon,MNE,27,3.2,5.0,65.1,0.1,0.3,27.3,0.0,0.1,0.0,0.0,0.0,0.0,0.0,0.0,0.0,0.1,0.3,30.8
John Dawson,GBO,24,0.1,0.4,30.8,0.1,0.3,37.5,0.1,0.1,50.0,0.0,0.1,0.0,0.3,0.9,32.0,0.5,1.3,40.5
John Gillon,GBO,25,1.9,3.6,52.4,0.2,0.7,26.7,0.1,0.3,30.8,0.1,0.2,40.0,0.4,0.9,45.2,1.1,3.2,34.2
John Holland,AUS,30,1.6,2.7,60.4,0.2,0.4,35.3,0.2,0.5,30.0,0.4,1.0,42.1,1.0,2.5,38.0,1.6,4.3,36.3
John Jenkins,CAP,28,1.6,2.2,72.3,0.2,0.7,33.3,0.7,1.4,46.7,1.4,3.3,41.4,1.9,4.5,42.1,2.8,6.2,45.0
John Petrucelli,LAK,26,2.3,3.7,61.4,0.3,0.9,28.6,0.2,0.5,39.1,0.3,0.7,35.3,0.6,1.4,44.1,0.6,1.4,40.3
Johnathan Motley,ACC,24,6.7,9.6,69.9,0.8,2.4,34.4,0.7,1.1,58.1,0.1,0.5,28.6,0.4,1.4,25.6,0.6,1.7,33.3
Johnathan Williams,SBL,24,5.0,7.7,64.9,1.2,2.7,46.2,0.2,0.6,33.3,0.1,0.4,35.7,0.1,0.4,26.7,0.2,0.7,23.1
Johnny Hamilton,GRD,25,3.8,5.9,64.3,0.6,1.5,37.3,0.0,0.3,13.3,0.0,0.1,33.3,0.0,0.0,0.0,0.0,0.0,100
Jon Horford,GRD,27,1.1,1.8,64.9,0.2,0.4,44.4,0.1,0.2,25.0,0.0,0.1,0.0,0.0,0.2,20.0,0.1,0.3,28.6
Jon Octeus,WCB,27,0.9,2.2,41.8,0.1,0.5,28.6,0.0,0.0,0.0,0.0,0.0,0.0,0.3,0.7,38.1,0.3,0.9,37.0
Jonah Bolden,DEL,23,2.6,4.5,58.3,0.3,1.0,25.0,0.3,0.6,40.0,0.0,0.4,0.0,0.1,0.9,14.3,2.1,6.0,35.4
Jonathan Stark,IWA,24,1.6,2.6,62.0,0.4,0.8,42.4,0.6,1.3,44.2,0.8,1.8,41.7,0.6,1.4,40.0,0.8,2.7,30.8
Jordan Adams,RGV,24,0.0,0.5,0.0,0.0,0.0,0.0,0.0,0.0,0.0,0.0,0.0,0.0,0.5,1.0,50.0,0.0,0.0,0.0
Jordan Barnett,FWN,23,1.3,1.6,78.9,0.1,0.2,83.3,0.0,0.1,20.0,0.1,0.1,80.0,0.2,0.6,38.1,0.4,1.4,26.0
Jordan Green,AUS,26,1.6,2.4,65.6,0.1,0.4,17.6,0.2,0.4,43.8,0.2,0.5,35.0,0.2,0.8,24.1,0.1,0.3,50.0
Jordan Howard,RAP,23,0.8,1.5,55.0,0.3,0.5,50.0,0.3,0.5,53.8,0.6,1.4,44.4,0.6,1.4,44.4,1.2,3.2,37.8
Jordan Johnson,RGV,24,1.0,1.9,53.7,0.1,0.3,37.5,0.0,0.2,16.7,0.0,0.1,50.0,0.1,1.1,12.9,0.8,2.4,31.0
Jordan Loyd,RAP,25,3.8,5.7,65.5,0.8,1.8,42.5,0.2,0.7,37.0,0.5,1.0,44.2,0.8,2.0,39.3,1.5,4.3,34.5
Jordan McLaughlin,LIN,23,2.8,5.0,56.2,0.3,1.0,25.6,0.2,0.3,50.0,0.1,0.1,60.0,0.7,2.1,32.9,1.4,4.1,33.5
Jordan McRae,CAP,28,4.9,8.0,61.7,1.1,2.8,37.5,0.9,2.2,41.8,1.5,2.9,51.6,0.9,1.9,46.6,1.4,4.4,31.1
Jordan Sibert,ERI,26,1.5,2.5,59.6,0.1,0.3,35.7,0.1,0.3,23.1,0.3,0.6,54.2,1.5,3.5,43.6,2.0,5.9,34.6
Josh Adams,RAP,25,2.1,4.3,47.7,0.1,0.6,9.1,0.3,0.7,42.9,0.7,1.4,50.0,0.8,2.4,31.3,1.7,4.4,38.6
Josh Huestis,AUS,27,0.6,1.6,35.7,0.1,0.5,28.6,0.1,0.6,23.5,0.6,1.0,53.6,0.9,2.5,35.8,0.8,3.0,27.2
Josh Newkirk,LIN,25,0.7,1.3,48.9,0.0,0.2,0.0,0.0,0.1,0.0,0.1,0.1,75.0,0.4,1.0,39.4,0.4,1.0,35.3
Jovan Mooring,FWN,24,0.9,2.3,40.0,0.5,1.3,42.1,0.4,1.2,33.3,0.3,1.4,23.8,0.4,0.8,50.0,1.1,3.3,32.7
Juan Toscano-Anderson,SCW,26,2.2,4.4,49.5,0.2,0.7,31.0,0.0,0.1,33.3,0.0,0.2,10.0,0.2,0.4,50.0,0.2,0.7,28.6
Julian Washburn,MHU,27,1.4,2.1,69.6,0.3,0.6,54.2,0.4,0.9,48.6,0.4,1.6,26.2,1.2,2.4,51.1,0.7,2.1,34.2
Julien Lewis,STO,27,0.0,0.0,0.0,0.0,0.4,0.0,0.0,0.0,0.0,0.0,0.0,0.0,0.0,0.3,0.0,0.2,0.6,33.3
Justin Bibbs,ACC,23,1.7,2.7,61.4,0.4,0.8,43.9,0.1,0.3,37.5,0.3,0.6,48.3,0.8,2.3,36.3,0.9,3.1,29.3
Justin Dentmon,TEX,33,0.4,0.7,60.0,0.0,0.3,0.0,0.4,0.4,100,0.6,2.1,26.7,0.9,2.7,31.6,2.7,6.1,44.2
Justin Harper,SBL,29,1.2,2.1,56.9,0.4,0.9,48.4,0.1,0.7,16.0,0.3,0.6,50.0,0.3,1.2,27.9,1.5,4.3,35.1
Justin Jackson,LAK,22,1.1,1.8,61.1,0.0,0.2,0.0,0.0,0.0,0.0,0.0,0.1,0.0,0.1,0.6,16.7,0.5,2.3,21.7
Justin Leon,OKL,23,0.8,1.4,60.0,0.1,0.4,29.4,0.1,0.1,60.0,0.0,0.0,0.0,0.4,1.7,26.0,0.8,2.3,36.4
Justin Patton,DEL,22,2.5,4.1,60.0,0.3,0.6,42.9,0.1,0.5,20.0,0.6,1.3,50.0,0.2,0.5,40.0,0.0,0.4,0.0
Justin Reyes,SLC,24,2.0,3.2,62.5,0.4,0.8,44.4,0.1,0.3,33.3,0.1,0.1,66.7,0.3,0.6,47.4,0.2,0.5,41.2
Justin Tillman,MHU,23,2.5,4.1,60.6,0.6,1.5,41.7,0.1,0.6,20.0,0.0,0.1,0.0,0.4,0.6,60.0,0.1,1.0,12.5
Justin Tubbs,TEX,31,0.8,1.3,60.0,0.0,0.1,0.0,0.0,0.0,0.0,0.0,0.0,0.0,0.1,0.4,33.3,0.9,2.5,35.0
KJ McDaniels,OKL,26,3.1,5.0,61.8,0.7,1.8,37.0,0.2,0.5,36.4,0.0,0.1,0.0,0.6,1.6,34.7,0.5,1.6,31.0
Kadeem Allen,WES,26,3.3,6.2,52.5,0.6,1.7,37.3,0.3,1.1,27.3,0.5,1.1,45.2,0.3,1.0,33.3,0.7,1.6,44.4
Kadeem Jack,SBL,26,1.7,2.7,62.5,0.3,1.3,25.0,0.4,0.9,50.0,0.1,0.6,20.0,0.1,0.1,100,0.0,0.6,0.0
Kaiser Gates,WCB,22,1.0,1.8,57.3,0.1,0.2,45.5,0.0,0.1,40.0,0.0,0.1,0.0,0.7,2.1,31.4,2.1,5.2,40.2
Kalin Lucas,GRD,30,2.2,3.8,56.6,0.5,1.6,30.5,0.9,2.0,44.0,1.6,3.4,45.7,1.2,2.6,44.4,1.8,4.3,41.1
Kamari Murphy,LIN,25,2.5,4.2,60.0,0.2,0.7,33.3,0.0,0.2,12.5,0.0,0.1,0.0,0.2,0.9,22.0,0.2,0.6,27.6
Kameron Chatman,ERI,23,1.2,2.1,56.3,0.2,0.4,60.0,0.4,0.8,54.5,0.3,0.5,62.5,0.5,1.4,33.3,0.4,2.1,19.4
Kanellos Garbis,WIS,26,0.3,0.3,75.0,0.0,0.1,0.0,0.0,0.0,0.0,0.0,0.0,0.0,0.0,0.2,0.0,0.1,0.1,100
Karrington Ward,WCB,26,0.5,0.5,100,0.0,0.0,0.0,0.0,0.0,0.0,0.0,0.0,0.0,0.5,0.5,100,0.0,1.0,0.0
Kay Felder,RAP,24,2.5,4.3,57.4,0.6,1.9,33.3,0.4,1.0,36.4,0.6,1.7,36.8,0.9,2.5,37.0,1.2,4.3,27.7
Keenan Evans,DEL,22,1.9,3.2,59.2,0.3,0.9,33.3,0.1,0.6,19.2,0.2,0.7,30.0,0.4,1.1,38.8,0.9,2.3,38.1
Keita Bates-Diop,IWA,23,3.7,5.9,62.8,0.6,2.3,24.3,0.8,1.6,52.0,0.1,0.8,15.4,0.5,1.7,29.6,1.3,3.6,34.5
Keith Hornsby,TEX,27,1.5,2.5,58.8,0.1,0.3,35.7,0.3,0.8,43.2,0.5,1.3,38.7,1.3,2.4,55.5,0.7,1.7,41.6
Kellen Dunham,CAP,26,0.4,0.7,52.9,0.0,0.1,40.0,0.2,0.3,53.3,0.2,0.5,52.2,0.9,1.8,49.5,0.9,2.0,42.6
Kendall Gray,LIN,27,1.4,2.0,70.0,0.0,0.0,0.0,0.0,0.0,0.0,0.0,0.0,0.0,0.0,0.0,0.0,0.0,0.0,0.0
Kendrick Nunn,SCW,23,2.8,4.3,64.6,0.8,2.0,41.0,0.8,1.7,45.2,1.2,2.4,50.8,0.9,2.0,45.4,1.1,3.7,31.1
Kenneth Smith,GRD,26,1.2,2.3,52.9,0.3,0.9,38.5,0.4,1.0,40.4,0.4,1.2,33.3,0.2,0.5,41.7,0.7,1.8,37.5
Kenrich Williams,TEX,24,3.7,5.0,74.3,0.1,0.6,25.0,0.4,0.7,60.0,1.0,2.0,50.0,0.3,1.6,18.2,0.4,1.9,23.1
Kentrell Barkley,RGV,22,0.4,1.0,42.9,0.2,0.3,50.0,0.0,0.2,0.0,0.0,0.2,0.0,0.0,0.0,0.0,0.0,0.3,0.0
Kethan Savage,WES,25,0.8,1.8,42.9,0.0,0.0,0.0,0.0,0.3,0.0,0.0,0.0,0.0,0.3,0.5,50.0,0.3,0.5,50.0
Kevin Hervey,OKL,22,2.0,2.9,67.7,0.2,0.3,63.6,0.1,0.2,33.3,0.1,0.2,42.9,0.7,1.9,35.0,1.1,3.6,30.7
Kevin Olekaibe,LIN,26,0.2,0.3,50.0,0.0,0.2,0.0,0.0,0.2,0.0,0.0,0.0,0.0,0.8,2.0,40.0,0.3,2.2,15.4
Kevin Young,SCW,29,1.6,2.8,57.0,0.1,0.3,40.0,0.0,0.0,0.0,0.0,0.0,0.0,0.0,0.1,0.0,0.0,0.0,0.0
Khadeem Lattin,NAS,24,1.4,2.3,58.9,0.1,0.4,20.0,0.1,0.1,100,0.0,0.1,25.0,0.1,0.2,37.5,0.0,0.1,0.0
Khyri Thomas,GRD,23,2.8,4.1,68.3,0.3,1.2,25.0,0.7,1.5,46.7,0.8,1.1,72.7,1.0,2.6,38.5,1.8,4.2,42.9
Kobi Simmons,CTN,21,3.7,5.9,63.3,0.5,1.9,27.3,0.3,0.8,39.3,0.6,1.6,35.1,0.6,1.9,31.3,0.7,2.7,27.1
Kostas Antetokounmpo,TEX,21,3.1,4.7,66.0,0.2,0.8,29.0,0.0,0.2,12.5,0.0,0.2,11.1,0.0,0.3,10.0,0.2,0.7,32.1
Kyle Benjamin,SLC,27,0.0,0.5,0.0,0.0,0.5,0.0,0.0,0.0,0.0,0.0,0.5,0.0,0.0,0.0,0.0,0.0,0.0,0.0
Kyle Casey,MHU,28,1.9,3.0,62.2,0.5,1.2,45.7,0.3,0.4,64.7,0.2,0.5,47.4,0.2,0.6,28.0,0.5,1.3,34.6
Kyle Collinsworth,RAP,27,3.0,6.1,50.0,0.5,1.2,44.1,0.0,0.1,33.3,0.0,0.0,0.0,0.5,1.6,31.1,0.2,0.5,35.7
Kyle Randall,DEL,27,0.6,1.6,40.0,0.1,0.4,30.0,0.1,0.4,27.3,0.2,0.4,55.6,0.2,0.8,28.6,0.3,0.8,36.8
Kyle Washington,SXF,25,0.8,1.4,52.2,0.8,1.3,63.2,0.3,0.7,50.0,0.1,0.1,50.0,0.1,0.6,22.2,0.3,0.6,40.0
L.G. Gill,IWA,24,1.5,2.6,58.6,0.1,0.3,33.3,0.1,0.4,41.7,0.1,0.4,36.4,0.1,0.2,66.7,0.1,0.1,75.0
LaQuinton Ross,MHU,27,1.1,1.9,56.8,0.2,0.7,28.6,0.2,0.5,44.4,0.0,0.1,0.0,0.2,0.7,30.8,0.3,1.0,27.3
Lavoy Allen,CAP,30,3.3,4.5,72.7,0.2,0.8,30.8,0.1,0.4,16.7,0.1,0.4,33.3,0.1,0.3,40.0,0.2,0.4,42.9
Lenjo Kilo,DEL,25,0.0,1.0,0.0,0.0,0.0,0.0,0.0,0.0,0.0,-,-,-,0.0,0.0,0.0,1.0,1.0,100
Levi Randolph,CTN,26,2.0,3.3,61.8,0.4,1.0,41.7,0.3,0.9,32.6,0.7,1.5,44.2,0.6,1.7,36.1,1.4,2.9,47.2
Liam McMorrow,OKL,31,0.0,0.0,0.0,0.0,0.0,0.0,0.0,0.0,0.0,0.0,0.0,0.0,0.0,0.0,0.0,0.0,0.0,0.0
Lonnie Walker IV,AUS,20,2.5,4.8,52.1,0.5,1.3,38.5,0.7,1.4,47.5,1.4,3.2,44.6,0.6,2.1,30.0,0.9,2.3,38.2
Luke Kennard,GRD,23,1.0,2.0,50.0,1.0,2.0,50.0,0.0,0.0,0.0,0.0,0.0,0.0,0.0,0.0,0.0,5.0,9.0,55.6
Luke Kornet,WES,23,2.7,4.1,66.7,0.2,0.7,25.0,0.7,1.5,50.0,0.2,0.7,25.0,0.3,1.0,27.3,2.6,5.1,51.8
Luke Petrasek,GBO,23,1.0,1.6,67.2,0.1,0.3,30.8,0.0,0.1,0.0,0.0,0.1,40.0,0.4,1.1,33.3,0.8,1.8,43.8
Malachi Richardson,CTN,23,1.4,3.5,40.5,0.6,1.5,38.9,0.3,0.3,100,0.8,1.7,45.0,1.4,3.1,45.9,2.3,6.1,37.0
Malcolm Miller,RAP,26,1.8,3.0,61.5,0.2,0.5,50.0,0.1,0.2,50.0,0.0,0.1,0.0,0.5,1.7,27.3,1.2,3.1,37.5
Malik Newman,CTN,22,1.5,2.2,66.3,0.3,0.7,39.3,0.4,0.8,48.6,0.3,0.8,40.0,0.8,2.0,42.7,0.9,2.9,31.4
Malik Pope,GBO,22,1.5,2.9,51.7,0.1,0.3,40.0,0.1,0.4,12.5,0.1,0.2,50.0,0.5,1.2,37.5,0.3,1.1,22.7
Manu Lecomte,ACC,23,1.3,2.1,59.0,0.4,1.0,37.3,0.4,1.0,46.8,0.3,0.6,63.0,1.2,2.7,45.0,1.1,3.0,36.3
Marc Loving,ACC,24,0.7,1.2,62.2,0.0,0.1,0.0,0.1,0.1,66.7,0.0,0.2,16.7,0.5,1.4,35.7,0.6,2.0,28.6
Marcus Allen,SBL,24,2.7,4.7,57.8,0.3,0.9,34.2,0.0,0.2,0.0,0.1,0.3,27.3,0.2,0.7,25.8,0.2,0.5,38.1
Marcus Derrickson,SCW,23,1.8,2.9,61.8,0.3,0.9,37.5,0.5,1.1,43.2,0.5,1.2,39.0,0.5,1.1,40.0,1.6,3.7,43.0
Marcus Georges-Hunt,MNE,25,2.9,5.6,52.0,0.2,0.7,33.3,0.1,0.1,100,0.0,0.1,0.0,0.9,2.1,42.1,0.6,2.1,26.3
Marcus Keene,MHU,24,1.1,1.9,56.3,0.2,0.4,40.0,0.6,1.0,53.8,0.7,1.3,51.5,0.3,1.1,28.6,0.4,1.6,25.6
Marcus Lee,SXF,24,3.2,4.2,77.2,0.2,0.3,66.7,0.1,0.2,33.3,0.0,0.0,0.0,0.0,0.1,0.0,0.0,0.0,0.0
Marcus Posley,SXF,25,0.5,0.5,100,0.0,0.0,0.0,0.0,0.0,0.0,0.0,0.5,0.0,0.5,1.5,33.3,0.0,2.5,0.0
Marcus Thornton,GRD,32,3.5,5.4,63.7,0.5,1.6,29.1,0.4,1.1,35.1,0.4,0.8,50.0,1.4,3.7,39.1,1.8,4.7,37.6
Marcus Williams,STO,33,0.4,0.8,48.0,0.2,0.5,33.3,0.4,0.9,42.3,0.3,1.2,22.2,0.7,2.2,33.3,1.1,3.4,32.1
Mareik Isom,SLC,24,0.3,0.6,50.0,0.1,0.2,33.3,0.0,0.1,0.0,0.0,0.2,0.0,0.2,0.7,23.1,0.2,1.1,18.2
Markel Crawford,MHU,24,1.1,2.1,54.5,0.4,0.9,43.9,0.4,1.0,36.2,0.7,1.6,42.7,0.5,1.8,29.8,0.9,2.5,34.7
Marquise Moore,IWA,24,2.3,4.0,56.4,0.4,1.1,34.8,0.3,1.0,29.3,0.6,1.5,40.6,0.1,0.1,50.0,0.0,0.1,33.3
Matt Farrell,DEL,23,1.1,2.0,54.9,0.2,0.5,47.6,0.3,0.7,43.8,0.2,0.7,33.3,0.6,1.5,42.4,1.4,4.0,34.6
Matt Jones,STO,24,1.9,3.2,60.5,0.3,1.2,28.8,0.2,0.5,37.5,0.1,0.4,35.0,0.8,2.1,36.2,1.1,3.1,35.1
Matthew Fisher-Davis,WES,23,0.1,0.3,33.3,0.0,0.0,0.0,0.0,0.0,0.0,0.1,0.1,100,0.1,0.7,14.3,0.3,1.2,23.1
Maverick Rowan,MNE,22,0.8,1.2,66.7,0.1,0.3,50.0,0.2,0.4,60.0,0.2,0.4,50.0,0.2,1.5,13.0,0.4,1.0,40.0
Melvin Frazier Jr.,LAK,22,3.1,5.4,56.7,0.1,1.0,5.6,0.2,0.6,30.0,0.4,1.0,38.9,0.3,0.8,42.9,0.6,1.6,37.9
MiKyle McIntosh,RAP,24,3.2,5.0,62.7,0.2,0.7,23.5,0.0,0.0,100,0.0,0.1,33.3,0.3,1.1,28.6,0.4,1.4,31.4
Michael Bethea Jr.,GRD,24,1.2,1.7,67.5,0.2,0.6,33.3,0.2,0.5,36.4,0.2,0.5,31.8,0.9,2.5,34.8,1.1,3.2,35.1
Michael Bryson,DEL,24,0.8,1.5,50.0,0.0,0.0,0.0,0.0,0.0,0.0,0.0,0.0,0.0,0.8,1.5,50.0,0.3,0.8,33.3
Michael Frazier,RGV,25,2.6,4.6,56.6,0.2,0.5,37.5,0.0,0.0,0.0,0.0,0.0,50.0,1.2,3.0,39.8,1.7,4.6,36.8
Michael Gbinije,SCW,27,0.6,1.0,61.7,0.0,0.2,14.3,0.2,0.4,47.1,0.4,0.9,39.5,0.8,1.9,40.4,0.7,2.2,31.0
Michael Orris,CAP,24,0.3,1.8,14.3,0.5,0.5,100,0.0,0.0,0.0,0.5,1.0,50.0,0.3,1.0,25.0,0.0,0.0,0.0
Michael Qualls,WIS,25,2.2,4.2,52.4,0.3,0.8,33.3,0.4,0.8,42.9,0.4,0.9,46.7,0.6,1.7,36.0,0.7,2.7,25.9
Mike Davis,CAP,30,0.8,1.1,70.8,0.1,0.2,50.0,0.2,0.6,41.7,0.4,0.8,44.4,0.0,0.2,0.0,0.0,0.0,0.0
Mitchell Creek,LIN,27,5.2,8.2,63.6,0.3,0.8,37.5,0.1,0.2,50.0,0.0,0.0,0.0,0.2,1.0,17.9,0.2,0.6,30.4
Moritz Wagner,SBL,22,4.3,5.5,78.8,0.0,1.0,0.0,0.0,0.3,0.0,0.2,0.3,50.0,0.3,1.5,22.2,1.5,4.5,33.3
Muhammad-Ali Abdur-Rahkman,CTN,24,0.9,1.5,58.3,0.1,0.3,46.2,0.0,0.2,22.2,0.0,0.0,50.0,0.3,0.9,37.8,0.9,2.3,36.5
Mychal Mulder,WCB,25,1.8,3.2,57.0,0.1,0.2,27.3,0.0,0.1,66.7,0.0,0.1,66.7,1.2,2.6,47.5,1.7,4.4,37.7
Myck Kabongo,RAP,27,1.3,2.8,44.7,0.1,0.4,25.0,0.0,0.1,50.0,0.0,0.0,0.0,0.2,0.6,25.0,0.1,1.1,11.4
Nate Hickman,WES,24,0.3,0.6,50.0,0.0,0.1,0.0,0.0,0.2,0.0,0.0,0.2,0.0,0.0,0.1,0.0,0.2,0.8,20.0
Nate Mason,TEX,23,0.8,1.8,47.8,0.0,0.5,0.0,0.8,1.4,61.1,0.8,2.2,37.9,0.5,1.4,38.9,1.0,2.4,41.9
Naz Mitrou-Long,SLC,25,3.5,5.5,63.1,0.3,1.0,25.8,0.3,0.7,34.8,0.1,0.2,50.0,1.1,2.8,38.6,1.4,4.6,30.1
Nick Johnson,WIS,26,1.7,3.4,51.2,0.3,0.8,35.7,0.3,0.9,33.3,1.0,2.5,38.3,0.6,1.8,33.8,1.1,3.8,29.1
Nick King,MNE,23,2.5,4.1,60.3,0.3,0.7,47.6,0.2,0.5,35.7,0.1,0.2,50.0,0.2,0.8,20.8,0.3,1.3,25.0
Nigel Johnson,CTN,24,0.5,1.0,50.0,0.0,0.3,0.0,0.0,0.3,0.0,0.7,1.3,50.0,0.3,1.0,25.0,0.3,0.8,33.3
Nino Johnson,MHU,26,2.3,3.5,67.6,0.2,0.5,31.3,0.1,0.2,57.1,0.0,0.1,25.0,0.0,0.1,50.0,0.0,0.0,0.0
Noah Allen,CAP,24,1.4,2.4,60.6,0.4,1.0,41.9,0.1,0.3,30.8,0.1,0.4,25.0,0.5,1.4,33.9,1.0,3.1,30.5
Norvel Pelle,DEL,26,4.4,6.2,71.3,0.2,0.3,63.6,0.0,0.0,100,0.0,0.1,25.0,0.0,0.0,0.0,0.0,0.0,0.0
Nuni Omot,LIN,24,1.2,2.1,55.9,0.0,0.5,10.0,0.1,0.2,50.0,0.0,0.0,0.0,0.3,1.0,25.6,0.3,1.3,25.4
Okaro White,LIN,26,2.5,4.5,54.7,0.3,1.1,29.2,0.2,0.5,40.0,0.3,0.7,50.0,0.7,2.2,30.4,0.8,2.3,35.4
Oleksandr Kobets,CAP,23,0.0,0.0,0.0,0.0,0.3,0.0,0.0,0.5,0.0,0.0,0.0,0.0,0.0,0.0,0.0,0.3,0.3,100
Omari Johnson,FWN,30,1.6,2.6,61.2,0.3,0.7,37.8,0.1,0.3,21.4,0.3,0.8,44.7,0.6,2.2,29.6,2.0,5.2,38.5
Omari Spellman,ERI,21,2.7,4.0,66.7,0.0,0.7,0.0,0.0,0.3,0.0,0.0,0.3,0.0,0.7,3.0,22.2,2.0,5.0,40.0
PJ Dozier,MNE,22,4.7,8.0,59.4,0.5,1.4,31.8,0.6,1.3,45.0,0.6,1.5,38.2,0.7,1.8,40.5,1.2,4.0,29.0
Parker Jackson-Cartwright,WES,23,0.0,0.0,0.0,0.0,0.0,0.0,0.0,0.0,0.0,0.0,0.0,0.0,0.0,0.0,0.0,0.0,0.0,0.0
Paul Watson,WES,24,1.8,3.0,59.2,0.0,0.2,8.3,0.1,0.3,53.8,0.1,0.3,18.8,0.7,2.1,33.0,0.4,1.1,35.8
Pe'Shon Howard,CAP,28,0.9,2.2,40.0,0.0,0.4,10.5,0.1,0.5,31.8,0.3,1.0,28.3,0.9,2.2,42.5,1.4,3.4,40.5
Peter Jok,NAS,25,0.8,1.4,55.0,0.0,0.3,13.3,0.3,0.7,35.5,0.9,1.8,46.8,1.2,2.9,43.1,1.7,4.3,40.4
Phillip Carr,CTN,23,0.3,0.6,57.1,0.0,0.3,16.7,0.0,0.2,25.0,0.3,0.5,50.0,0.2,0.8,23.5,0.1,0.3,28.6
Prince Williams,IWA,26,0.2,0.4,50.0,0.0,0.8,0.0,0.0,0.0,0.0,0.0,0.2,0.0,0.0,0.4,0.0,0.0,0.6,0.0
Quenton DeCosey,SLC,25,1.3,2.7,48.8,0.3,0.6,40.0,0.3,0.4,71.4,0.0,0.1,0.0,0.1,0.2,33.3,0.1,0.8,8.3
Quincy Acy,TEX,28,4.0,5.0,80.0,0.3,1.3,25.0,0.3,2.3,14.3,1.0,2.0,50.0,0.3,2.7,12.5,2.3,4.7,50.0
Quinton Chievous,CAP,26,1.4,2.2,64.6,0.0,0.2,25.0,0.0,0.0,0.0,0.0,0.1,50.0,0.3,0.5,54.5,0.1,0.5,20.0
RJ Hunter,MNE,25,2.4,4.2,56.8,0.3,1.0,33.3,0.3,0.7,41.9,0.0,0.3,9.1,1.1,2.6,40.9,2.0,6.2,31.8
Randy Haynes,GRD,24,0.0,0.8,0.0,0.2,0.6,33.3,0.0,0.0,0.0,0.4,0.8,50.0,0.0,0.3,0.0,0.0,0.0,0.0
Raphiael Putney,SXF,29,3.0,4.4,69.0,0.4,1.0,37.5,0.2,0.4,35.3,0.1,0.3,20.0,0.8,2.1,36.6,1.3,4.1,30.3
Rashad Vaughn,DEL,22,1.8,3.7,49.5,0.6,1.7,33.7,0.4,1.1,32.1,0.2,0.5,37.0,0.7,1.8,38.3,1.9,4.7,39.9
Rawle Alkins,WCB,21,3.2,5.9,54.0,0.3,0.8,45.5,0.1,0.3,36.4,0.0,0.1,0.0,0.3,1.2,28.8,0.7,2.3,30.7
Ray McCallum,ACC,28,1.7,3.0,55.6,0.8,1.2,64.3,0.6,1.7,35.0,0.1,0.8,10.0,0.6,1.1,53.8,0.7,1.9,34.8
Ray Spalding,TEX,22,4.6,7.3,63.0,0.8,2.2,34.4,0.4,0.8,50.0,0.3,0.8,45.5,0.1,0.4,15.4,0.2,1.0,24.1
Reggie Hearn,STO,27,0.9,1.3,68.0,0.2,0.5,31.6,0.1,0.2,33.3,0.1,0.3,30.8,0.6,1.8,34.7,1.8,4.2,42.3
Reggis Onwukamuche,LAK,27,0.7,1.1,58.1,0.0,0.0,0.0,0.0,0.0,100,0.0,0.0,0.0,0.0,0.0,0.0,0.1,0.2,66.7
Retin Obasohan,NAS,25,2.9,5.1,57.7,0.6,1.5,41.2,0.2,0.6,26.3,0.1,0.4,14.3,0.1,0.5,11.8,0.2,1.0,24.2
Richard Solomon,OKL,27,4.8,7.0,69.3,0.3,0.8,37.0,0.0,0.2,16.7,0.0,0.1,0.0,0.1,0.5,21.1,0.1,0.6,18.2
Rob Gray,FWN,25,2.3,4.0,56.8,0.5,1.4,31.8,0.7,1.6,45.2,0.8,1.6,47.9,0.7,1.7,42.5,1.2,3.5,35.2
Robert Heyer,SBL,27,1.2,1.8,66.2,0.0,0.1,20.0,0.0,0.1,33.3,0.1,0.1,50.0,0.3,1.1,27.5,0.5,1.4,34.0
Robert Johnson,WIS,24,0.8,1.6,50.6,0.1,0.4,41.2,0.2,0.6,42.3,0.4,0.7,56.3,0.4,1.0,39.6,0.8,2.6,30.9
Robert Williams III,MNE,21,5.4,6.4,84.4,0.2,0.8,25.0,0.4,0.6,66.7,0.2,0.6,33.3,0.4,0.6,66.7,0.0,0.0,0.0
Rodions Kurucs,LIN,21,1.8,4.3,41.2,0.3,0.8,33.3,0.0,0.0,0.0,0.3,0.3,100,0.8,2.0,37.5,0.3,1.8,14.3
Rodney Pryor,RAP,26,1.0,1.9,55.8,0.1,0.4,20.0,0.2,0.4,64.3,0.4,0.9,42.9,0.6,1.5,39.3,1.1,2.8,39.7
Rodney Purvis,SXF,25,2.0,3.1,64.1,0.2,1.1,18.5,0.3,0.8,31.7,0.5,1.3,38.1,1.0,2.8,34.5,1.3,4.6,28.8
Roger Moute a Bidias,RGV,24,1.6,3.1,52.7,0.1,0.5,22.2,0.0,0.2,14.3,0.0,0.0,100,0.1,0.6,16.0,0.1,0.5,20.0
Roscoe Smith,GBO,28,1.8,2.8,63.1,0.1,0.4,20.0,0.1,0.3,42.9,0.3,1.0,30.4,0.6,1.5,40.0,0.3,1.0,31.8
Ryan Anderson,DEL,26,2.6,4.2,61.7,0.3,0.7,37.5,0.0,0.3,0.0,0.0,0.1,25.0,0.1,0.4,25.0,0.1,0.6,14.3
Ryan Boatright,TEX,26,0.5,1.3,42.9,0.2,0.3,66.7,0.1,0.2,50.0,0.4,0.7,50.0,0.5,1.3,42.9,0.9,2.5,35.7
Sam Thompson,GBO,26,1.6,2.4,64.2,0.2,0.7,28.6,0.1,0.3,25.0,0.2,0.4,42.9,0.4,1.3,31.3,0.4,1.6,26.0
Sanjay Lumpkin,ERI,25,1.9,2.8,67.3,0.0,0.1,16.7,0.0,0.1,50.0,0.0,0.1,25.0,0.3,0.9,32.4,0.1,0.6,19.2
Scoochie Smith,CTN,24,1.6,3.0,55.0,0.3,0.8,31.0,0.2,0.5,42.3,0.3,1.2,28.3,0.4,1.4,29.2,1.4,4.0,34.7
Scott Machado,SBL,29,3.1,5.5,56.5,0.6,1.5,39.4,0.4,0.8,47.2,0.4,1.1,40.8,0.4,1.4,31.3,0.8,2.9,27.7
Scottie Lindsey,GRD,23,1.9,2.6,71.8,0.4,0.9,42.9,0.3,0.5,57.1,0.1,0.5,28.6,0.5,1.1,41.2,1.1,3.9,28.8
Scotty Hopson,OKL,29,3.5,5.4,65.4,0.6,1.1,56.8,0.7,1.1,60.0,0.5,1.0,52.9,0.7,2.2,34.2,0.7,1.9,34.8
Sekou Wiggs,WES,24,1.7,2.9,57.0,0.2,0.6,35.5,0.1,0.4,31.6,0.2,0.7,31.3,0.3,0.9,29.5,0.3,1.1,26.9
Shake Milton,DEL,22,4.3,6.9,62.4,1.1,2.6,40.8,1.1,2.4,45.5,0.4,0.9,48.0,1.0,2.3,45.2,1.3,3.7,34.0
Shannon Scott,LIN,26,1.0,2.0,50.5,0.2,0.7,34.4,0.2,0.4,47.4,0.1,0.5,28.6,0.6,1.9,31.4,1.2,3.3,34.4
ShawnDre Jones,NAS,24,0.7,1.4,50.0,0.4,0.9,43.8,0.2,0.6,36.4,0.3,0.6,50.0,0.3,0.8,42.9,0.4,1.8,22.6
Sheldon Jeter,MNE,24,0.6,1.0,61.5,0.1,0.4,35.7,0.1,0.3,45.5,0.1,0.1,100,0.7,1.3,49.1,1.1,2.8,40.7
Shep Garner,GRD,24,0.2,0.5,31.8,0.0,0.2,11.1,0.1,0.1,66.7,0.1,0.4,33.3,0.4,0.9,42.1,1.2,3.6,34.7
Shevon Thompson,WIS,26,4.3,6.3,68.4,0.5,1.1,47.1,0.1,0.2,40.0,0.2,0.3,77.8,0.1,0.2,80.0,0.0,0.0,0.0
Shonn Miller,SLC,25,1.1,1.5,70.6,0.3,0.6,47.6,0.2,0.4,61.5,0.0,0.3,12.5,0.2,1.0,21.2,0.9,2.4,39.2
Sindarius Thornwell,ACC,24,3.2,4.7,67.9,0.3,1.3,25.0,0.0,0.2,0.0,0.2,0.3,50.0,0.7,2.3,28.6,0.3,2.3,14.3
Sir'Dominic Pointer,CTN,27,2.3,3.1,72.7,0.2,0.7,25.9,0.2,0.6,34.8,0.2,0.4,35.3,0.4,1.0,39.5,0.6,1.3,43.6
Spencer Hawes,SBL,31,1.8,3.6,50.0,0.3,0.9,37.5,0.4,1.2,36.4,0.1,0.6,20.0,0.3,0.8,42.9,1.7,3.4,48.4
Stanford Robinson,RGV,23,0.5,1.3,35.7,0.1,0.4,25.0,0.0,0.1,0.0,0.0,0.1,0.0,0.0,0.3,0.0,0.0,0.8,0.0
Stephan Hicks,FWN,27,3.5,5.8,60.4,0.6,1.3,44.4,0.1,0.6,21.4,0.1,0.6,20.0,0.6,1.7,34.1,0.5,1.8,29.4
Stephaun Branch,SLC,23,1.7,2.7,63.7,0.1,0.6,19.4,0.1,0.2,30.0,0.0,0.0,50.0,0.2,1.0,21.6,0.5,1.5,33.8
Stephen Ugochukwu,TEX,23,0.0,0.0,0.0,0.0,0.0,0.0,-,-,-,0.0,0.0,0.0,0.0,0.0,0.0,0.0,0.0,0.0
Stephen Zimmerman,WES,22,2.8,4.3,65.2,0.4,1.2,36.5,0.2,0.3,58.3,0.1,0.4,21.1,0.1,0.1,60.0,0.0,0.0,0.0
Sterling Brown,WIS,24,4.3,6.7,65.0,0.0,0.3,0.0,0.0,0.0,0.0,0.7,1.3,50.0,0.7,1.7,40.0,2.3,7.0,33.3
Svi Mykhailiuk,GRD,22,4.8,8.4,56.7,0.1,0.8,16.7,0.3,0.4,66.7,0.4,1.1,33.3,1.4,3.1,44.0,1.5,4.6,32.4
Tahjere McCall,LIN,24,3.3,5.4,61.0,0.2,0.5,33.3,0.0,0.1,50.0,0.0,0.0,0.0,0.5,1.5,33.3,0.2,0.8,18.5
Tanner McGrew,SLC,25,1.2,2.0,57.6,0.1,0.4,23.5,0.1,0.2,42.9,0.0,0.1,16.7,0.3,0.8,45.7,0.9,2.4,38.5
Taren Sullivan,STO,23,0.6,1.0,57.1,0.3,0.7,39.4,0.2,0.4,45.0,0.2,0.3,66.7,0.5,1.5,33.8,0.6,1.5,41.7
Tarik Phillip,MHU,25,2.9,5.1,56.7,0.4,1.3,33.3,0.3,0.7,37.5,0.1,0.3,23.1,0.4,1.0,37.0,1.2,2.7,44.1
Terrence Drisdom,DEL,26,0.5,1.5,33.3,0.2,0.4,60.0,0.0,0.1,0.0,0.0,0.2,0.0,0.4,0.6,62.5,0.0,0.1,0.0
Terrence Jones,RGV,27,6.0,9.6,62.4,1.0,2.4,43.5,0.1,0.4,27.3,0.0,0.1,0.0,0.3,0.7,41.2,1.2,2.9,40.8
Terry Maston,ACC,23,0.0,0.0,0.0,0.0,0.0,0.0,0.0,0.0,0.0,0.0,0.5,0.0,0.0,0.0,0.0,0.0,0.0,0.0
Theo Johnson,STO,25,0.0,0.0,0.0,0.0,0.0,0.0,0.0,0.0,0.0,0.0,0.0,0.0,0.0,0.0,0.0,0.0,0.0,0.0
Theo Pinson,LIN,23,3.5,6.5,54.5,0.5,1.1,45.9,0.0,0.2,12.5,0.0,0.1,33.3,0.7,2.0,33.8,2.5,6.3,39.3
Thomas Bryant,CAP,21,6.0,7.0,85.7,0.0,0.0,0.0,0.0,1.0,0.0,0.0,0.0,0.0,0.0,1.0,0.0,1.0,3.0,33.3
Thomas Robinson,MNE,28,6.0,9.5,63.2,0.3,0.8,33.3,0.5,0.8,66.7,0.8,1.0,75.0,0.3,1.0,25.0,0.0,0.3,0.0
Thomas Welsh,IWA,23,2.3,3.6,63.9,0.5,1.5,34.5,0.5,1.0,47.4,0.2,0.5,33.3,0.2,0.3,80.0,0.6,1.4,40.7
Thomas Wilder,WCB,24,1.5,3.0,48.9,0.3,0.7,36.7,0.2,0.3,46.2,0.0,0.1,20.0,0.3,1.0,32.6,0.1,0.8,14.3
Thomas Wimbush,LIN,25,1.8,3.2,56.1,0.1,0.5,23.5,0.1,0.3,25.0,0.1,0.2,40.0,0.7,1.7,38.9,0.3,1.2,21.1
Tim Bond,RGV,23,1.3,3.0,44.4,0.1,0.5,26.1,0.0,0.3,6.7,0.0,0.1,66.7,0.2,0.6,30.0,0.3,1.3,26.7
Tiwian Kendley,WCB,24,2.1,3.5,59.0,0.5,1.7,27.8,0.3,0.8,37.5,0.2,0.7,26.7,0.4,1.6,25.7,0.5,2.0,25.6
Todd Withers,GRD,23,1.1,1.7,64.6,0.1,0.4,17.6,0.0,0.0,50.0,0.0,0.0,0.0,0.6,1.6,35.1,0.7,2.4,30.4
Tommy Williams,ERI,26,0.9,1.4,64.3,0.0,0.0,0.0,0.1,0.2,50.0,0.0,0.1,0.0,0.1,0.4,25.0,0.1,0.5,16.7
Tony Bradley,SLC,21,5.2,8.0,65.4,0.5,1.2,41.7,0.1,0.2,66.7,0.0,0.0,0.0,0.1,0.5,10.0,0.3,0.7,38.5
Tra-Deon Hollins,FWN,23,1.9,3.6,52.3,0.3,0.9,28.6,0.0,0.3,10.0,0.1,0.3,30.0,0.3,0.6,50.0,0.1,1.1,9.4
Trae Bell-Haynes,WIS,23,1.8,2.6,66.7,0.4,0.6,60.0,0.1,0.1,100,0.0,0.1,0.0,0.1,0.3,50.0,0.0,0.6,0.0
Trahson Burrell,TEX,26,1.3,2.1,58.6,0.1,0.2,60.0,0.0,0.1,33.3,0.1,0.1,66.7,0.5,1.2,40.6,0.8,1.9,41.2
Travin Thibodeaux,FWN,23,2.1,3.4,61.1,0.3,1.0,32.3,0.0,0.2,14.3,0.2,0.4,38.5,0.0,0.1,33.3,0.0,0.1,33.3
Travis Bader,AUS,27,0.3,0.6,50.0,0.1,0.2,25.0,0.6,0.9,62.5,0.6,1.4,47.8,1.1,3.1,34.6,0.9,2.7,32.6
Travis Trice II,AUS,26,1.6,2.6,60.6,0.4,0.9,40.6,0.5,1.0,45.9,1.2,3.0,40.2,1.1,3.1,36.6,1.5,3.8,39.4
Travis Wear,SBL,28,1.0,1.8,58.0,0.2,0.6,36.0,0.6,1.8,36.2,0.6,1.5,38.6,1.2,2.9,41.1,1.9,5.0,37.8
Trayvon Palmer,NAS,24,1.4,2.4,60.2,0.1,0.5,27.8,0.0,0.1,50.0,0.2,0.3,55.6,0.5,1.6,30.4,0.3,1.5,20.8
Tre'Darius McCallum,WCB,24,1.4,1.9,74.1,0.1,0.4,16.7,0.1,0.3,50.0,0.0,0.1,0.0,0.5,2.2,20.7,0.4,0.7,60.0
Tre'Shaun Fletcher,SLC,119,0.1,0.3,33.3,0.0,0.0,0.0,0.3,0.3,100,0.0,0.0,0.0,0.3,0.7,50.0,0.2,0.9,25.0
Treveon Graham,LIN,25,3.0,5.0,60.0,1.0,1.0,100,0.0,0.0,0.0,0.0,0.0,0.0,1.0,2.0,50.0,1.0,3.0,33.3
Trevon Bluiett,SLC,24,1.0,1.7,57.5,0.0,0.3,16.7,0.2,0.6,26.7,0.6,1.5,40.5,0.7,2.1,31.4,1.6,4.0,40.6
Trevon Duval,RGV,20,3.5,6.1,57.4,0.2,0.8,26.7,0.2,0.6,29.2,0.2,0.5,31.6,0.4,1.1,31.8,0.5,2.5,21.6
Trey Davis,MNE,26,0.4,1.0,44.4,0.2,0.8,28.6,0.1,0.3,33.3,0.3,0.8,42.9,0.2,1.2,18.2,0.6,1.6,35.7
Trey Lewis,SLC,26,1.0,2.3,43.8,0.2,0.6,33.3,0.1,0.3,25.0,0.3,0.5,57.1,0.6,2.0,28.6,1.7,4.6,37.5
Troy Brown Jr.,CAP,19,3.5,4.9,70.4,1.1,2.5,44.4,0.2,0.7,25.0,0.4,1.0,36.4,0.5,1.3,42.9,1.1,3.1,35.3
Troy Caupain,LAK,23,2.2,3.6,61.8,1.1,2.3,50.5,0.3,0.6,44.8,0.4,1.0,44.0,0.6,1.5,38.4,1.4,3.6,38.8
Troy Williams,STO,24,3.5,5.6,62.5,1.1,2.3,46.8,0.2,0.9,20.7,0.2,0.7,29.2,0.6,1.6,35.7,1.3,4.1,31.2
Tyler Cavanaugh,SLC,25,2.2,3.9,58.2,0.7,1.7,41.2,0.4,1.0,41.9,0.2,0.5,36.8,1.0,2.0,48.2,1.3,3.6,35.1
Tyler Davis,OKL,22,5.8,9.7,59.6,0.5,1.2,38.9,0.2,0.4,50.0,0.1,0.1,100,0.0,0.1,0.0,0.0,0.0,0.0
Tyler Dorsey,MHU,23,4.6,7.0,65.7,0.4,0.8,50.0,0.4,0.8,50.0,0.6,1.2,50.0,0.6,1.4,42.9,2.2,6.4,34.4
Tyler Harvey,MHU,25,1.7,2.6,64.6,0.5,1.1,46.3,0.5,1.2,43.5,0.3,0.8,41.9,1.3,2.3,53.9,1.7,4.4,38.3
Tyler Lydon,CAP,23,2.3,3.6,62.1,0.1,0.6,20.0,0.1,0.5,25.0,0.4,0.5,75.0,0.1,0.8,16.7,2.0,5.3,38.1
Tyler Nelson,GBO,23,0.8,1.3,64.4,0.0,0.3,11.1,0.1,0.2,37.5,0.2,0.4,46.7,0.8,1.8,47.6,1.0,2.5,38.5
Tyler Roberson,ACC,24,3.3,4.9,68.5,0.3,1.0,26.7,0.0,0.1,0.0,0.2,0.3,75.0,0.0,0.0,0.0,0.0,0.0,0.0
Tyler Ulis,WCB,23,1.5,4.8,31.6,2.0,3.0,66.7,1.0,2.5,40.0,1.5,3.3,46.2,0.3,1.0,25.0,0.8,3.3,23.1
Tyrell Corbin,STO,26,0.1,0.2,33.3,0.1,0.3,20.0,0.1,0.2,33.3,0.2,0.5,42.9,0.3,1.1,26.7,0.3,0.8,30.8
Tyrius Walker,WES,23,0.8,0.8,100,0.0,0.0,0.0,0.0,0.3,0.0,0.3,0.3,100,0.3,0.8,33.3,0.5,1.3,40.0
Uche Ofoegbu,RAP,25,0.8,1.8,45.5,0.2,0.7,25.0,0.1,0.3,33.3,0.0,0.1,0.0,0.0,0.4,0.0,0.0,0.1,0.0
Uchenna Iroegbu,STO,22,0.7,0.7,100,0.0,1.0,0.0,0.0,0.0,0.0,0.0,0.0,0.0,0.0,0.3,0.0,0.7,1.0,66.7
V.J. Beachem,WCB,24,0.6,1.0,56.8,0.1,0.3,36.4,0.0,0.2,25.0,0.0,0.2,12.5,0.8,2.1,37.1,0.7,2.2,30.2
Vander Blue,TEX,26,2.4,4.5,52.5,0.2,0.7,25.9,0.1,0.4,26.7,0.2,0.6,31.8,0.3,1.7,17.9,0.6,1.8,30.6
Vincent Edwards,RGV,23,1.4,2.4,59.5,0.2,0.9,25.9,0.1,0.1,50.0,0.0,0.0,0.0,0.6,2.1,30.3,1.3,3.9,32.0
Vitto Brown,MNE,23,1.0,1.8,59.0,0.2,0.6,28.6,0.2,0.4,47.1,0.1,0.2,44.4,0.7,1.9,35.2,1.4,3.9,37.4
Wade Baldwin IV,RAP,23,4.6,7.6,60.4,0.7,2.2,31.0,1.0,2.5,40.0,1.0,1.9,51.9,0.4,1.1,31.3,1.1,3.1,34.1
Walter Lemon Jr.,WCB,26,6.5,11.3,57.7,0.3,0.8,30.6,0.2,0.6,33.3,0.4,1.2,34.6,0.5,1.2,40.0,0.8,2.6,30.0
Wenyen Gabriel,STO,22,2.5,4.2,59.1,0.5,1.2,41.2,0.0,0.2,12.5,0.1,0.1,50.0,0.2,0.8,24.2,0.7,1.5,45.2
Wes VanBeck,SBL,23,0.0,0.0,0.0,0.0,0.0,0.0,0.0,1.0,0.0,0.0,0.0,0.0,0.0,0.5,0.0,0.0,0.0,0.0
Will Cherry,SCW,28,2.0,3.4,57.6,0.2,0.9,25.6,0.3,0.8,33.3,0.4,1.2,34.5,0.3,1.3,22.6,0.4,1.7,23.1
Will Davis,LIN,26,1.6,2.6,61.5,0.4,0.9,44.4,0.0,0.1,0.0,0.0,0.0,0.0,0.2,0.3,66.7,0.0,0.0,0.0
William Lee,IWA,24,1.1,1.8,61.0,0.1,0.3,40.0,0.2,0.5,37.5,0.2,0.5,42.9,0.3,0.9,26.7,0.4,1.4,28.6
Willie Reed,SLC,29,7.0,9.6,73.3,0.9,2.0,41.9,0.4,0.8,50.0,0.1,0.3,50.0,0.1,0.2,75.0,0.0,0.0,100
Xavier Johnson,TEX,26,2.6,4.0,65.4,0.1,0.7,17.2,0.0,0.1,50.0,0.0,0.1,0.0,0.2,0.7,25.8,0.1,0.5,22.7
Xavier Munford,WIS,27,3.1,5.6,56.4,0.4,1.1,33.3,0.3,0.7,40.0,1.0,2.3,43.8,1.0,1.9,53.8,1.1,3.5,32.7
Xavier Rathan-Mayes,TEX,25,2.4,4.0,58.4,0.3,1.0,30.8,0.4,0.9,40.9,0.7,2.0,35.3,0.7,2.0,36.7,1.0,3.2,32.9
Xavier Silas,IWA,31,0.8,1.8,46.9,0.2,0.6,30.0,0.2,0.5,33.3,0.5,0.8,64.3,0.8,2.6,30.4,1.6,4.2,36.8
Yante Maten,SXF,22,5.6,8.3,68.1,1.2,2.2,53.8,0.3,0.9,29.6,0.0,0.3,12.5,0.3,1.2,24.3,0.9,2.5,35.1
Yuta Watanabe,MHU,24,2.2,3.8,57.6,0.5,1.2,41.5,0.5,1.3,35.7,0.5,1.3,37.2,0.8,1.8,41.7,0.6,2.2,29.6
Zach Lofton,GRD,26,2.7,4.7,57.1,0.6,1.5,40.0,0.3,0.6,50.0,0.2,0.6,26.7,0.5,1.3,34.4,0.8,3.5,23.8
Zach Smith,GBO,23,1.9,2.8,68.0,0.1,0.3,38.5,0.0,0.1,0.0,0.0,0.0,100,0.0,0.2,22.2,0.0,0.0,0.0
Zak Irvin,WES,24,4.3,6.8,64.0,0.3,0.6,47.4,0.4,0.9,42.3,0.2,0.7,35.0,0.1,0.3,25.0,0.0,0.2,16.7
Zhaire Smith,DEL,20,1.8,3.3,55.6,0.2,0.4,50.0,0.1,0.3,33.3,0.3,0.7,37.5,0.5,1.4,33.3,0.3,1.6,16.7
Zhou Qi,RGV,23,3.0,4.1,72.4,0.0,0.1,0.0,0.0,0.1,0.0,0.0,0.0,0.0,0.3,1.4,20.0,1.3,2.9,45.0
