APG,BPG,DRB PG,EFG %,FG %,FG PG,FG2 %,FG2 PG,FG2A PG,FG3 %,FG3 PG,FG3A PG,FGA PG,FT %,FT PG,FTA PG,Fouls PG,GP,GS,MPG,ORB PG,PPG,SPG,TO PG,TRB PG,Teams,age,name,position
0.6,0.2,1.4,.487,.357,1.8,.500,0.5,1.0,.323,1.3,4.1,5.1,.923,0.4,0.4,1.7,31,2,19.0,0.2,5.3,0.5,0.5,1.5,OKC,25,Álex Abrines,SG
0.8,0.4,2.2,.278,.222,0.4,.667,0.2,0.3,.133,0.2,1.5,1.8,.700,0.7,1.0,2.4,10,0,12.3,0.3,1.7,0.1,0.4,2.5,PHO,28,Quincy Acy,PF
1.9,0.1,1.4,.459,.345,1.1,.361,0.4,1.1,.338,0.7,2.2,3.2,.778,0.2,0.3,1.3,34,1,12.6,0.3,3.2,0.4,0.8,1.8,ATL,22,Jaylen Adams,PG
1.6,1.0,4.6,.595,.595,6.0,.596,6.0,10.1,.000,0.0,0.0,10.1,.500,1.8,3.7,2.6,80,80,33.4,4.9,13.9,1.5,1.7,9.5,OKC,25,Steven Adams,C
2.2,0.8,5.3,.579,.576,3.4,.588,3.4,5.7,.200,0.0,0.2,5.9,.735,2.0,2.8,2.5,82,28,23.3,2.0,8.9,0.9,1.5,7.3,MIA,21,Bam Adebayo,C
0.3,0.2,0.8,.389,.306,0.6,.385,0.3,0.7,.261,0.3,1.2,1.9,1.000,0.2,0.2,0.7,19,3,10.2,0.2,1.7,0.1,0.3,1.0,CLE,21,Deng Adel,SF
0.9,0.0,0.4,.300,.300,0.4,.500,0.4,0.9,.000,0.0,0.6,1.4,.500,0.1,0.3,0.6,7,0,3.1,0.1,1.0,0.3,0.3,0.6,DEN,25,DeVaughn Akoon-Purcell,SG
2.4,1.3,6.1,.522,.519,8.4,.528,8.3,15.8,.238,0.1,0.5,16.3,.847,4.3,5.1,2.2,81,81,33.2,3.1,21.3,0.5,1.8,9.2,SAS,33,LaMarcus Aldridge,C
1.3,0.0,1.5,.372,.333,1.3,.370,1.0,2.7,.250,0.3,1.2,3.9,.667,0.8,1.2,0.7,10,1,12.0,1.1,3.7,0.1,0.8,2.6,CHI,21,Rawle Alkins,SG
0.7,0.2,0.5,.466,.376,1.8,.443,0.9,2.1,.323,0.8,2.6,4.7,.750,1.2,1.6,1.2,38,2,10.9,0.1,5.6,0.2,0.9,0.6,UTA,23,Grayson Allen,SG
1.4,1.5,6.0,.595,.590,4.2,.629,4.1,6.5,.133,0.1,0.6,7.1,.709,2.5,3.5,2.3,80,80,26.2,2.4,10.9,0.5,1.3,8.4,BRK,20,Jarrett Allen,C
4.0,0.2,2.3,.521,.461,3.4,.457,2.5,5.5,.472,0.9,1.9,7.4,.778,2.2,2.8,2.4,19,1,21.9,0.4,9.9,0.8,1.4,2.7,NYK,26,Kadeem Allen,SG
1.3,0.4,6.1,.514,.433,3.2,.514,2.0,3.9,.343,1.2,3.5,7.3,.867,1.9,2.1,1.8,81,81,28.3,1.4,9.4,0.8,0.9,7.5,POR,28,Al-Farouq Aminu,PF
0.5,0.3,1.3,.484,.408,1.3,.500,0.8,1.7,.312,0.5,1.6,3.3,.743,0.5,0.7,1.0,48,4,9.6,0.5,3.7,0.5,0.5,1.8,ATL,25,Justin Anderson,SF
3.0,0.9,4.7,.560,.543,3.5,.583,3.3,5.6,.265,0.2,0.8,6.4,.578,0.9,1.5,2.6,43,40,29.8,1.1,8.0,1.3,1.3,5.8,MEM,25,Kyle Anderson,SF
0.8,0.0,1.4,.370,.304,0.8,.414,0.5,1.2,.225,0.4,1.6,2.8,.750,0.5,0.6,1.0,25,8,12.9,0.7,2.5,0.2,0.6,2.2,TOT,30,Ryan Anderson,PF
1.1,0.1,2.1,.375,.317,1.3,.462,0.8,1.7,.206,0.5,2.3,4.0,.786,0.7,0.9,1.5,15,8,18.5,0.9,3.7,0.2,0.8,3.0,PHO,30,Ryan Anderson,PF
0.2,0.0,0.5,.333,.222,0.2,.000,0.0,0.3,.333,0.2,0.6,0.9,.500,0.1,0.2,0.2,10,0,4.4,0.4,0.7,0.1,0.2,0.9,MIA,30,Ryan Anderson,PF
0.3,0.3,0.7,.000,.000,0.0,.000,0.0,1.0,,0.0,0.0,1.0,,0.0,0.0,0.0,3,0,2.0,0.3,0.0,0.0,0.3,1.0,IND,20,Ike Anigbogu,C
5.9,1.5,10.3,.599,.578,10.0,.641,9.3,14.5,.256,0.7,2.8,17.3,.729,6.9,9.5,3.2,72,72,32.8,2.2,27.7,1.3,3.7,12.5,MIL,24,Giannis Antetokounmpo,PF
0.0,0.0,0.5,.000,.000,0.0,.000,0.0,1.5,,0.0,0.0,1.5,.500,1.0,2.0,0.0,2,0,5.5,0.0,1.0,1.0,0.5,0.5,DAL,21,Kostas Antetokounmpo,PF
0.5,0.7,4.5,.492,.405,4.9,.491,2.8,5.7,.328,2.1,6.4,12.1,.682,1.5,2.2,3.2,10,2,29.4,0.9,13.4,0.4,0.8,5.4,HOU,34,Carmelo Anthony,PF
,,,,,,,,,,,,,,,,,,,,,,,,,,,,
0.7,0.3,2.1,.536,.453,2.7,.574,1.7,3.0,.332,1.0,3.0,6.0,.581,0.5,0.9,2.1,67,6,20.2,0.9,7.0,0.7,0.8,2.9,TOR,21,OG Anunoby,SF
3.3,0.0,2.4,.544,.447,2.3,.527,1.3,2.5,.373,1.0,2.7,5.2,.873,1.1,1.3,2.1,81,32,24.2,0.3,6.7,0.8,0.8,2.7,CHI,24,Ryan Arcidiacono,PG
3.7,0.3,4.7,.498,.399,4.3,.493,2.2,4.4,.334,2.1,6.3,10.7,.793,1.9,2.4,1.9,69,69,34.0,0.7,12.5,1.3,1.5,5.4,TOT,33,Trevor Ariza,SF
3.3,0.3,5.0,.489,.379,3.3,.409,1.4,3.4,.360,1.9,5.3,8.7,.837,1.4,1.7,1.7,26,26,34.0,0.6,9.9,1.5,1.5,5.6,PHO,33,Trevor Ariza,SF
3.8,0.3,4.5,.502,.409,4.8,.528,2.6,5.0,.322,2.2,6.9,11.8,.777,2.2,2.8,2.0,43,43,34.1,0.8,14.1,1.2,1.6,5.3,WAS,33,Trevor Ariza,SF
5.3,0.0,2.0,.566,.470,3.9,.511,2.3,4.5,.421,1.6,3.8,8.4,.866,2.2,2.6,1.4,81,81,28.0,0.5,11.7,0.6,1.6,2.5,ORL,31,D.J. Augustin,PG
1.8,0.9,7.1,.585,.585,7.2,.588,7.2,12.2,.000,0.0,0.1,12.3,.746,2.0,2.7,2.9,71,70,30.7,3.1,16.3,0.9,1.8,10.3,PHO,20,Deandre Ayton,C
1.1,0.1,1.9,.549,.475,2.8,.494,2.0,4.0,.437,0.9,2.0,6.0,.739,0.8,1.1,1.7,43,13,17.7,0.2,7.3,0.3,0.4,2.1,CHO,23,Dwayne Bacon,SG
1.0,1.0,5.0,.525,.504,5.7,.534,5.3,9.8,.313,0.5,1.5,11.4,.691,2.9,4.2,1.9,62,4,25.3,2.6,14.9,0.5,1.6,7.6,SAC,19,Marvin Bagley,PF
1.0,0.1,0.7,.225,.200,0.3,.429,0.2,0.5,.077,0.1,0.9,1.3,.833,0.3,0.4,1.2,15,0,10.1,0.1,0.9,0.4,0.3,0.7,TOT,25,Ron Baker,SG
1.2,0.0,0.5,.281,.250,0.4,.429,0.3,0.6,.111,0.1,0.8,1.5,.833,0.5,0.5,1.5,11,0,9.7,0.1,1.3,0.5,0.3,0.6,NYK,25,Ron Baker,SG
0.5,0.3,1.0,.000,.000,0.0,,0.0,0.0,.000,0.0,1.0,1.0,,0.0,0.0,0.5,4,0,11.3,0.0,0.0,0.3,0.5,1.0,WAS,25,Ron Baker,SG
0.8,0.1,0.8,.333,.303,0.6,.333,0.5,1.5,.222,0.1,0.6,2.1,.727,0.5,0.7,0.7,16,0,5.9,0.1,1.9,0.1,0.9,0.9,POR,22,Wade Baldwin,PG
5.4,0.4,4.2,.488,.406,3.9,.482,2.3,4.9,.329,1.6,4.9,9.7,.417,0.4,1.0,2.4,47,45,30.3,1.1,9.9,1.5,2.2,5.3,LAL,21,Lonzo Ball,PG
0.8,1.4,3.6,.525,.481,2.5,.555,2.0,3.7,.300,0.4,1.5,5.2,.587,0.8,1.3,2.2,47,1,16.3,1.4,6.2,0.3,0.9,5.0,ORL,20,Mohamed Bamba,C
5.6,0.0,2.2,.468,.418,4.2,.479,3.2,6.8,.297,1.0,3.4,10.1,.705,1.4,2.1,1.3,38,0,19.8,0.3,10.9,0.6,1.9,2.5,DAL,34,J.J. Barea,PG
1.5,0.2,3.9,.504,.420,5.6,.439,3.3,7.6,.395,2.3,5.7,13.3,.824,3.0,3.6,1.6,77,77,32.9,0.7,16.4,0.6,1.3,4.7,TOT,26,Harrison Barnes,PF-SF
1.3,0.2,3.5,.489,.404,5.9,.416,3.4,8.3,.389,2.5,6.3,14.6,.833,3.4,4.0,1.6,49,49,32.3,0.7,17.7,0.7,1.4,4.2,DAL,26,Harrison Barnes,PF
1.9,0.1,4.8,.540,.455,5.0,.489,3.1,6.4,.408,1.9,4.6,11.1,.800,2.3,2.9,1.5,28,28,33.9,0.8,14.3,0.6,1.1,5.5,SAC,26,Harrison Barnes,SF
2.9,0.5,3.9,.475,.402,4.3,.447,2.7,6.1,.342,1.6,4.6,10.7,.770,1.3,1.7,1.9,43,38,27.7,0.7,11.5,0.4,1.5,4.6,DEN,28,Will Barton,SG
0.6,0.5,2.2,.468,.423,2.0,.522,1.6,3.0,.250,0.4,1.7,4.7,.643,0.6,0.9,1.0,30,3,16.8,0.5,5.0,0.6,0.5,2.8,MIN,23,Keita Bates-Diop,SF
3.3,0.6,4.3,.553,.450,3.4,.519,1.8,3.5,.389,1.5,4.0,7.5,.865,1.0,1.2,1.9,75,72,31.4,0.9,9.3,0.9,1.6,5.2,CHO,30,Nicolas Batum,SF
3.5,0.1,1.5,.420,.357,2.4,.402,1.6,3.9,.296,0.9,2.9,6.8,.571,0.5,0.8,1.6,34,6,19.3,0.3,6.1,0.5,0.9,1.8,MIN,30,Jerryd Bayless,PG
1.1,0.7,3.0,.518,.471,2.1,.519,1.6,3.2,.344,0.4,1.2,4.4,.855,1.0,1.2,2.5,51,18,16.1,1.7,5.6,0.2,0.8,4.7,BOS,32,Aron Baynes,C
2.3,0.6,3.3,.472,.402,4.1,.465,2.7,5.8,.320,1.4,4.5,10.3,.726,1.9,2.6,2.5,67,35,24.5,0.6,11.6,1.3,1.8,3.9,ATL,29,Kent Bazemore,SG
5.5,0.7,3.9,.540,.475,9.3,.548,6.8,12.4,.351,2.5,7.3,19.6,.808,4.4,5.5,2.8,82,82,36.9,1.1,25.6,1.5,2.7,5.0,WAS,25,Bradley Beal,SG
,,,,,,,,,,,,,,,,,,,,,,,,,,,,
1.2,0.1,2.0,.584,.474,4.3,.560,2.3,4.1,.402,2.0,5.0,9.1,.848,0.7,0.8,1.4,81,18,23.2,0.4,11.3,0.7,0.7,2.5,DEN,22,Malik Beasley,SG
1.0,0.4,1.8,.500,.490,2.9,.529,2.8,5.2,.176,0.1,0.7,5.9,.718,1.1,1.5,1.6,26,2,10.7,0.5,7.0,0.3,1.0,2.3,LAL,30,Michael Beasley,PF
1.7,0.1,2.3,.520,.413,3.6,.468,1.7,3.7,.372,1.9,5.0,8.7,.903,1.4,1.6,1.5,79,1,23.0,0.2,10.5,0.4,0.9,2.5,SAS,32,Marco Belinelli,SG
1.1,0.8,1.9,.516,.516,1.5,.521,1.5,2.8,.000,0.0,0.0,2.8,.610,0.4,0.6,1.2,68,3,11.6,0.8,3.3,0.3,0.6,2.7,GSW,24,Jordan Bell,C
2.5,0.5,3.7,.487,.446,3.4,.508,2.7,5.4,.289,0.6,2.1,7.5,.640,1.1,1.7,2.3,82,15,23.5,0.7,8.4,1.3,1.7,4.4,ATL,24,DeAndre' Bembry,SG
1.2,0.5,3.2,.503,.447,1.9,.688,1.4,2.1,.218,0.5,2.2,4.3,.593,0.7,1.2,2.0,46,27,18.0,0.7,5.0,0.4,0.8,4.0,PHO,21,Dragan Bender,PF
0.8,0.0,0.6,.362,.255,1.0,.154,0.2,1.1,.294,0.8,2.8,3.9,,0.0,0.0,0.6,12,0,13.9,0.2,2.8,0.1,0.2,0.8,NOP,29,Dairis Bertāns,SG
1.3,0.4,3.2,.610,.450,2.7,.513,0.8,1.5,.429,1.9,4.4,6.0,.883,0.7,0.8,1.8,76,12,21.5,0.3,8.0,0.5,0.6,3.5,SAS,26,Dāvis Bertāns,PF
3.8,0.6,4.0,.524,.407,2.5,.421,1.1,2.5,.397,1.4,3.6,6.1,.780,1.2,1.6,3.4,78,49,27.4,1.0,7.6,0.9,1.1,5.0,LAC,30,Patrick Beverley,PG
0.8,0.6,2.2,.603,.603,1.8,.607,1.8,3.0,.000,0.0,0.0,3.0,.699,1.2,1.7,1.4,50,1,12.9,1.6,4.8,0.4,0.4,3.8,ORL,26,Khem Birch,C
0.6,0.8,3.1,.571,.571,1.6,.571,1.6,2.9,,0.0,0.0,2.9,.637,1.1,1.7,1.9,54,32,14.5,1.5,4.4,0.2,0.6,4.6,CHO,26,Bismack Biyombo,C
1.9,0.7,4.1,.566,.479,3.7,.539,2.4,4.4,.401,1.3,3.3,7.7,.761,0.9,1.2,2.6,77,70,23.2,1.6,9.6,0.7,1.1,5.8,SAC,30,Nemanja Bjelica,PF
0.7,0.2,1.7,.465,.419,2.9,.426,2.3,5.4,.396,0.6,1.6,6.9,.658,0.9,1.3,0.7,57,3,14.5,0.1,7.3,0.2,0.6,1.9,CHI,22,Antonio Blakeney,SG
5.5,0.4,3.6,.548,.484,6.0,.582,4.4,7.6,.329,1.6,4.8,12.4,.750,2.3,3.0,2.0,78,78,29.1,1.1,15.9,1.5,2.1,4.6,MIL,29,Eric Bledsoe,PG
0.5,0.3,2.7,.491,.443,1.7,.552,1.4,2.5,.256,0.4,1.4,3.9,.769,0.4,0.5,0.7,27,4,16.3,1.0,4.2,0.3,0.4,3.6,CLE,25,Jaron Blossomgame,SF
3.8,0.2,2.9,.496,.418,5.2,.462,3.2,7.0,.360,1.9,5.3,12.3,.827,1.9,2.3,2.0,70,17,27.8,0.6,14.1,1.0,1.7,3.5,SAC,26,Bogdan Bogdanović,SG
2.0,0.0,3.7,.575,.497,6.4,.538,4.4,8.2,.425,2.0,4.8,13.0,.807,3.0,3.8,1.7,81,81,31.8,0.4,18.0,0.9,1.7,4.1,IND,29,Bojan Bogdanović,SF
1.0,0.7,3.9,.500,.500,1.6,.500,1.6,3.3,,0.0,0.0,3.3,1.000,0.3,0.3,2.0,11,5,12.2,1.1,3.5,0.3,0.7,5.0,GSW,34,Andrew Bogut,C
0.9,0.9,2.7,.599,.494,1.8,.697,1.0,1.5,.354,0.8,2.2,3.7,.481,0.3,0.6,2.3,44,10,14.5,1.1,4.7,0.4,0.8,3.8,PHI,23,Jonah Bolden,PF
0.7,0.2,0.7,.152,.152,0.2,.200,0.2,1.1,.000,0.0,0.4,1.5,.600,0.4,0.7,0.4,22,0,5.5,0.4,0.9,0.4,0.3,1.1,LAL,19,Isaac Bonga,PG
,,,,,,,,,,,,,,,,,,,,,,,,,,,,
6.8,0.2,3.5,.521,.467,9.2,.536,7.0,13.1,.326,2.1,6.5,19.6,.866,6.1,7.1,3.1,64,64,35.0,0.6,26.6,0.9,4.1,4.1,PHO,22,Devin Booker,SG
0.1,0.9,1.4,.526,.447,1.2,.564,0.8,1.4,.324,0.4,1.3,2.7,.867,0.5,0.5,1.1,28,0,5.8,0.6,3.3,0.2,0.3,2.0,TOR,26,Chris Boucher,PF
2.4,0.3,2.1,.479,.408,3.9,.446,2.6,5.8,.351,1.4,3.9,9.7,.860,0.7,0.8,2.7,63,63,30.2,0.7,9.9,0.7,1.4,2.8,TOT,28,Avery Bradley,SG
2.0,0.3,2.0,.452,.383,3.3,.415,2.1,5.1,.337,1.2,3.5,8.6,.800,0.4,0.5,2.7,49,49,29.9,0.7,8.2,0.6,1.2,2.7,LAC,28,Avery Bradley,SG
4.0,0.0,2.6,.537,.463,6.2,.513,4.2,8.2,.384,2.0,5.2,13.4,.920,1.6,1.8,2.4,14,14,31.6,0.6,16.1,1.0,2.0,3.1,MEM,28,Avery Bradley,SG
0.3,0.7,2.0,.500,.500,2.7,.500,2.7,5.3,,0.0,0.0,5.3,.500,0.3,0.7,2.0,3,0,12.0,3.0,5.7,0.7,1.0,5.0,UTA,21,Tony Bradley,C
1.3,0.2,1.6,.488,.431,1.7,.494,1.3,2.5,.318,0.5,1.4,4.0,.721,1.0,1.4,2.0,31,3,15.9,0.8,4.9,1.0,0.6,2.5,TOT,32,Corey Brewer,SF
1.4,0.3,1.9,.449,.408,2.9,.457,2.3,5.0,.286,0.6,2.0,7.0,.692,1.3,1.9,2.3,7,3,20.0,0.6,7.6,1.7,1.1,2.4,PHI,32,Corey Brewer,SF
1.2,0.2,1.5,.514,.446,1.4,.523,1.0,1.8,.333,0.4,1.3,3.1,.733,0.9,1.3,2.0,24,0,14.7,0.9,4.1,0.8,0.5,2.5,SAC,32,Corey Brewer,SF
2.1,0.5,2.5,.523,.430,3.0,.548,1.7,3.0,.335,1.3,3.8,6.9,.805,1.2,1.4,2.5,82,56,29.5,0.7,8.3,1.6,0.9,3.2,PHO,22,Mikal Bridges,SF
1.2,0.6,3.2,.527,.464,3.0,.553,2.2,3.9,.325,0.8,2.5,6.4,.753,0.7,1.0,1.4,80,25,21.2,0.8,7.5,0.7,0.6,4.0,CHO,20,Miles Bridges,SF
2.2,0.1,1.8,.438,.399,1.4,.423,1.1,2.7,.324,0.3,0.9,3.5,.577,0.4,0.7,1.7,39,0,14.3,0.1,3.5,0.3,0.8,1.9,ORL,22,Isaiah Briscoe,PG
0.5,0.1,1.3,.603,.452,1.4,.576,0.5,0.8,.409,0.9,2.2,3.0,.789,0.4,0.5,0.8,42,0,10.8,0.2,4.0,0.1,0.4,1.5,DAL,28,Ryan Broekhoff,SG
3.2,0.2,3.5,.575,.505,5.9,.544,4.3,7.9,.426,1.6,3.8,11.7,.928,2.2,2.4,1.6,64,64,28.6,1.0,15.6,0.7,1.4,4.5,MIL,26,Malcolm Brogdon,SG
0.9,0.2,1.2,.463,.402,2.7,.415,1.9,4.6,.375,0.8,2.2,6.8,.733,1.2,1.7,2.8,18,0,18.3,0.5,7.5,0.6,1.1,1.7,MEM,23,Dillon Brooks,SF
0.9,0.1,1.1,.494,.450,2.6,.530,2.1,4.0,.278,0.5,1.9,5.8,.697,0.8,1.1,1.1,29,0,13.3,0.4,6.6,0.3,0.7,1.6,MEM,30,MarShon Brooks,SG
1.2,0.5,1.9,.436,.398,1.7,.457,1.4,3.0,.258,0.3,1.3,4.2,.750,0.6,0.8,2.4,74,56,19.6,0.6,4.3,0.5,0.6,2.5,DET,22,Bruce Brown,SG
1.4,0.4,3.4,.525,.465,5.0,.529,3.7,7.0,.344,1.3,3.7,10.7,.658,1.8,2.7,2.5,74,25,25.9,0.9,13.0,0.9,1.3,4.2,BOS,22,Jaylen Brown,SG
1.1,0.2,1.0,.366,.324,0.9,.395,0.7,1.7,.214,0.2,1.1,2.7,1.000,0.1,0.1,0.8,26,0,8.2,0.2,2.1,0.5,0.6,1.2,TOR,28,Lorenzo Brown,PG
1.4,0.1,2.7,.550,.465,2.5,.558,1.6,2.8,.361,0.9,2.5,5.4,.690,0.5,0.7,1.5,58,7,17.8,0.5,6.4,0.4,0.8,3.2,MIL,23,Sterling Brown,SG
1.5,0.1,2.1,.462,.415,1.9,.455,1.4,3.2,.319,0.4,1.3,4.5,.681,0.6,0.9,1.1,52,10,14.0,0.7,4.8,0.4,0.6,2.8,WAS,19,Troy Brown,SF
3.2,0.1,2.0,.523,.467,3.6,.523,2.8,5.3,.348,0.9,2.5,7.7,.725,1.2,1.6,1.7,73,38,21.8,0.3,9.3,0.5,1.2,2.3,DAL,22,Jalen Brunson,PG
1.3,0.9,4.7,.648,.616,4.3,.685,3.8,5.6,.333,0.5,1.4,7.0,.781,1.5,1.9,1.8,72,53,20.8,1.6,10.5,0.3,0.8,6.3,WAS,21,Thomas Bryant,C
2.0,0.2,2.4,.537,.412,3.9,.483,1.5,3.2,.377,2.3,6.2,9.4,.859,1.2,1.3,1.7,63,60,29.8,0.3,11.3,0.6,1.0,2.7,TOT,27,Reggie Bullock,SG
2.5,0.1,2.3,.542,.413,4.1,.463,1.5,3.3,.388,2.6,6.7,10.0,.875,1.3,1.5,1.8,44,44,30.8,0.5,12.1,0.5,1.2,2.8,DET,27,Reggie Bullock,SG
1.1,0.4,2.5,.523,.412,3.3,.537,1.5,2.8,.343,1.8,5.2,8.1,.810,0.9,1.1,1.6,19,16,27.6,0.1,9.3,0.8,0.6,2.6,LAL,27,Reggie Bullock,SG
,,,,,,,,,,,,,,,,,,,,,,,,,,,,
2.7,0.1,1.2,.482,.431,4.1,.463,3.1,6.7,.352,1.0,2.7,9.4,.831,1.8,2.1,1.0,58,8,19.4,0.5,10.9,0.6,0.8,1.7,TOT,26,Trey Burke,PG
2.8,0.2,1.4,.455,.413,4.5,.434,3.6,8.2,.349,0.9,2.6,10.8,.827,1.9,2.3,1.0,33,7,20.9,0.5,11.8,0.6,0.9,1.9,NYK,26,Trey Burke,PG
2.6,0.1,1.0,.532,.463,3.5,.530,2.5,4.7,.356,1.0,2.9,7.6,.837,1.6,2.0,1.0,25,1,17.4,0.5,9.7,0.5,0.8,1.5,DAL,26,Trey Burke,PG
2.0,0.3,3.2,.469,.405,3.0,.428,2.0,4.8,.363,1.0,2.6,7.4,.823,1.8,2.2,1.4,64,24,21.5,0.5,8.8,0.6,1.0,3.7,TOT,27,Alec Burks,SG
1.2,0.2,1.5,.482,.412,2.8,.437,1.8,4.2,.372,0.9,2.5,6.7,.868,1.9,2.2,1.3,17,0,15.8,0.1,8.4,0.4,0.9,1.6,UTA,27,Alec Burks,SG
2.9,0.5,4.7,.466,.400,4.0,.412,2.7,6.5,.378,1.3,3.5,10.0,.806,2.3,2.9,1.8,34,24,28.8,0.8,11.6,0.7,1.4,5.5,CLE,27,Alec Burks,SG
0.8,0.1,1.5,.450,.450,0.7,.643,0.7,1.1,.000,0.0,0.5,1.5,.800,0.3,0.4,0.5,13,0,9.8,0.2,1.7,0.6,0.3,1.7,SAC,27,Alec Burks,SG
0.3,0.3,0.8,.451,.402,1.0,.455,0.8,1.7,.296,0.3,0.8,2.6,.667,0.3,0.4,1.0,32,0,7.5,0.1,2.6,0.2,0.3,0.9,OKC,25,Deonte Burton,SG
4.0,0.6,3.4,.499,.462,6.4,.494,5.4,10.9,.347,1.0,3.0,13.9,.855,4.8,5.6,1.7,65,65,33.6,1.9,18.7,1.9,1.5,5.3,TOT,29,Jimmy Butler,SF-SG
4.3,1.0,3.6,.525,.471,7.4,.509,5.7,11.2,.378,1.7,4.5,15.7,.787,4.8,6.1,1.8,10,10,36.1,1.6,21.3,2.4,1.4,5.2,MIN,29,Jimmy Butler,SG
4.0,0.5,3.4,.494,.461,6.3,.491,5.3,10.9,.338,0.9,2.7,13.6,.868,4.8,5.5,1.7,55,55,33.2,1.9,18.2,1.8,1.5,5.3,PHI,29,Jimmy Butler,SF
1.5,1.0,3.4,.533,.427,2.8,.505,1.4,2.8,.369,1.4,3.8,6.6,.840,1.2,1.5,2.4,34,19,23.5,1.2,8.3,0.4,1.1,4.6,MEM,23,Bruno Caboclo,SF
2.3,0.1,1.0,.433,.375,0.9,.492,0.6,1.3,.246,0.3,1.2,2.4,.818,0.2,0.2,1.3,49,0,12.9,0.2,2.3,0.3,0.7,1.2,DET,37,José Calderón,PG
1.3,0.2,2.3,.530,.430,4.0,.542,2.1,3.9,.347,1.8,5.3,9.2,.867,1.7,1.9,1.7,82,23,24.8,0.6,11.4,0.9,0.8,2.9,LAL,25,Kentavious Caldwell-Pope,SG
2.8,0.1,1.7,.494,.390,2.1,.441,1.0,2.3,.354,1.1,3.2,5.5,.792,0.6,0.8,1.7,30,16,21.0,0.2,6.0,0.5,1.2,1.9,TOT,27,Isaiah Canaan,PG
3.3,0.0,2.3,.492,.395,2.7,.456,1.4,3.0,.347,1.3,3.8,6.8,.750,0.8,1.1,2.4,19,15,26.5,0.3,7.5,0.6,1.5,2.6,PHO,27,Isaiah Canaan,PG
2.7,0.1,0.7,.500,.379,1.6,.400,0.6,1.4,.368,1.0,2.7,4.1,1.000,0.6,0.6,0.6,7,1,13.6,0.0,4.7,0.3,0.6,0.7,MIN,27,Isaiah Canaan,PG
0.8,0.3,0.8,.500,.333,0.5,.000,0.0,0.3,.400,0.5,1.3,1.5,,0.0,0.0,0.5,4,0,7.8,0.3,1.5,0.0,0.5,1.0,MIL,27,Isaiah Canaan,PG
1.4,1.5,8.2,.648,.648,7.1,.648,7.1,10.9,,0.0,0.0,10.9,.636,2.5,3.9,2.5,67,67,33.6,4.4,16.6,0.7,1.4,12.7,HOU,24,Clint Capela,C
1.3,0.1,4.2,.487,.395,3.4,.457,1.8,4.0,.342,1.6,4.6,8.6,.760,2.7,3.6,1.7,67,8,25.4,1.0,11.1,0.5,1.1,5.2,BRK,32,DeMarre Carroll,PF
1.8,0.3,1.3,.395,.303,1.4,.265,0.6,2.1,.333,0.9,2.6,4.7,.813,0.7,0.8,1.4,39,3,14.8,0.4,4.4,0.7,0.8,1.7,MEM,23,Jevon Carter,PG
1.1,0.4,2.1,.550,.419,2.6,.480,1.0,2.0,.389,1.6,4.2,6.2,.712,0.6,0.9,1.9,76,9,17.5,0.4,7.4,0.6,0.6,2.6,ATL,42,Vince Carter,SF
1.8,1.3,5.0,.493,.485,4.1,.513,4.0,7.7,.188,0.1,0.7,8.4,.795,2.0,2.5,3.5,44,44,25.2,2.0,10.3,0.6,1.5,7.0,CHI,19,Wendell Carter,C
2.5,0.5,1.8,.415,.374,1.6,.424,1.3,3.0,.263,0.4,1.4,4.4,.604,1.1,1.9,1.7,28,1,13.3,0.7,4.8,0.7,0.7,2.5,TOT,27,Michael Carter-Williams,PG
1.3,0.4,0.6,.467,.410,1.6,.429,1.1,2.6,.368,0.4,1.2,3.8,.462,0.8,1.6,1.7,16,1,9.1,0.2,4.3,0.6,0.6,0.8,HOU,27,Michael Carter-Williams,PG
4.1,0.8,3.4,.363,.339,1.8,.419,1.5,3.6,.158,0.3,1.6,5.2,.741,1.7,2.3,1.8,12,0,18.9,1.3,5.4,0.9,0.8,4.8,ORL,27,Michael Carter-Williams,PG
3.1,0.4,1.9,.514,.445,3.1,.431,2.1,4.9,.480,1.0,2.0,6.9,.797,2.0,2.6,2.2,25,4,21.2,0.8,9.2,1.0,1.7,2.7,LAL,24,Alex Caruso,PG
0.7,0.3,2.7,.581,.534,2.4,.602,2.0,3.3,.349,0.4,1.2,4.5,.672,1.1,1.6,1.0,36,0,14.4,0.5,6.3,0.6,0.6,3.2,MEM,30,Omri Casspi,SF
2.4,0.6,6.1,.557,.556,5.1,.556,5.1,9.1,.500,0.0,0.0,9.1,.551,1.7,3.1,2.8,81,81,27.3,2.2,11.9,1.2,1.0,8.4,SAC,25,Willie Cauley-Stein,C
1.0,0.0,0.5,.625,.500,1.0,.400,0.5,1.3,.667,0.5,0.8,2.0,,0.0,0.0,0.0,4,0,4.0,0.3,2.5,0.3,0.0,0.8,ORL,23,Troy Caupain,PG
0.1,0.0,0.5,.350,.300,0.3,.400,0.2,0.5,.200,0.1,0.5,0.9,1.000,0.2,0.2,0.3,11,0,3.5,0.3,0.8,0.0,0.1,0.7,UTA,24,Tyler Cavanaugh,PF
0.7,0.4,3.9,.616,.616,1.1,.622,1.1,1.8,.000,0.0,0.0,1.8,.586,0.9,1.6,2.0,55,6,15.9,1.7,3.1,0.4,0.8,5.6,TOT,36,Tyson Chandler,C
0.9,0.1,4.6,.667,.667,1.1,.667,1.1,1.7,,0.0,0.0,1.7,.556,1.4,2.6,3.0,7,0,12.7,1.0,3.7,0.3,1.0,5.6,PHO,36,Tyson Chandler,C
0.6,0.5,3.8,.609,.609,1.1,.616,1.1,1.8,.000,0.0,0.0,1.8,.594,0.9,1.4,1.9,48,6,16.4,1.8,3.1,0.4,0.7,5.6,LAL,36,Tyson Chandler,C
,,,,,,,,,,,,,,,,,,,,,,,,,,,,
1.6,0.4,3.3,.526,.418,2.2,.478,1.1,2.3,.373,1.2,3.1,5.4,.720,0.4,0.5,2.4,51,33,23.1,0.9,6.0,0.5,0.9,4.2,TOT,31,Wilson Chandler,PF-SF
2.0,0.5,3.4,.551,.440,2.5,.506,1.3,2.5,.390,1.3,3.3,5.8,.722,0.4,0.5,2.6,36,32,26.4,1.2,6.7,0.6,1.1,4.7,PHI,31,Wilson Chandler,PF
0.7,0.2,2.9,.447,.348,1.5,.385,0.7,1.7,.325,0.9,2.7,4.4,.714,0.3,0.5,1.9,15,1,15.1,0.3,4.3,0.2,0.5,3.1,LAC,31,Wilson Chandler,SF
1.0,0.0,0.0,.333,.333,1.0,.333,1.0,3.0,,0.0,0.0,3.0,,0.0,0.0,1.0,1,0,8.0,0.0,2.0,0.0,0.0,0.0,CHO,23,Joe Chealey,PG
0.6,0.1,0.4,.375,.250,0.3,.000,0.0,0.4,.400,0.3,0.7,1.1,,0.0,0.0,0.3,7,0,4.7,0.1,0.9,0.1,0.1,0.6,HOU,23,Chris Chiozza,PG
0.5,0.3,2.4,.417,.372,1.6,.472,1.2,2.5,.222,0.4,1.7,4.2,.711,0.7,1.0,1.9,43,2,11.6,0.9,4.2,0.4,0.8,3.3,TOT,21,Marquese Chriss,PF
0.4,0.3,1.3,.338,.324,0.7,.526,0.6,1.2,.067,0.1,0.9,2.1,.857,0.4,0.4,1.1,16,0,6.5,0.4,1.8,0.1,0.8,1.8,HOU,21,Marquese Chriss,PF
0.6,0.3,3.0,.435,.384,2.1,.461,1.5,3.3,.263,0.6,2.1,5.4,.684,1.0,1.4,2.4,27,2,14.6,1.2,5.7,0.6,0.9,4.2,CLE,21,Marquese Chriss,PF
0.4,0.5,1.8,.467,.331,1.0,.692,0.2,0.3,.297,0.8,2.7,3.0,1.000,0.1,0.1,0.9,51,2,12.6,0.5,2.9,0.4,0.1,2.3,HOU,24,Gary Clark,PF
1.6,0.1,1.3,.480,.394,2.5,.470,1.4,3.0,.327,1.1,3.4,6.4,.892,0.6,0.6,1.6,60,6,16.2,0.2,6.7,0.4,1.0,1.5,NOP,27,Ian Clark,SG
2.4,0.2,2.3,.509,.448,6.5,.524,4.8,9.1,.324,1.8,5.5,14.6,.844,2.0,2.4,1.4,81,0,27.3,1.0,16.8,0.7,1.7,3.3,CLE,26,Jordan Clarkson,SG
2.0,0.6,6.2,.593,.560,7.6,.609,6.7,11.0,.348,0.9,2.6,13.6,.763,3.3,4.4,3.3,61,59,30.0,3.6,19.5,0.4,2.0,9.8,ATL,21,John Collins,PF
0.9,0.9,2.8,.523,.473,2.5,.534,1.9,3.6,.331,0.5,1.6,5.2,.746,1.2,1.6,2.3,77,0,17.6,1.4,6.6,0.3,1.0,4.2,POR,21,Zach Collins,C
6.0,0.1,2.6,.527,.467,4.1,.492,3.0,6.1,.407,1.0,2.6,8.7,.832,2.1,2.5,1.8,76,76,28.2,0.5,11.2,1.4,1.6,3.1,IND,31,Darren Collison,PG
0.4,0.1,2.8,.397,.333,1.6,.444,1.0,2.3,.238,0.6,2.6,4.9,.889,1.0,1.1,0.4,8,2,12.3,1.0,4.9,0.6,0.4,3.8,MIL,23,Bonzie Colson,SF
6.4,0.3,2.8,.507,.438,7.0,.483,4.8,9.9,.364,2.2,6.1,16.0,.845,4.9,5.8,1.8,70,70,33.5,0.6,21.1,1.3,1.9,3.4,MEM,31,Mike Conley,PG
2.0,0.4,3.2,.560,.466,2.7,.647,1.6,2.5,.330,1.1,3.3,5.7,.725,0.5,0.7,1.3,61,2,20.7,1.0,6.9,0.5,0.5,4.2,MIL,26,Pat Connaughton,SG
1.6,0.0,1.8,.557,.465,2.8,.515,1.7,3.2,.405,1.1,2.7,5.9,.769,0.3,0.4,1.2,74,10,14.3,0.3,6.9,0.3,0.7,2.1,GSW,25,Quinn Cook,PG
3.6,1.5,6.8,.515,.480,5.9,.551,5.1,9.2,.274,0.9,3.2,12.4,.736,3.5,4.8,3.6,30,30,25.7,1.4,16.3,1.3,2.4,8.2,GSW,28,DeMarcus Cousins,C
1.3,1.3,4.7,.548,.431,4.5,.518,2.0,3.9,.378,2.4,6.4,10.3,.764,1.9,2.5,3.6,35,35,34.4,0.8,13.3,2.1,1.3,5.5,TOT,28,Robert Covington,SF
1.1,1.8,4.6,.556,.427,3.8,.500,1.5,3.1,.390,2.3,5.9,9.0,.739,1.3,1.8,3.5,13,13,33.8,0.5,11.3,1.8,1.7,5.2,PHI,28,Robert Covington,SF
1.5,1.1,4.8,.545,.433,4.8,.526,2.3,4.4,.372,2.5,6.7,11.1,.773,2.3,3.0,3.7,22,22,34.7,1.0,14.5,2.3,1.1,5.7,MIN,28,Robert Covington,SF
1.1,0.3,3.1,.499,.367,3.2,.342,0.9,2.7,.378,2.3,6.0,8.7,.732,1.0,1.3,2.4,43,20,26.3,0.4,9.6,0.5,1.1,3.4,BRK,26,Allen Crabbe,SG
1.0,0.6,2.3,.526,.442,2.1,.569,1.3,2.3,.324,0.8,2.5,4.8,.700,0.7,0.9,2.3,75,37,20.0,1.2,5.7,0.5,0.6,3.5,DEN,28,Torrey Craig,SF
3.6,0.2,1.2,.474,.397,2.7,.453,1.7,3.7,.332,1.0,3.2,6.8,.845,1.5,1.7,1.2,64,0,18.9,0.1,7.9,0.5,1.5,1.3,PHO,38,Jamal Crawford,SG
1.2,0.0,1.2,.500,.500,1.6,.571,1.6,2.8,.000,0.0,0.4,3.2,.714,1.0,1.4,0.6,5,0,9.6,1.2,4.2,0.4,0.2,2.4,TOT,26,Mitch Creek,SF
1.3,0.0,1.3,.500,.500,1.3,.556,1.3,2.3,.000,0.0,0.3,2.5,.714,1.3,1.8,0.8,4,0,9.0,1.3,3.8,0.3,0.0,2.5,BRK,26,Mitch Creek,SF
1.0,0.0,1.0,.500,.500,3.0,.600,3.0,5.0,.000,0.0,1.0,6.0,,0.0,0.0,0.0,1,0,12.0,1.0,6.0,1.0,1.0,2.0,MIN,26,Mitch Creek,SF
,,,,,,,,,,,,,,,,,,,,,,,,,,,,
1.7,0.4,4.1,.508,.399,4.0,.527,1.8,3.4,.331,2.2,6.5,10.0,.721,1.8,2.5,2.1,80,11,27.1,0.8,11.9,0.8,1.1,4.8,UTA,28,Jae Crowder,SF
0.8,0.2,2.2,.570,.475,1.2,.484,0.7,1.5,.462,0.5,1.0,2.5,.778,0.2,0.3,1.1,64,21,14.5,0.8,3.0,0.4,0.3,2.9,SAS,31,Dante Cunningham,PF
0.9,0.2,1.3,.577,.456,2.9,.463,1.3,2.9,.450,1.5,3.4,6.3,.846,0.6,0.7,1.3,74,2,18.9,0.4,7.9,0.5,0.8,1.6,POR,28,Seth Curry,SG
5.2,0.4,4.7,.604,.472,9.2,.525,4.0,7.7,.437,5.1,11.7,19.4,.916,3.8,4.2,2.4,69,69,33.8,0.7,27.3,1.3,2.8,5.3,GSW,30,Stephen Curry,PG
0.5,0.1,1.2,.545,.411,2.2,.481,0.8,1.6,.381,1.5,3.8,5.4,.783,0.4,0.5,1.5,51,1,14.9,0.3,6.2,0.5,0.5,1.4,PHO,27,Troy Daniels,SG
3.9,2.4,8.9,.540,.517,9.5,.547,8.6,15.7,.331,0.9,2.6,18.3,.794,6.1,7.7,2.4,56,56,33.0,3.1,25.9,1.6,2.0,12.0,NOP,25,Anthony Davis,C
0.6,0.6,2.9,.682,.682,1.7,.714,1.7,2.3,.000,0.0,0.1,2.4,.600,0.7,1.1,1.3,9,0,13.1,1.1,4.0,0.3,0.3,4.0,ATL,22,Deyonta Davis,C
0.8,0.4,5.9,.616,.616,2.3,.620,2.3,3.7,.000,0.0,0.0,3.7,.617,1.2,2.0,2.8,81,1,17.9,2.7,5.8,0.4,0.8,8.6,BRK,29,Ed Davis,C
0.0,0.0,0.0,.000,.000,0.0,.000,0.0,1.0,,0.0,0.0,1.0,,0.0,0.0,0.0,1,0,1.0,1.0,0.0,0.0,0.0,1.0,OKC,21,Tyler Davis,C
1.4,1.1,5.9,.571,.492,4.0,.570,2.8,4.8,.382,1.3,3.4,8.2,.814,1.4,1.8,3.3,64,52,25.1,1.6,10.8,1.1,1.3,7.5,ATL,29,Dewayne Dedmon,C
1.0,0.1,2.0,.506,.469,2.6,.521,2.1,4.1,.306,0.4,1.3,5.4,.609,0.6,1.0,1.0,47,5,16.8,1.1,6.1,0.8,0.5,3.1,TOT,24,Sam Dekker,PF
1.0,0.0,2.7,.510,.458,2.4,.486,1.9,3.9,.385,0.6,1.4,5.3,.800,0.9,1.1,1.4,9,5,18.8,1.0,6.3,1.2,0.6,3.7,CLE,24,Sam Dekker,PF
1.0,0.2,1.9,.505,.471,2.6,.528,2.2,4.2,.286,0.4,1.3,5.5,.556,0.5,0.9,0.9,38,0,16.3,1.2,6.1,0.7,0.5,3.0,WAS,24,Sam Dekker,PF
0.0,0.0,1.0,.200,.200,0.5,.200,0.5,2.5,,0.0,0.0,2.5,.500,0.5,1.0,1.0,2,0,7.5,1.0,1.5,0.5,0.0,2.0,LAC,24,Ángel Delgado,C
3.8,0.0,1.5,.496,.405,2.0,.482,1.1,2.3,.338,0.9,2.7,5.0,.808,0.9,1.1,1.6,48,0,16.9,0.1,5.9,0.3,1.4,1.6,TOT,28,Matthew Dellavedova,PG
2.4,0.0,0.8,.421,.316,0.5,.250,0.2,0.7,.364,0.3,0.9,1.6,1.000,0.3,0.3,0.8,12,0,8.1,0.0,1.7,0.2,0.9,0.8,MIL,28,Matthew Dellavedova,PG
4.2,0.1,1.7,.502,.413,2.6,.500,1.4,2.9,.336,1.1,3.3,6.2,.792,1.1,1.3,1.8,36,0,19.9,0.2,7.3,0.3,1.6,1.9,CLE,28,Matthew Dellavedova,PG
0.8,0.4,2.4,.559,.500,2.7,.608,2.0,3.4,.318,0.6,2.0,5.4,.714,1.1,1.6,1.1,22,2,17.8,0.9,7.1,0.7,0.6,3.3,MIN,33,Luol Deng,SF
6.2,0.5,5.3,.483,.481,8.2,.492,8.1,16.5,.156,0.1,0.6,17.1,.830,4.8,5.7,2.3,77,77,34.9,0.7,21.2,1.1,2.6,6.0,SAS,29,DeMar DeRozan,SG
0.1,0.1,0.5,.636,.485,1.5,.462,0.5,1.2,.500,0.9,1.8,3.0,.800,0.4,0.5,0.8,11,0,6.1,0.7,4.2,0.0,0.3,1.2,GSW,22,Marcus Derrickson,PF
0.5,0.5,4.0,.622,.620,2.6,.625,2.6,4.2,.250,0.0,0.1,4.2,.746,0.8,1.0,1.8,64,1,14.0,1.2,6.0,0.5,0.8,5.2,NOP,22,Cheick Diallo,PF
0.3,0.2,1.2,.467,.455,1.5,.504,1.4,2.8,.167,0.1,0.5,3.2,.610,0.7,1.2,1.5,51,3,10.3,0.7,3.7,0.4,0.5,1.9,OKC,20,Hamidou Diallo,SG
0.9,0.5,3.0,.527,.501,2.5,.530,2.2,4.2,.339,0.3,0.7,5.0,.830,1.2,1.4,1.8,76,2,13.6,1.1,6.4,0.6,0.8,4.1,MIN,29,Gorgui Dieng,C
4.6,0.3,2.1,.517,.442,5.4,.528,3.6,6.7,.335,1.8,5.4,12.2,.806,4.2,5.2,2.8,68,4,28.1,0.4,16.8,0.6,2.2,2.4,BRK,25,Spencer Dinwiddie,PG
,,,,,,,,,,,,,,,,,,,,,,,,,,,,
1.1,0.2,1.8,.492,.403,1.9,.683,1.0,1.5,.265,0.8,3.1,4.6,.750,0.3,0.4,1.4,27,0,15.2,0.6,4.9,0.5,0.7,2.4,MIL,22,Donte DiVincenzo,SG
6.0,0.3,6.6,.497,.427,7.0,.503,4.7,9.3,.327,2.3,7.1,16.5,.713,4.8,6.7,1.9,72,72,32.2,1.2,21.2,1.1,3.4,7.8,DAL,19,Luka Dončić,SG
1.2,0.0,1.8,.489,.405,2.2,.477,1.3,2.8,.333,0.9,2.8,5.5,.623,0.8,1.3,1.1,48,11,14.5,0.6,6.2,0.3,0.6,2.4,TOT,22,Tyler Dorsey,SG
0.6,0.0,1.3,.416,.360,1.2,.440,0.8,1.9,.256,0.4,1.4,3.3,.615,0.6,1.0,0.7,27,0,9.3,0.3,3.3,0.3,0.4,1.6,ATL,22,Tyler Dorsey,SG
1.9,0.0,2.5,.526,.429,3.6,.500,2.0,3.9,.366,1.6,4.4,8.3,.629,1.0,1.7,1.6,21,11,21.3,0.9,9.8,0.3,0.8,3.3,MEM,22,Tyler Dorsey,SG
1.8,0.1,3.1,.506,.415,4.0,.461,2.2,4.9,.368,1.7,4.7,9.6,.745,1.0,1.3,1.8,73,40,27.5,0.5,10.7,0.8,1.0,3.6,NYK,24,Damyean Dotson,SG
0.8,0.0,1.8,.429,.381,1.3,.462,1.0,2.2,.250,0.3,1.3,3.5,.500,0.2,0.3,0.3,6,0,8.5,1.0,3.2,0.3,0.0,2.8,BOS,22,PJ Dozier,SG
4.8,0.1,2.5,.479,.413,5.0,.454,3.4,7.5,.348,1.6,4.6,12.0,.782,2.2,2.8,2.3,36,22,27.5,0.6,13.7,0.8,2.0,3.1,MIA,32,Goran Dragić,PG
1.4,1.7,10.2,.536,.533,7.1,.548,7.0,12.8,.132,0.1,0.5,13.3,.590,3.1,5.2,3.4,79,79,33.5,5.4,17.3,1.7,2.2,15.6,DET,25,Andre Drummond,C
1.4,0.3,2.1,.533,.423,1.7,.545,0.8,1.5,.351,0.9,2.6,4.1,.696,0.5,0.8,2.2,59,25,20.7,0.6,4.9,0.6,0.7,2.6,BRK,33,Jared Dudley,PF
6.0,0.5,3.7,.458,.425,4.7,.441,3.9,8.9,.354,0.7,2.1,11.0,.797,1.2,1.5,3.6,46,44,30.2,0.4,11.3,1.5,2.3,4.1,CHI,24,Kris Dunn,PG
5.9,1.1,5.9,.571,.521,9.2,.587,7.5,12.8,.353,1.8,5.0,17.7,.885,5.7,6.5,2.0,78,78,34.6,0.4,26.0,0.7,2.9,6.4,GSW,30,Kevin Durant,SF
0.7,0.0,0.3,.833,.667,0.7,.500,0.3,0.7,1.000,0.3,0.3,1.0,,0.0,0.0,0.0,3,0,2.0,0.0,1.7,0.0,0.0,0.3,MIL,20,Trevon Duval,PG
0.0,0.0,0.5,.375,.250,0.5,,0.0,0.0,.250,0.5,2.0,2.0,,0.0,0.0,0.0,2,0,8.0,0.5,1.5,0.0,0.0,1.0,HOU,22,Vince Edwards,SF
0.8,0.1,3.2,.500,.411,2.1,.386,1.2,3.0,.447,0.9,2.0,5.0,.760,1.0,1.3,1.4,19,0,13.6,0.3,6.0,0.4,0.5,3.5,TOT,22,Henry Ellenson,PF
0.5,0.0,4.5,.500,.400,2.0,.333,1.0,3.0,.500,1.0,2.0,5.0,1.000,1.0,1.0,1.0,2,0,12.5,0.0,6.0,0.0,0.0,4.5,DET,22,Henry Ellenson,PF
0.9,0.1,3.1,.500,.412,2.1,.392,1.2,3.0,.441,0.9,2.0,5.0,.739,1.0,1.4,1.5,17,0,13.8,0.3,6.0,0.4,0.5,3.4,NYK,22,Henry Ellenson,PF
1.4,0.1,1.8,.554,.403,3.5,.541,0.9,1.6,.371,2.6,7.0,8.6,.796,0.7,0.9,1.7,53,38,24.5,0.3,10.3,1.0,0.8,2.0,TOT,31,Wayne Ellington,SG
1.2,0.1,1.6,.530,.375,2.8,.414,0.5,1.2,.368,2.3,6.2,7.4,.875,0.6,0.6,1.6,25,12,21.3,0.2,8.4,1.0,0.6,1.9,MIA,31,Wayne Ellington,SG
1.5,0.1,1.9,.570,.421,4.1,.607,1.2,2.0,.373,2.9,7.8,9.8,.758,0.9,1.2,1.9,28,26,27.3,0.3,12.0,1.1,0.9,2.1,DET,31,Wayne Ellington,SG
3.7,1.9,11.1,.517,.484,9.1,.535,7.8,14.6,.300,1.2,4.1,18.7,.804,8.2,10.1,3.3,64,64,33.7,2.5,27.5,0.7,3.5,13.6,PHI,24,Joel Embiid,C
0.7,0.4,2.1,.563,.469,2.4,.601,1.4,2.4,.353,0.9,2.7,5.1,.716,1.0,1.4,2.6,58,27,21.2,1.0,6.7,0.7,0.6,3.1,TOT,28,James Ennis,SF
0.7,0.4,2.0,.597,.493,2.6,.659,1.5,2.3,.367,1.1,3.0,5.3,.724,1.1,1.5,2.8,40,25,23.7,0.9,7.4,1.0,0.6,2.9,HOU,28,James Ennis,SF
0.8,0.4,2.3,.476,.410,1.9,.489,1.3,2.6,.306,0.6,2.0,4.6,.696,0.9,1.3,2.2,18,2,15.6,1.3,5.3,0.2,0.6,3.6,PHI,28,James Ennis,SF
0.3,0.2,1.2,.577,.577,0.7,.577,0.7,1.1,,0.0,0.0,1.1,.846,0.5,0.6,0.5,23,0,4.9,0.3,1.8,0.1,0.3,1.5,SAS,21,Drew Eubanks,PF
0.8,0.1,0.6,.377,.340,0.6,.368,0.5,1.3,.267,0.1,0.5,1.8,.000,0.0,0.0,0.9,30,1,6.8,0.2,1.3,0.2,0.4,0.8,GSW,21,Jacob Evans,SG
1.3,0.0,1.4,.214,.214,0.4,.273,0.4,1.4,.000,0.0,0.4,1.8,,0.0,0.0,1.0,8,0,8.1,0.1,0.8,0.4,0.8,1.5,TOT,22,Jawun Evans,PG
1.4,0.0,1.6,.231,.231,0.4,.273,0.4,1.6,.000,0.0,0.3,1.9,,0.0,0.0,1.1,7,0,9.1,0.1,0.9,0.4,0.9,1.7,PHO,22,Jawun Evans,PG
0.0,0.0,0.0,.000,.000,0.0,,0.0,0.0,.000,0.0,1.0,1.0,,0.0,0.0,0.0,1,0,1.0,0.0,0.0,0.0,0.0,0.0,OKC,22,Jawun Evans,PG
2.4,0.3,2.4,.448,.389,3.7,.405,2.6,6.4,.356,1.1,3.1,9.6,.719,1.7,2.3,1.7,69,18,20.3,0.5,10.2,0.8,1.7,2.9,IND,29,Tyreke Evans,SG
,,,,,,,,,,,,,,,,,,,,,,,,,,,,
2.6,0.1,1.2,.456,.419,2.4,.464,2.0,4.3,.290,0.4,1.5,5.7,.791,1.6,2.0,1.6,42,1,15.8,0.4,6.9,0.3,1.2,1.6,UTA,23,Dante Exum,PG
0.5,0.6,4.1,.604,.589,4.2,.617,4.0,6.5,.320,0.2,0.7,7.2,.646,1.7,2.7,2.2,37,13,19.7,2.6,10.4,0.5,0.9,6.8,TOT,29,Kenneth Faried,C
0.2,0.3,2.4,.607,.595,2.1,.649,2.0,3.1,.200,0.1,0.4,3.5,.625,0.8,1.3,0.7,12,0,9.8,1.3,5.1,0.2,0.5,3.7,BRK,29,Kenneth Faried,C
0.7,0.8,5.0,.603,.587,5.2,.611,5.0,8.1,.350,0.3,0.8,8.9,.651,2.2,3.3,3.0,25,13,24.4,3.3,12.9,0.6,1.1,8.2,HOU,29,Kenneth Faried,C
1.2,1.4,4.6,.600,.586,4.8,.640,4.6,7.1,.218,0.2,1.0,8.1,.675,2.0,3.0,2.1,76,70,23.2,2.7,11.8,0.7,1.1,7.4,UTA,27,Derrick Favors,C
0.6,0.1,2.3,.531,.531,1.6,.543,1.6,2.9,.000,0.0,0.1,3.0,.685,0.8,1.2,1.2,60,0,12.4,1.3,4.0,0.2,0.6,3.6,CHI,26,Cristiano Felício,C
1.6,0.2,0.9,.481,.407,1.7,.473,1.1,2.2,.328,0.6,1.8,4.1,.923,0.4,0.4,0.9,33,0,11.5,0.1,4.3,0.3,0.4,1.0,OKC,34,Raymond Felton,PG
1.0,0.2,1.5,.552,.429,2.5,.560,1.1,1.9,.366,1.4,3.9,5.8,.725,0.5,0.7,3.1,74,74,26.1,0.4,6.9,0.5,0.6,1.9,OKC,20,Terrance Ferguson,SG
1.9,0.1,1.4,.511,.435,2.2,.488,1.4,2.9,.362,0.8,2.1,5.0,.896,0.8,0.9,0.9,71,3,15.0,0.2,5.9,0.5,0.6,1.5,SAC,25,Yogi Ferrell,PG
1.2,0.4,3.1,.507,.432,2.8,.544,1.8,3.4,.311,1.0,3.1,6.5,.709,0.9,1.3,2.3,81,26,24.5,1.7,7.5,0.9,0.9,4.8,DAL,25,Dorian Finney-Smith,SF
2.1,0.0,2.7,.568,.456,4.4,.489,2.3,4.6,.426,2.1,5.0,9.6,.885,0.8,1.0,1.9,82,81,28.0,0.2,11.8,0.5,1.0,2.9,SAS,25,Bryn Forbes,SG
3.6,0.1,2.7,.509,.438,5.8,.509,3.9,7.6,.340,1.9,5.6,13.2,.806,1.7,2.1,2.8,81,81,31.5,0.5,15.1,0.9,1.9,3.2,ORL,26,Evan Fournier,SG
7.3,0.6,3.2,.497,.458,6.2,.482,5.2,10.7,.371,1.1,2.9,13.6,.727,3.7,5.1,2.5,81,81,31.4,0.5,17.3,1.6,2.8,3.8,SAC,21,De'Aaron Fox,PG
0.1,0.0,0.2,.333,.333,0.7,.467,0.7,1.5,.000,0.0,0.6,2.1,.250,0.1,0.4,0.6,10,0,4.4,0.3,1.5,0.1,0.1,0.5,ORL,22,Melvin Frazier,SG
4.2,0.1,2.2,.515,.444,2.0,.494,1.3,2.7,.366,0.6,1.7,4.4,.759,0.7,0.9,1.9,59,19,19.0,0.7,5.3,0.5,1.3,2.8,TOT,28,Tim Frazier,PG
4.4,0.1,2.2,.521,.451,1.9,.517,1.3,2.5,.351,0.6,1.6,4.1,.780,0.7,0.9,2.0,47,17,19.3,0.7,5.0,0.5,1.3,2.9,NOP,28,Tim Frazier,PG
3.5,0.1,1.8,.500,.424,2.3,.429,1.5,3.5,.417,0.8,2.0,5.5,.692,0.8,1.1,1.6,12,2,17.6,0.8,6.3,0.4,1.3,2.6,MIL,28,Tim Frazier,PG
1.3,0.0,1.0,.276,.276,1.3,.500,1.3,2.7,.000,0.0,2.2,4.8,1.000,1.0,1.0,0.8,6,0,10.8,0.2,3.7,0.5,0.8,1.2,PHO,29,Jimmer Fredette,SG
0.6,0.1,1.3,.504,.368,1.2,.289,0.3,1.1,.405,0.9,2.2,3.3,.786,0.3,0.4,1.2,36,6,9.5,0.1,3.6,0.2,0.4,1.4,CLE,35,Channing Frye,C
3.1,0.3,2.3,.432,.419,3.4,.433,3.2,7.4,.286,0.2,0.7,8.2,.568,1.1,1.9,2.7,19,15,22.5,1.4,8.2,0.9,1.3,3.7,PHI,20,Markelle Fultz,SG
2.6,0.3,5.3,.554,.463,6.0,.484,3.6,7.5,.433,2.4,5.5,13.0,.904,5.4,6.0,1.9,68,68,30.3,0.8,19.8,0.7,1.5,6.1,LAC,30,Danilo Gallinari,SF
1.1,0.1,1.5,.503,.388,2.9,.449,1.2,2.6,.355,1.7,4.8,7.3,.844,1.0,1.2,1.7,80,4,21.8,0.6,8.4,0.5,0.3,2.1,DET,27,Langston Galloway,SG
1.8,0.3,0.8,.407,.407,2.8,.579,2.8,4.8,.000,0.0,2.0,6.8,1.000,1.0,1.0,0.8,4,0,15.8,0.0,6.5,0.3,0.5,0.8,NYK,24,Billy Garrett,SG
4.4,1.1,6.9,.505,.448,4.9,.487,3.7,7.6,.363,1.3,3.5,11.0,.759,2.4,3.2,2.7,79,72,30.8,1.0,13.6,1.1,2.0,7.9,TOT,34,Marc Gasol,C
4.7,1.2,7.5,.499,.444,5.7,.491,4.3,8.7,.344,1.4,4.2,12.9,.756,2.9,3.8,2.8,53,53,33.7,1.1,15.7,1.1,2.2,8.6,MEM,34,Marc Gasol,C
3.9,0.9,5.7,.527,.465,3.3,.474,2.5,5.2,.442,0.9,2.0,7.2,.769,1.5,2.0,2.7,26,19,24.9,0.9,9.1,0.9,1.4,6.6,TOR,34,Marc Gasol,C
,,,,,,,,,,,,,,,,,,,,,,,,,,,,
1.7,0.5,3.8,.479,.447,1.4,.444,1.2,2.7,.462,0.2,0.4,3.1,.700,0.9,1.3,1.0,30,6,12.0,0.7,3.9,0.2,0.5,4.6,TOT,38,Pau Gasol,C
1.9,0.5,3.9,.494,.466,1.5,.462,1.3,2.9,.500,0.2,0.4,3.3,.711,1.0,1.4,1.0,27,6,12.2,0.8,4.2,0.2,0.5,4.7,SAS,38,Pau Gasol,C
0.7,0.3,3.3,.250,.167,0.3,.000,0.0,1.0,.333,0.3,1.0,2.0,.500,0.3,0.7,0.3,3,0,10.0,0.0,1.3,0.0,0.7,3.3,MIL,38,Pau Gasol,C
2.6,0.5,5.9,.554,.504,5.4,.537,4.4,8.1,.402,1.1,2.7,10.8,.816,1.7,2.1,2.3,69,51,26.7,0.9,13.7,0.8,1.7,6.8,SAS,32,Rudy Gay,PF
4.1,0.4,6.8,.529,.438,9.2,.484,5.4,11.1,.386,3.8,9.8,21.0,.839,5.9,7.0,2.8,77,77,36.9,1.4,28.0,2.2,2.7,8.2,OKC,28,Paul George,SF
1.2,0.6,4.1,.576,.566,4.3,.583,4.2,7.2,.324,0.2,0.5,7.7,.757,1.9,2.5,2.7,70,57,24.1,2.5,10.8,0.8,1.0,6.5,MIN,33,Taj Gibson,PF
1.5,0.4,2.7,.503,.503,3.0,.512,3.0,5.9,.000,0.0,0.1,6.0,.637,1.0,1.6,2.6,58,0,14.1,1.1,7.0,0.5,1.3,3.8,SAC,20,Harry Giles,PF
3.3,0.5,2.1,.512,.476,4.2,.503,3.5,7.0,.367,0.6,1.7,8.7,.800,1.9,2.4,2.1,82,73,26.5,0.7,10.8,1.2,1.7,2.8,LAC,20,Shai Gilgeous-Alexander,PG
2.0,2.3,9.0,.669,.669,5.9,.669,5.9,8.8,,0.0,0.0,8.8,.636,4.1,6.4,2.9,81,80,31.8,3.8,15.9,0.8,1.6,12.9,UTA,26,Rudy Gobert,C
0.9,0.0,0.1,.304,.261,0.4,.235,0.3,1.1,.333,0.1,0.4,1.4,.818,0.6,0.7,0.4,16,0,3.6,0.1,1.4,0.0,0.2,0.2,DEN,23,Brandon Goodwin,PG
3.7,0.7,5.7,.507,.449,6.0,.499,4.5,9.0,.349,1.6,4.4,13.4,.731,2.4,3.2,2.2,78,78,33.8,1.7,16.0,0.7,2.1,7.4,ORL,23,Aaron Gordon,PF
1.9,0.4,1.9,.525,.409,5.6,.497,2.5,5.0,.360,3.2,8.8,13.8,.783,1.8,2.2,2.1,68,53,31.7,0.3,16.2,0.6,1.3,2.2,HOU,30,Eric Gordon,SG
1.4,0.5,4.1,.532,.532,2.1,.532,2.1,4.0,,0.0,0.0,4.0,.729,0.7,1.0,2.0,47,43,16.0,1.4,5.0,0.1,1.1,5.6,LAC,34,Marcin Gortat,C
2.6,0.0,1.2,.421,.343,1.6,.421,0.9,2.1,.281,0.7,2.6,4.7,.761,0.8,1.0,1.0,46,3,14.7,0.2,4.7,0.5,0.7,1.4,CHO,23,Devonte' Graham,PG
1.0,0.2,2.4,.435,.335,1.8,.413,0.7,1.8,.297,1.1,3.7,5.5,.818,0.5,0.6,1.9,35,21,20.4,0.7,5.3,0.4,0.5,3.1,BRK,25,Treveon Graham,SG
1.0,1.3,4.0,.567,.497,5.1,.555,3.7,6.6,.392,1.4,3.7,10.3,.710,2.0,2.8,2.7,80,77,32.7,1.2,13.6,0.8,0.8,5.2,OKC,24,Jerami Grant,PF
2.6,0.1,1.3,.509,.418,1.5,.473,0.9,1.8,.364,0.7,1.8,3.7,.650,0.4,0.7,1.3,60,1,15.7,0.3,4.2,0.7,0.9,1.6,ORL,26,Jerian Grant,PG
0.0,0.0,0.0,.000,.000,0.0,,0.0,0.0,.000,0.0,0.7,0.7,,0.0,0.0,0.0,3,0,0.7,0.0,0.0,0.0,0.0,0.0,OKC,23,Donte Grantham,SF
1.6,0.7,3.2,.622,.465,3.7,.487,1.2,2.4,.455,2.5,5.4,7.9,.841,0.5,0.6,2.1,80,80,27.7,0.8,10.3,0.9,0.9,4.0,TOR,31,Danny Green,SG
6.9,1.1,6.4,.501,.445,2.8,.549,2.1,3.9,.285,0.7,2.5,6.4,.692,1.0,1.4,3.0,66,66,31.3,0.9,7.4,1.4,2.6,7.3,GSW,28,Draymond Green,PF
0.5,0.4,2.1,.535,.400,3.2,.547,1.0,1.9,.354,2.1,6.0,7.9,.838,0.8,0.9,1.7,73,0,20.2,0.4,9.2,0.5,0.8,2.5,HOU,33,Gerald Green,SG
0.8,0.5,4.7,.558,.483,3.5,.530,2.4,4.6,.403,1.1,2.7,7.3,.792,1.2,1.6,3.0,65,6,21.1,1.6,9.4,0.7,1.3,6.3,TOT,28,JaMychal Green,PF
0.9,0.6,4.4,.545,.484,3.7,.523,2.8,5.3,.396,0.9,2.3,7.6,.788,1.5,2.0,3.0,41,4,22.0,1.8,9.8,0.8,1.6,6.1,MEM,28,JaMychal Green,PF
0.6,0.3,5.2,.582,.482,3.3,.548,1.9,3.5,.413,1.4,3.3,6.8,.810,0.7,0.9,2.9,24,2,19.6,1.3,8.7,0.5,1.0,6.5,LAC,28,JaMychal Green,PF
,,,,,,,,,,,,,,,,,,,,,,,,,,,,
1.8,0.5,3.3,.555,.475,4.2,.586,2.8,4.8,.347,1.4,4.2,8.9,.888,2.4,2.7,2.1,77,44,27.2,0.7,12.3,0.6,1.3,4.0,WAS,32,Jeff Green,PF
5.4,0.4,6.2,.532,.462,8.3,.525,5.7,10.9,.362,2.5,7.0,17.9,.753,5.5,7.3,2.7,75,75,35.0,1.3,24.5,0.7,3.4,7.5,DET,29,Blake Griffin,PF
1.2,0.1,1.9,.450,.383,1.2,.405,0.8,1.9,.348,0.4,1.2,3.2,.500,0.2,0.3,1.0,19,3,10.7,0.5,3.0,0.3,0.8,2.5,ATL,23,Daniel Hamilton,SG
2.5,0.0,0.5,.250,.250,1.5,.429,1.5,3.5,.000,0.0,2.5,6.0,1.000,1.0,1.0,0.5,2,0,13.0,0.0,4.0,0.5,0.5,0.5,MEM,25,Dusty Hannahs,SG
2.4,0.1,2.9,.474,.393,6.0,.442,3.5,7.9,.340,2.5,7.3,15.3,.841,3.6,4.2,2.2,65,63,31.6,0.5,18.1,0.8,1.6,3.4,TOT,26,Tim Hardaway,SG
2.7,0.1,2.9,.469,.388,6.1,.424,3.6,8.5,.347,2.5,7.3,15.8,.854,4.3,5.1,2.3,46,46,32.6,0.6,19.1,0.9,1.8,3.5,NYK,26,Tim Hardaway,SG
1.9,0.1,2.8,.489,.404,5.7,.496,3.3,6.7,.321,2.4,7.4,14.1,.767,1.7,2.3,1.8,19,17,29.4,0.4,15.5,0.6,1.3,3.2,DAL,26,Tim Hardaway,SG
7.5,0.7,5.8,.541,.442,10.8,.528,6.0,11.3,.368,4.8,13.2,24.5,.879,9.7,11.0,3.1,78,78,36.8,0.8,36.1,2.0,5.0,6.6,HOU,29,James Harden,PG
1.2,0.9,3.2,.530,.487,3.2,.582,2.6,4.5,.275,0.6,2.0,6.5,.671,0.8,1.2,2.7,60,53,23.6,1.3,7.7,1.1,0.8,4.5,POR,25,Maurice Harkless,SF
2.0,1.3,4.3,.617,.615,6.7,.623,6.6,10.6,.176,0.0,0.2,10.8,.643,3.2,5.0,3.1,82,5,26.3,2.2,16.6,0.9,1.6,6.5,LAC,25,Montrezl Harrell,C
1.8,0.2,1.5,.470,.380,1.9,.476,1.0,2.2,.310,0.9,2.9,5.1,.761,1.5,2.0,2.0,68,2,15.8,0.2,6.3,0.5,0.8,1.6,DAL,35,Devin Harris,PG
2.2,0.3,2.1,.488,.424,4.7,.476,3.3,6.9,.339,1.4,4.2,11.2,.799,2.0,2.5,2.0,57,48,28.8,0.7,12.9,1.0,1.2,2.8,DEN,24,Gary Harris,SG
2.4,0.2,3.1,.622,.500,4.9,.528,2.5,4.8,.474,2.4,5.1,9.8,.827,1.4,1.8,2.4,76,76,30.2,0.7,13.7,0.5,1.6,3.8,BRK,27,Joe Harris,SG
2.8,0.5,7.0,.549,.487,7.5,.528,5.5,10.5,.397,1.9,4.8,15.3,.866,3.2,3.7,2.2,82,82,34.7,0.8,20.0,0.6,1.8,7.9,TOT,26,Tobias Harris,PF
2.7,0.4,7.2,.561,.496,7.7,.523,5.7,10.9,.434,2.0,4.7,15.5,.877,3.5,4.0,2.2,55,55,34.6,0.7,20.9,0.7,2.0,7.9,LAC,26,Tobias Harris,PF
2.9,0.5,6.7,.524,.469,6.9,.542,5.3,9.8,.326,1.6,5.0,14.8,.841,2.7,3.3,2.3,27,27,35.0,1.2,18.2,0.4,1.6,7.9,PHI,26,Tobias Harris,PF
1.4,0.1,0.8,.349,.302,0.9,.393,0.6,1.6,.200,0.3,1.5,3.1,.944,1.0,1.1,2.0,17,0,11.0,0.4,3.2,0.2,0.7,1.2,TOT,24,Andrew Harrison,PG
0.0,0.0,0.0,.500,.500,1.0,1.000,1.0,1.0,.000,0.0,1.0,2.0,,0.0,0.0,1.0,1,0,5.0,0.0,2.0,0.0,0.0,0.0,MEM,24,Andrew Harrison,PG
1.7,0.2,1.1,.346,.308,1.2,.360,0.9,2.5,.214,0.3,1.4,3.9,1.000,1.6,1.6,2.6,10,0,14.4,0.4,4.3,0.4,1.0,1.5,CLE,24,Andrew Harrison,PG
1.2,0.0,0.5,.333,.250,0.5,.500,0.2,0.3,.200,0.3,1.7,2.0,.500,0.2,0.3,1.2,6,0,6.3,0.3,1.5,0.0,0.3,0.8,NOP,24,Andrew Harrison,PG
1.9,0.4,2.6,.460,.432,2.5,.475,2.2,4.6,.270,0.3,1.2,5.8,.667,1.1,1.7,1.7,73,11,19.6,0.5,6.5,1.2,0.8,3.0,CHI,25,Shaquille Harrison,PG
1.4,0.6,3.2,.506,.407,2.8,.511,1.4,2.8,.336,1.4,4.1,6.9,.688,0.8,1.2,2.2,67,22,25.6,0.5,7.8,1.0,0.9,3.7,LAL,23,Josh Hart,SG
0.5,0.4,0.9,.512,.488,0.7,.514,0.6,1.3,.333,0.1,0.2,1.5,.786,0.4,0.5,2.0,28,0,7.9,0.8,1.9,0.3,0.5,1.7,HOU,20,Isaiah Hartenstein,PF
0.2,0.0,2.4,.333,.333,1.1,.524,1.1,2.1,.000,0.0,1.2,3.3,.750,0.3,0.4,0.9,10,1,7.4,0.3,2.5,0.0,0.3,2.7,MIA,38,Udonis Haslem,C
3.4,0.3,3.8,.527,.466,4.1,.542,3.0,5.6,.333,1.1,3.2,8.8,.834,2.2,2.6,1.4,72,18,25.9,0.7,11.5,0.9,1.5,4.5,BOS,28,Gordon Hayward,PF
1.0,0.8,3.9,.545,.463,2.2,.556,1.4,2.6,.355,0.8,2.2,4.8,.600,0.4,0.7,1.1,14,0,13.4,1.1,5.6,0.5,0.9,5.1,MIL,28,John Henson,C
0.8,0.3,2.9,.545,.439,2.0,.541,1.0,1.9,.365,0.9,2.6,4.5,.767,0.9,1.2,1.3,70,25,19.4,0.9,5.8,0.4,0.5,3.8,DEN,23,Juan Hernangómez,PF
,,,,,,,,,,,,,,,,,,,,,,,,,,,,
1.0,0.3,3.3,.544,.519,2.6,.539,2.4,4.4,.385,0.3,0.7,5.1,.694,1.7,2.5,1.7,58,3,14.0,2.0,7.3,0.3,1.0,5.4,CHO,24,Willy Hernangómez,C
1.5,0.1,3.6,.457,.412,3.3,.478,2.6,5.4,.276,0.7,2.6,8.0,.763,1.5,2.0,1.9,58,24,20.8,0.5,8.8,1.0,1.5,4.1,NYK,23,Mario Hezonja,SF
0.7,1.0,1.7,.500,.500,1.3,.500,1.3,2.7,,0.0,0.0,2.7,.800,1.3,1.7,1.7,3,0,10.7,0.7,4.0,0.3,0.3,2.3,NYK,24,Isaiah Hicks,PF
2.5,0.4,3.7,.560,.458,7.6,.487,4.2,8.6,.427,3.4,7.9,16.6,.886,2.1,2.4,2.5,82,82,31.9,1.3,20.7,0.7,1.8,5.0,SAC,26,Buddy Hield,SG
0.4,0.0,1.0,.450,.400,0.8,.600,0.6,1.0,.200,0.2,1.0,2.0,.000,0.0,0.4,0.2,5,0,8.0,0.0,1.8,0.2,0.2,1.0,PHI,22,Haywood Highsmith,SF
0.6,0.4,2.1,.517,.517,1.4,.531,1.4,2.7,.000,0.0,0.1,2.8,.660,0.7,1.1,2.1,42,2,13.0,0.8,3.6,0.4,0.3,2.9,HOU,36,Nenê Hilário,C
2.3,0.1,1.8,.516,.452,2.8,.547,2.0,3.7,.314,0.8,2.6,6.3,.824,1.2,1.4,1.7,60,13,21.7,0.7,7.6,0.9,0.9,2.5,TOT,32,George Hill,PG
2.8,0.1,1.2,.575,.514,4.2,.532,3.2,6.1,.464,1.0,2.2,8.2,.850,1.3,1.5,2.7,13,13,26.5,0.9,10.8,0.9,1.5,2.1,CLE,32,George Hill,PG
2.1,0.1,2.0,.493,.428,2.4,.556,1.7,3.1,.280,0.7,2.7,5.7,.815,1.1,1.4,1.4,47,0,20.4,0.6,6.8,0.9,0.7,2.6,MIL,32,George Hill,PG
1.3,0.2,2.3,.472,.382,1.5,.468,0.8,1.8,.317,0.7,2.3,4.0,.719,0.5,0.7,1.8,44,15,20.0,0.8,4.3,0.5,0.7,3.0,NOP,27,Solomon Hill,SF
1.7,0.3,1.2,.483,.401,2.1,.459,1.2,2.7,.339,0.9,2.5,5.2,.820,0.8,1.0,1.4,50,0,12.9,0.1,5.9,0.4,0.8,1.3,IND,22,Aaron Holiday,PG
7.7,0.8,3.9,.523,.472,8.2,.539,6.4,11.9,.325,1.8,5.4,17.3,.768,3.1,4.0,2.2,67,67,35.9,1.1,21.2,1.6,3.1,5.0,NOP,28,Jrue Holiday,SG
1.8,0.4,3.4,.490,.386,3.7,.442,1.7,3.8,.348,2.0,5.7,9.5,.896,1.2,1.3,2.0,82,77,31.8,0.6,10.5,1.5,1.3,3.9,TOT,29,Justin Holiday,SG
2.2,0.6,3.9,.506,.383,4.0,.435,1.4,3.3,.359,2.6,7.1,10.4,.891,1.1,1.2,2.1,38,38,34.9,0.5,11.6,1.8,1.2,4.4,CHI,29,Justin Holiday,SG
1.4,0.3,2.9,.474,.389,3.4,.447,1.9,4.3,.333,1.5,4.4,8.7,.900,1.2,1.4,1.9,44,39,29.1,0.6,9.5,1.2,1.3,3.5,MEM,29,Justin Holiday,SG
0.0,0.0,0.0,,,0.0,,0.0,0.0,,0.0,0.0,0.0,,0.0,0.0,0.0,1,0,1.0,0.0,0.0,0.0,0.0,0.0,CLE,30,John Holland,SF
1.6,0.5,3.8,.420,.411,3.4,.436,3.2,7.4,.184,0.2,0.8,8.3,.645,2.0,3.1,1.8,59,21,20.9,1.4,8.9,0.7,1.2,5.3,BRK,24,Rondae Hollis-Jefferson,SF
0.9,1.1,3.1,.608,.608,3.2,.608,3.2,5.2,,0.0,0.0,5.2,.731,1.8,2.5,2.8,70,4,16.9,1.6,8.2,0.6,0.7,4.7,PHO,25,Richaun Holmes,C
1.8,0.2,1.8,.498,.435,4.1,.478,2.9,6.0,.356,1.2,3.3,9.3,.884,1.9,2.2,2.0,72,49,26.3,0.3,11.2,0.8,0.8,2.2,TOT,26,Rodney Hood,SG
2.0,0.1,2.1,.488,.427,4.3,.460,3.1,6.7,.362,1.2,3.4,10.1,.912,2.3,2.5,2.2,45,45,27.4,0.4,12.2,0.8,0.8,2.5,CLE,26,Rodney Hood,SG
1.3,0.3,1.4,.518,.452,3.6,.519,2.6,4.9,.345,1.1,3.1,8.0,.805,1.2,1.5,1.7,27,4,24.4,0.3,9.6,0.8,0.7,1.7,POR,26,Rodney Hood,SG
4.2,1.3,5.0,.586,.535,5.7,.604,4.6,7.6,.360,1.1,3.0,10.6,.821,1.1,1.4,1.9,68,68,29.0,1.8,13.6,0.9,1.5,6.7,BOS,32,Al Horford,C
1.0,0.3,2.9,.615,.468,3.0,.595,1.1,1.9,.416,1.9,4.6,6.5,.789,1.4,1.8,2.1,39,13,25.1,0.6,9.4,0.5,0.9,3.6,HOU,25,Danuel House,SF
0.4,0.4,6.6,.623,.623,4.8,.623,4.8,7.7,,0.0,0.0,7.7,.604,3.2,5.3,3.8,9,9,25.6,2.7,12.8,0.8,1.8,9.2,WAS,33,Dwight Howard,C
2.9,0.3,2.5,.522,.419,3.7,.457,1.9,4.1,.385,1.8,4.7,8.8,.732,0.5,0.7,2.1,75,59,27.3,0.8,9.7,0.9,1.5,3.3,ATL,20,Kevin Huerter,SG
0.0,0.0,1.4,.357,.286,1.2,.300,0.6,2.0,.273,0.6,2.2,4.2,,0.0,0.0,1.4,5,1,11.2,0.8,3.0,0.2,0.0,2.2,ATL,21,Isaac Humphries,C
,,,,,,,,,,,,,,,,,,,,,,,,,,,,
3.0,0.0,2.0,.615,.462,6.0,.667,2.0,3.0,.400,4.0,10.0,13.0,.500,1.0,2.0,3.0,1,0,26.0,1.0,17.0,1.0,0.0,3.0,BOS,25,R.J. Hunter,SG
0.8,0.1,3.5,.493,.459,2.2,.516,1.9,3.6,.280,0.3,1.1,4.8,.605,0.5,0.9,1.3,44,14,20.3,0.7,5.2,0.5,0.6,4.2,CHI,22,Chandler Hutchison,SF
1.3,1.4,6.0,.557,.529,6.3,.586,5.6,9.6,.290,0.7,2.3,11.9,.763,1.8,2.4,2.9,74,51,27.2,2.1,15.0,0.4,1.5,8.1,TOR,29,Serge Ibaka,C
3.2,0.8,3.0,.579,.500,2.2,.652,1.5,2.3,.333,0.7,2.1,4.4,.582,0.6,1.0,1.4,68,13,23.2,0.7,5.7,0.9,0.8,3.7,GSW,35,Andre Iguodala,SF
0.8,0.3,3.1,.514,.438,2.5,.493,1.6,3.3,.363,0.9,2.4,5.7,.824,0.9,1.1,2.6,67,7,18.4,1.4,6.8,0.5,0.7,4.5,MIL,31,Ersan İlyasova,PF
5.7,0.2,3.6,.565,.448,4.4,.533,2.1,3.9,.391,2.3,5.9,9.8,.707,1.1,1.5,2.2,82,82,31.3,0.4,12.1,1.2,2.4,4.0,UTA,31,Joe Ingles,PF
0.0,0.0,0.3,.000,.000,0.0,.000,0.0,0.8,.000,0.0,0.8,1.5,,0.0,0.0,0.0,4,0,3.8,0.3,0.0,0.3,0.3,0.5,LAL,33,Andre Ingram,SG
3.0,0.6,4.3,.518,.497,7.0,.521,6.4,12.2,.330,0.6,1.8,14.0,.675,3.8,5.6,2.9,52,52,33.8,0.8,18.3,0.5,2.5,5.1,LAL,21,Brandon Ingram,SF
6.9,0.5,3.9,.557,.487,9.0,.533,6.4,12.0,.401,2.6,6.5,18.5,.873,3.2,3.7,2.5,67,67,33.0,1.1,23.8,1.5,2.6,5.0,BOS,26,Kyrie Irving,PG
1.1,1.3,4.2,.499,.429,3.5,.510,2.3,4.6,.323,1.1,3.5,8.1,.815,1.5,1.8,1.9,75,64,26.6,1.3,9.6,0.8,1.0,5.5,ORL,21,Jonathan Isaac,PF
1.1,0.3,2.2,.465,.412,1.7,.431,1.2,2.9,.367,0.4,1.2,4.0,.816,1.2,1.5,1.8,68,13,18.1,0.5,5.0,0.4,0.6,2.7,ORL,24,Wesley Iwundu,SF
0.8,0.0,0.2,.600,.533,1.3,.667,1.0,1.5,.333,0.3,1.0,2.5,1.000,0.7,0.7,0.7,6,0,6.5,0.3,3.7,0.3,0.2,0.5,PHI,24,Demetrius Jackson,PG
1.1,0.0,1.8,.493,.434,3.2,.507,2.3,4.6,.314,0.9,2.8,7.3,.740,0.9,1.2,1.5,61,16,19.2,0.4,8.1,0.4,0.8,2.2,NOP,20,Frank Jackson,PG
1.1,1.4,3.4,.549,.506,5.1,.553,4.3,7.7,.359,0.9,2.4,10.2,.766,2.6,3.4,3.8,58,56,26.1,1.3,13.8,0.9,1.7,4.7,MEM,19,Jaren Jackson,PF
2.3,0.7,3.6,.456,.413,4.4,.445,3.5,7.8,.324,0.9,2.8,10.6,.671,1.8,2.7,2.6,79,29,25.2,0.8,11.5,0.9,2.2,4.4,PHO,21,Josh Jackson,SG
1.2,0.2,2.1,.537,.447,2.7,.542,1.6,3.0,.355,1.1,3.0,6.0,.785,0.8,1.0,1.2,81,14,19.9,0.5,7.2,0.4,0.4,2.6,TOT,23,Justin Jackson,SF
1.3,0.3,2.3,.517,.424,2.4,.515,1.3,2.6,.346,1.1,3.1,5.7,.820,0.8,1.0,1.3,52,3,20.8,0.5,6.7,0.4,0.4,2.8,SAC,23,Justin Jackson,SF
1.0,0.0,1.6,.568,.484,3.2,.577,2.1,3.6,.372,1.1,3.0,6.6,.724,0.7,1.0,1.1,29,11,18.3,0.7,8.2,0.3,0.2,2.3,DAL,23,Justin Jackson,SF
4.2,0.1,2.1,.504,.421,5.4,.464,3.3,7.0,.369,2.1,5.7,12.8,.864,2.5,2.9,2.5,82,82,27.9,0.5,15.4,0.7,1.8,2.6,DET,28,Reggie Jackson,PG
8.3,0.6,7.4,.560,.510,10.1,.582,8.1,14.0,.339,2.0,5.9,19.9,.665,5.1,7.6,1.7,55,55,35.2,1.0,27.4,1.3,3.6,8.5,LAL,34,LeBron James,SF
0.3,0.3,1.3,.625,.625,0.8,.625,0.8,1.3,,0.0,0.0,1.3,.875,0.6,0.7,0.7,12,0,5.7,0.5,2.3,0.3,0.1,1.8,ORL,25,Amile Jefferson,PF
0.8,0.1,1.2,.505,.400,1.6,.426,0.8,1.8,.379,0.8,2.2,4.0,.833,0.6,0.7,0.4,26,0,12.8,0.2,4.7,0.0,0.3,1.4,TOT,27,John Jenkins,SG
0.3,0.0,0.3,1.500,1.000,0.5,,0.0,0.0,1.000,0.5,0.5,0.5,,0.0,0.0,0.0,4,0,3.5,0.0,1.5,0.0,0.0,0.3,WAS,27,John Jenkins,SG
1.0,0.1,1.4,.485,.388,1.8,.426,0.9,2.1,.357,0.9,2.5,4.7,.833,0.7,0.8,0.5,22,0,14.5,0.3,5.2,0.0,0.4,1.6,NYK,27,John Jenkins,SG
,,,,,,,,,,,,,,,,,,,,,,,,,,,,
1.3,0.2,3.0,.556,.459,2.2,.563,1.3,2.3,.367,0.9,2.6,4.9,.800,0.9,1.1,1.9,73,6,16.7,1.0,6.3,0.4,0.6,3.9,GSW,31,Jonas Jerebko,PF
0.1,0.2,1.1,.281,.250,0.3,.214,0.2,1.0,.500,0.1,0.1,1.1,.500,0.3,0.6,0.5,14,0,4.6,0.3,0.9,0.1,0.0,1.4,IND,22,Alize Johnson,PF
1.2,0.3,2.0,.541,.503,1.5,.573,1.3,2.3,.300,0.2,0.8,3.1,.756,0.6,0.8,1.9,51,6,10.4,0.9,3.9,0.3,0.9,2.9,PHI,31,Amir Johnson,C
0.0,0.0,0.9,.583,.500,1.3,.545,0.9,1.6,.429,0.4,1.0,2.6,1.000,0.3,0.3,0.6,7,0,7.0,0.3,3.3,0.3,0.3,1.1,TOT,23,B.J. Johnson,SF
0.0,0.0,1.0,.594,.500,1.3,.500,0.8,1.7,.500,0.5,1.0,2.7,1.000,0.3,0.3,0.5,6,0,7.2,0.3,3.5,0.3,0.3,1.3,ATL,23,B.J. Johnson,SF
0.0,0.0,0.0,.500,.500,1.0,1.000,1.0,1.0,.000,0.0,1.0,2.0,,0.0,0.0,1.0,1,0,6.0,0.0,2.0,0.0,0.0,0.0,SAC,23,B.J. Johnson,SF
2.5,0.5,2.8,.499,.433,3.0,.496,2.1,4.2,.336,0.9,2.7,6.9,.714,0.9,1.3,2.1,55,33,21.2,0.4,7.8,0.6,1.3,3.2,MIA,31,James Johnson,PF
1.3,0.2,2.8,.459,.389,2.6,.484,1.7,3.4,.288,0.9,3.3,6.7,.781,0.8,1.0,1.7,66,7,18.3,0.5,6.9,0.9,1.2,3.3,TOT,22,Stanley Johnson,SF
1.3,0.3,3.1,.454,.381,2.8,.488,1.7,3.5,.282,1.1,3.8,7.3,.804,0.9,1.1,1.9,48,7,20.0,0.5,7.5,1.0,1.1,3.6,DET,22,Stanley Johnson,SF
1.6,0.1,1.8,.478,.418,2.1,.474,1.5,3.2,.324,0.6,1.9,5.1,.692,0.5,0.7,1.2,18,0,13.7,0.5,5.3,0.7,1.4,2.3,NOP,22,Stanley Johnson,SF
2.9,0.5,2.4,.498,.413,3.8,.477,2.2,4.7,.346,1.6,4.6,9.2,.748,1.7,2.2,1.7,57,22,26.8,0.6,10.9,0.9,1.4,3.0,TOT,26,Tyler Johnson,PG
2.5,0.5,2.3,.516,.426,3.9,.503,2.3,4.5,.353,1.6,4.6,9.1,.693,1.4,2.0,1.6,44,10,25.5,0.4,10.8,0.9,1.4,2.8,MIA,26,Tyler Johnson,PG
4.2,0.5,2.8,.440,.368,3.5,.406,2.2,5.3,.321,1.4,4.3,9.6,.872,2.6,3.0,1.9,13,12,31.2,1.2,11.1,1.1,1.1,4.0,PHO,26,Tyler Johnson,PG
0.6,0.3,1.6,.449,.352,1.2,.385,0.5,1.4,.329,0.7,2.0,3.4,.684,0.3,0.5,1.7,38,13,14.1,0.3,3.4,0.4,0.5,1.9,TOT,31,Wesley Johnson,SF
0.6,0.3,1.7,.506,.398,1.3,.421,0.6,1.5,.380,0.7,1.9,3.4,.667,0.2,0.3,1.7,26,13,14.5,0.4,3.7,0.5,0.5,2.1,NOP,31,Wesley Johnson,SF
0.6,0.4,1.3,.325,.250,0.8,.286,0.3,1.2,.231,0.5,2.2,3.3,.700,0.6,0.8,1.5,12,0,13.1,0.2,2.8,0.2,0.5,1.5,WAS,31,Wesley Johnson,SF
7.3,0.7,8.0,.545,.511,7.7,.569,6.7,11.7,.307,1.0,3.4,15.1,.821,3.6,4.4,2.9,80,80,31.3,2.9,20.1,1.4,3.1,10.8,DEN,23,Nikola Jokić,C
1.2,1.0,1.8,.716,.716,2.2,.716,2.2,3.1,,0.0,0.0,3.1,.649,1.0,1.5,2.6,24,22,17.1,1.3,5.4,0.5,0.7,3.1,GSW,23,Damian Jones,C
0.6,0.7,2.4,.537,.494,2.7,.567,2.2,3.9,.308,0.5,1.5,5.4,.607,1.2,2.0,2.1,60,14,19.2,1.6,7.0,0.8,0.7,4.0,MIA,21,Derrick Jones,SF
0.4,0.1,1.4,.500,.419,1.6,.471,1.0,2.1,.357,0.6,1.8,3.9,.704,1.2,1.7,1.7,16,0,13.4,0.7,5.1,0.6,0.5,2.1,CLE,25,Jalen Jones,SF
2.2,0.8,5.5,.394,.364,2.0,.435,1.7,3.8,.200,0.3,1.7,5.5,.500,0.2,0.3,1.7,6,2,23.8,2.7,4.5,1.2,0.8,8.2,LAL,23,Jemerrio Jones,SF
0.0,0.0,2.0,.250,.250,0.5,.500,0.5,1.0,.000,0.0,1.0,2.0,.000,0.0,0.5,0.5,2,0,2.5,0.0,1.0,0.0,0.5,2.0,HOU,27,Terrence Jones,PF
4.8,0.1,1.6,.460,.415,2.7,.453,2.1,4.7,.317,0.6,1.9,6.6,.841,0.9,1.0,1.1,68,23,22.9,0.3,6.9,1.2,0.7,2.0,MIN,22,Tyus Jones,PG
2.3,1.1,9.8,.641,.641,4.1,.641,4.1,6.5,,0.0,0.0,6.5,.705,2.7,3.8,2.4,69,69,29.7,3.3,11.0,0.6,2.2,13.1,TOT,30,DeAndre Jordan,C
2.0,1.1,10.5,.644,.644,4.2,.644,4.2,6.5,,0.0,0.0,6.5,.682,2.7,4.0,2.5,50,50,31.1,3.2,11.0,0.7,2.2,13.7,DAL,30,DeAndre Jordan,C
3.0,1.1,8.0,.634,.634,4.1,.634,4.1,6.5,,0.0,0.0,6.5,.773,2.7,3.5,2.2,19,19,25.9,3.4,10.9,0.5,2.2,11.4,NYK,30,DeAndre Jordan,C
3.9,0.3,2.9,.463,.412,2.8,.454,2.1,4.6,.322,0.7,2.1,6.7,.698,0.4,0.5,1.6,82,9,25.2,0.5,6.5,1.1,1.0,3.4,IND,27,Cory Joseph,PG
1.3,0.3,2.6,.547,.463,2.9,.553,1.9,3.4,.360,1.1,3.0,6.3,.738,1.7,2.3,1.4,47,0,16.1,0.8,8.6,0.3,0.9,3.5,CHO,25,Frank Kaminsky,C
1.7,0.4,6.0,.556,.549,5.6,.562,5.4,9.7,.294,0.1,0.5,10.2,.787,2.3,2.9,2.5,67,31,24.5,3.8,13.7,0.5,1.8,9.8,TOT,26,Enes Kanter,C
1.9,0.4,6.6,.544,.536,5.7,.547,5.5,10.1,.318,0.2,0.5,10.6,.814,2.4,2.9,2.4,44,23,25.6,3.9,14.0,0.4,1.8,10.5,NYK,26,Enes Kanter,C
1.4,0.4,4.9,.584,.577,5.4,.596,5.3,8.8,.250,0.1,0.5,9.3,.735,2.2,3.0,2.7,23,8,22.3,3.7,13.1,0.6,1.7,8.6,POR,26,Enes Kanter,C
1.8,0.2,2.7,.540,.438,3.6,.486,1.9,4.0,.394,1.7,4.3,8.3,.836,0.8,1.0,1.5,63,10,22.8,0.2,9.7,0.4,0.9,2.9,DET,22,Luke Kennard,SG
,,,,,,,,,,,,,,,,,,,,,,,,,,,,
1.0,0.6,2.5,.500,.476,2.5,.498,2.2,4.5,.340,0.3,0.7,5.2,.772,1.5,1.9,2.4,64,3,18.4,1.4,6.7,0.5,0.7,3.8,CHO,25,Michael Kidd-Gilchrist,PF
0.0,0.0,1.0,,,0.0,,0.0,0.0,,0.0,0.0,0.0,,0.0,0.0,0.0,1,0,6.0,0.0,0.0,0.0,0.0,1.0,PHO,25,George King,SF
1.0,1.1,3.4,.553,.453,2.5,.583,1.4,2.4,.353,1.1,3.1,5.4,.784,0.8,1.0,2.0,71,18,21.2,1.3,6.8,0.5,0.8,4.6,DAL,27,Maxi Kleber,PF
1.8,0.1,1.3,.460,.381,2.5,.443,1.5,3.4,.318,1.1,3.3,6.7,.794,0.7,0.9,1.6,39,26,18.9,0.3,6.8,0.5,0.8,1.5,TOT,27,Brandon Knight,PG
0.8,0.0,0.7,.287,.234,0.9,.400,0.5,1.3,.156,0.4,2.7,3.9,.818,0.8,0.9,1.2,12,0,9.8,0.1,3.0,0.2,0.4,0.8,HOU,27,Brandon Knight,PG
2.3,0.1,1.5,.498,.413,3.3,.448,1.9,4.3,.371,1.3,3.6,7.9,.783,0.7,0.9,1.8,27,26,22.9,0.3,8.5,0.7,0.9,1.9,CLE,27,Brandon Knight,PG
1.1,0.3,3.7,.438,.370,4.5,.387,2.8,7.3,.343,1.7,4.9,12.2,.717,2.2,3.0,2.3,75,57,28.8,0.8,12.8,0.6,1.5,4.5,NYK,19,Kevin Knox,PF
1.1,0.0,1.9,.496,.400,2.0,.505,1.1,2.1,.326,1.0,3.0,5.1,.818,0.8,0.9,1.3,48,7,14.1,0.3,5.8,0.6,0.5,2.2,PHI,21,Furkan Korkmaz,SG
1.2,0.9,2.3,.502,.378,2.3,.411,0.8,2.0,.363,1.5,4.2,6.2,.826,0.8,1.0,0.9,46,18,17.0,0.6,7.0,0.6,0.5,2.9,NYK,23,Luke Kornet,PF
1.2,0.2,2.2,.559,.416,2.9,.467,0.9,1.9,.397,2.0,5.0,6.9,.822,0.9,1.0,1.5,70,0,19.1,0.1,8.6,0.4,0.8,2.3,TOT,37,Kyle Korver,SG-PF
1.1,0.1,1.8,.625,.461,2.2,.455,0.6,1.4,.463,1.6,3.4,4.8,.813,0.8,1.0,1.4,16,0,15.7,0.0,6.8,0.2,1.1,1.8,CLE,37,Kyle Korver,PF
1.2,0.2,2.3,.547,.408,3.1,.469,1.0,2.1,.384,2.1,5.4,7.5,.825,0.9,1.1,1.6,54,0,20.1,0.2,9.1,0.4,0.8,2.5,UTA,37,Kyle Korver,SG
0.9,0.4,3.0,.477,.477,1.7,.477,1.7,3.6,,0.0,0.0,3.6,.417,0.2,0.6,1.6,42,1,12.0,1.2,3.7,0.4,0.6,4.2,SAC,29,Kosta Koufos,C
0.8,0.4,3.0,.514,.450,3.2,.543,2.3,4.2,.315,0.9,2.9,7.1,.783,1.1,1.5,2.3,63,46,20.5,0.9,8.5,0.7,1.2,3.9,BRK,20,Rodions Kurucs,SF
2.5,0.4,4.6,.515,.456,7.1,.553,5.3,9.5,.303,1.8,6.0,15.5,.752,2.7,3.6,2.4,70,68,33.1,0.9,18.7,0.6,1.9,5.5,LAL,23,Kyle Kuzma,PF
0.5,0.3,1.5,.592,.531,1.2,.556,0.9,1.6,.462,0.3,0.6,2.2,.529,0.4,0.8,1.3,22,1,8.0,0.4,3.0,0.2,0.5,2.0,TOT,22,Skal Labissière,PF
0.5,0.2,1.5,.500,.433,1.0,.474,0.7,1.5,.364,0.3,0.8,2.3,.545,0.5,0.8,1.6,13,0,8.7,0.3,2.8,0.2,0.5,1.8,SAC,22,Skal Labissière,PF
0.6,0.3,1.6,.737,.684,1.4,.647,1.2,1.9,1.000,0.2,0.2,2.1,.500,0.3,0.7,0.9,9,1,7.0,0.6,3.4,0.3,0.4,2.1,POR,22,Skal Labissière,PF
2.2,0.4,4.7,.499,.440,5.5,.487,4.0,8.2,.348,1.5,4.2,12.4,.888,2.9,3.3,1.8,79,55,28.5,0.8,15.3,1.1,1.0,5.5,CHO,26,Jeremy Lamb,SG
4.5,0.4,4.0,.520,.467,8.4,.504,6.5,12.9,.374,1.9,5.1,18.0,.832,5.0,6.0,2.2,63,62,34.5,0.6,23.7,1.0,3.4,4.7,CHI,23,Zach LaVine,SG
0.7,0.4,2.3,.579,.509,3.0,.646,2.2,3.4,.326,0.8,2.5,6.0,.704,0.7,1.0,1.6,71,33,18.7,0.8,7.6,0.4,0.6,3.1,POR,24,Jake Layman,SF
0.4,0.3,1.4,.563,.541,1.7,.599,1.6,2.6,.258,0.1,0.5,3.2,.613,0.3,0.5,0.6,58,1,9.0,0.7,3.9,0.2,0.2,2.2,IND,21,T.J. Leaf,PF
1.1,0.1,1.3,.473,.411,1.6,.500,1.1,2.2,.291,0.5,1.6,3.8,.667,0.4,0.6,0.9,34,6,12.6,0.3,4.0,0.6,0.4,1.6,TOT,33,Courtney Lee,SG
1.3,0.2,1.8,.500,.447,1.8,.516,1.3,2.6,.313,0.4,1.3,3.9,.643,0.8,1.2,1.1,12,2,13.3,0.5,4.7,0.7,0.4,2.3,NYK,33,Courtney Lee,SG
1.0,0.0,1.1,.457,.390,1.5,.488,1.0,2.0,.282,0.5,1.8,3.7,.714,0.2,0.3,0.9,22,4,12.2,0.1,3.6,0.6,0.4,1.2,DAL,33,Courtney Lee,SG
0.4,0.0,1.8,.547,.441,1.8,.492,0.9,1.8,.397,0.8,2.1,4.0,.864,0.6,0.7,0.9,32,0,11.7,0.3,4.9,0.4,0.3,2.0,GSW,26,Damion Lee,SG
5.0,0.2,3.8,.448,.437,6.3,.439,6.0,13.7,.400,0.3,0.8,14.5,.727,1.3,1.8,2.3,6,3,27.8,0.7,14.3,1.8,1.7,4.5,CHI,26,Walt Lemon,PG
1.1,0.9,3.5,.551,.494,4.2,.554,3.2,5.8,.363,1.0,2.6,8.4,.648,1.8,2.8,2.6,77,31,20.1,2.1,11.1,0.4,1.3,5.5,ATL,25,Alex Len,C
,,,,,,,,,,,,,,,,,,,,,,,,,,,,
3.3,0.4,6.0,.546,.496,9.3,.542,7.5,13.8,.371,1.9,5.0,18.8,.854,6.1,7.1,1.5,60,60,34.0,1.3,26.6,1.8,2.0,7.3,TOR,27,Kawhi Leonard,SF
1.2,0.1,3.0,.649,.545,2.2,.626,1.3,2.1,.450,0.8,1.8,4.0,.843,0.7,0.8,1.7,61,2,14.4,0.8,5.9,0.2,0.7,3.8,POR,26,Meyers Leonard,C
0.3,0.1,1.7,.588,.584,1.6,.637,1.6,2.5,.091,0.0,0.3,2.8,.742,0.6,0.8,1.5,41,1,9.8,0.7,3.8,0.3,0.6,2.4,DET,29,Jon Leuer,PF
3.9,0.4,2.9,.478,.429,5.2,.483,4.0,8.2,.312,1.2,3.9,12.1,.691,2.1,3.1,1.9,40,25,26.6,0.9,13.7,1.1,1.7,3.8,BRK,24,Caris LeVert,SF
6.9,0.4,3.8,.522,.444,8.5,.499,5.6,11.1,.369,3.0,8.0,19.2,.912,5.9,6.4,1.9,80,80,35.5,0.9,25.8,1.1,2.7,4.6,POR,28,Damian Lillard,PG
3.1,0.2,2.1,.491,.440,3.2,.517,2.5,4.8,.294,0.7,2.5,7.3,.838,2.4,2.8,1.9,74,4,19.4,0.3,9.6,0.6,1.7,2.4,TOT,30,Jeremy Lin,PG
3.5,0.1,2.0,.523,.466,3.5,.535,2.7,5.0,.333,0.9,2.6,7.6,.845,2.8,3.3,1.9,51,1,19.7,0.3,10.7,0.7,1.9,2.3,ATL,30,Jeremy Lin,PG
2.2,0.3,2.3,.410,.374,2.5,.470,2.0,4.3,.200,0.5,2.4,6.7,.810,1.5,1.8,2.1,23,3,18.8,0.3,7.0,0.4,1.1,2.6,TOR,30,Jeremy Lin,PG
1.8,0.4,1.2,.519,.519,1.7,.524,1.7,3.3,.000,0.0,0.0,3.3,.784,0.6,0.8,1.2,64,0,15.1,0.7,4.0,0.5,0.6,1.8,GSW,33,Shaun Livingston,PG
0.0,0.0,0.0,.000,.000,0.0,,0.0,0.0,.000,0.0,1.0,1.0,,0.0,0.0,0.0,1,0,4.0,0.0,0.0,1.0,1.0,0.0,DET,26,Zach Lofton,SG
1.5,0.7,2.8,.627,.625,2.7,.641,2.7,4.2,.100,0.0,0.1,4.3,.619,0.8,1.3,2.6,80,24,18.5,2.4,6.3,0.6,0.6,5.2,GSW,22,Kevon Looney,C
1.2,2.2,4.5,.571,.452,4.4,.613,2.1,3.4,.365,2.3,6.3,9.7,.842,1.4,1.6,2.3,81,81,28.7,0.4,12.5,0.6,1.0,4.9,MIL,30,Brook Lopez,C
1.2,1.1,2.0,.575,.568,4.1,.589,4.0,6.8,.226,0.1,0.4,7.2,.724,1.2,1.7,1.7,74,36,21.7,1.9,9.5,0.1,1.3,3.9,CHI,30,Robin Lopez,C
2.2,0.2,9.4,.479,.385,5.0,.412,2.5,6.2,.361,2.4,6.7,12.9,.904,4.7,5.2,2.5,22,21,27.2,1.5,17.0,0.3,1.9,10.9,CLE,30,Kevin Love,PF
8.7,0.5,4.2,.518,.411,4.7,.514,2.3,4.4,.347,2.4,7.0,11.4,.830,2.5,3.0,2.6,65,65,34.0,0.6,14.2,1.4,2.8,4.8,TOR,32,Kyle Lowry,PG
0.5,0.0,0.7,.556,.444,0.7,.400,0.3,0.8,.500,0.3,0.7,1.5,.818,0.8,0.9,0.4,12,0,4.6,0.1,2.4,0.0,0.2,0.8,TOR,25,Jordan Loyd,PG
1.0,0.0,3.0,.000,.000,0.0,,0.0,0.0,.000,0.0,1.0,1.0,1.000,2.0,2.0,1.0,1,0,6.0,0.0,2.0,0.0,0.0,3.0,DET,29,Kalin Lucas,PG
0.5,0.2,1.7,.459,.376,1.6,.451,0.9,2.0,.310,0.7,2.3,4.4,.756,0.6,0.8,1.5,50,7,13.4,0.2,4.6,0.4,0.4,1.9,TOT,23,Timothé Luwawu-Cabarrot,SF
0.2,0.0,0.7,.360,.302,0.6,.381,0.4,1.0,.227,0.2,1.0,2.0,.667,0.2,0.3,0.7,21,1,5.9,0.2,1.7,0.2,0.2,0.9,OKC,23,Timothé Luwawu-Cabarrot,SF
0.8,0.2,2.5,.483,.394,2.4,.469,1.3,2.8,.330,1.1,3.2,6.0,.771,0.9,1.2,2.0,29,6,18.8,0.2,6.8,0.5,0.6,2.7,CHI,23,Timothé Luwawu-Cabarrot,SF
0.2,0.0,0.4,.611,.500,0.4,.625,0.2,0.3,.400,0.2,0.4,0.7,.333,0.0,0.1,0.4,25,0,3.8,0.3,0.9,0.1,0.2,0.7,DEN,22,Tyler Lydon,PF
1.4,0.4,3.2,.470,.418,3.2,.529,2.4,4.6,.255,0.8,3.1,7.7,.698,1.3,1.8,1.5,64,2,17.5,0.7,8.5,0.5,1.1,3.8,DEN,23,Trey Lyles,PF
0.8,0.0,0.0,.750,.667,1.0,.600,0.8,1.3,1.000,0.3,0.3,1.5,1.000,0.3,0.3,0.5,4,0,4.8,0.0,2.5,0.3,0.0,0.0,LAL,28,Scott Machado,PG
3.2,0.1,1.5,.462,.404,2.9,.429,2.1,4.8,.354,0.8,2.3,7.1,.690,1.0,1.5,1.5,57,3,21.9,0.3,7.5,0.8,1.2,1.8,TOT,28,Shelvin Mack,PG
3.4,0.1,1.6,.473,.414,3.0,.441,2.2,4.9,.359,0.9,2.4,7.3,.707,1.0,1.4,1.5,53,3,22.7,0.3,7.9,0.8,1.2,1.9,MEM,28,Shelvin Mack,PG
0.3,0.0,0.5,.143,.143,0.5,.167,0.5,3.0,.000,0.0,0.5,3.5,.556,1.3,2.3,0.8,4,0,10.5,0.0,2.3,0.5,1.0,0.5,CHO,28,Shelvin Mack,PG
,,,,,,,,,,,,,,,,,,,,,,,,,,,,
0.9,0.0,1.3,.463,.370,1.3,.313,0.6,2.0,.455,0.6,1.4,3.4,.571,0.5,0.9,1.0,8,0,11.3,0.3,3.6,0.1,0.8,1.5,DAL,23,Daryl Macon,SG
1.0,0.0,1.5,.333,.333,1.5,.600,1.5,2.5,.000,0.0,2.0,4.5,,0.0,0.0,0.0,2,0,8.5,0.0,3.0,0.0,0.0,1.5,CHO,23,J.P. Macura,SG
0.7,0.5,2.4,.466,.452,1.4,.500,1.3,2.6,.188,0.1,0.5,3.1,.689,1.2,1.8,2.5,34,6,14.6,1.4,4.1,0.7,0.6,3.8,WAS,32,Ian Mahinmi,C
0.7,0.8,2.5,.498,.407,1.7,.522,0.9,1.8,.320,0.8,2.4,4.2,.667,0.9,1.3,1.6,64,5,15.2,0.6,5.0,0.3,0.5,3.2,TOT,21,Thon Maker,C-PF
0.5,0.5,2.3,.537,.440,1.7,.589,0.9,1.6,.333,0.7,2.2,3.8,.541,0.6,1.1,1.6,35,0,11.7,0.5,4.7,0.3,0.3,2.7,MIL,21,Thon Maker,C
0.9,1.1,2.8,.459,.373,1.7,.458,0.9,2.0,.307,0.8,2.6,4.6,.766,1.2,1.6,1.7,29,5,19.4,0.8,5.5,0.4,0.8,3.7,DET,21,Thon Maker,PF
0.9,0.5,3.1,.623,.615,2.8,.624,2.7,4.3,.400,0.1,0.2,4.5,.748,1.7,2.3,1.6,58,12,11.7,1.5,7.3,0.3,1.0,4.6,TOT,30,Boban Marjanović,C
0.6,0.5,2.7,.607,.607,2.4,.616,2.4,3.8,.000,0.0,0.1,3.9,.758,2.0,2.6,1.6,36,9,10.4,1.5,6.7,0.3,1.0,4.2,LAC,30,Boban Marjanović,C
1.5,0.5,3.7,.642,.625,3.4,.634,3.2,5.1,.500,0.2,0.4,5.5,.722,1.2,1.6,1.5,22,3,13.9,1.5,8.2,0.2,1.0,5.1,PHI,30,Boban Marjanović,C
1.4,0.6,7.6,.506,.430,6.6,.479,4.3,8.9,.361,2.3,6.4,15.3,.872,3.3,3.8,2.3,52,51,32.3,1.4,18.7,0.7,1.6,9.0,CHI,21,Lauri Markkanen,PF
0.4,0.2,1.5,.510,.413,1.0,.489,0.5,1.1,.351,0.5,1.4,2.5,.818,0.2,0.3,1.2,42,1,7.8,0.3,2.7,0.1,0.3,1.7,ORL,24,Jarell Martin,PF
2.2,0.1,1.0,.462,.420,1.9,.543,1.5,2.8,.219,0.4,1.7,4.4,.684,1.0,1.5,0.9,38,0,11.4,0.2,5.1,0.4,0.9,1.1,SAC,24,Frank Mason,PG
0.0,0.0,1.0,.250,.250,0.5,.333,0.5,1.5,.000,0.0,0.5,2.0,,0.0,0.0,0.0,2,0,6.5,0.5,1.0,0.5,0.0,1.5,MIA,22,Yante Maten,PF
2.3,0.2,2.0,.507,.400,4.0,.437,1.9,4.3,.372,2.2,5.8,10.1,.810,1.9,2.4,2.3,69,68,30.3,0.5,12.2,0.8,1.3,2.5,TOT,32,Wesley Matthews,SF-SG
2.3,0.3,1.9,.520,.414,4.4,.456,2.1,4.7,.380,2.3,6.0,10.7,.791,2.0,2.5,2.3,44,44,29.8,0.5,13.1,0.8,1.3,2.3,DAL,32,Wesley Matthews,SF
2.5,0.5,1.0,.263,.211,2.0,.222,1.0,4.5,.200,1.0,5.0,9.5,.800,2.0,2.5,1.0,2,1,27.0,0.5,7.0,0.5,1.0,1.5,NYK,32,Wesley Matthews,SG
2.4,0.2,2.3,.500,.386,3.5,.413,1.4,3.5,.369,2.1,5.7,9.1,.854,1.8,2.1,2.4,23,23,31.5,0.5,10.9,0.9,1.3,2.8,IND,32,Wesley Matthews,SG
0.5,0.3,1.3,.500,.444,2.0,.500,1.5,3.0,.333,0.5,1.5,4.5,.400,0.5,1.3,2.0,4,0,15.3,0.5,5.0,0.3,0.5,1.8,LAC,32,Luc Mbah a Moute,PF
0.0,0.0,1.0,.667,.667,2.0,1.000,2.0,2.0,.000,0.0,1.0,3.0,.000,0.0,1.0,2.0,1,0,8.0,0.0,4.0,0.0,0.0,1.0,BRK,24,Tahjere McCall,SG
1.0,0.1,1.4,.484,.413,0.9,.486,0.6,1.2,.321,0.3,1.0,2.2,.867,0.4,0.5,1.3,29,1,13.7,0.2,2.6,0.8,0.6,1.7,TOT,23,Patrick McCaw,SG
0.7,0.0,1.0,.278,.222,0.7,.200,0.3,1.7,.250,0.3,1.3,3.0,,0.0,0.0,0.3,3,0,17.7,0.0,1.7,0.7,1.0,1.0,CLE,23,Patrick McCaw,SG
1.0,0.1,1.5,.519,.444,0.9,.533,0.6,1.2,.333,0.3,0.9,2.1,.867,0.5,0.6,1.4,26,1,13.2,0.3,2.7,0.8,0.5,1.7,TOR,23,Patrick McCaw,SG
3.0,0.4,3.1,.527,.459,8.2,.506,5.8,11.4,.375,2.4,6.4,17.8,.828,2.3,2.7,2.5,70,70,33.9,0.9,21.0,0.8,1.5,4.0,POR,27,CJ McCollum,SG
3.4,0.2,1.9,.542,.525,2.9,.546,2.7,5.0,.333,0.2,0.6,5.5,.784,0.4,0.5,1.4,76,3,19.3,0.4,6.4,1.0,1.2,2.3,PHI,26,T.J. McConnell,PG
0.9,0.1,1.2,.590,.491,2.7,.569,1.6,2.8,.408,1.1,2.7,5.5,.835,0.9,1.0,1.4,77,1,17.4,0.2,7.3,0.2,0.5,1.4,IND,27,Doug McDermott,SF
0.7,2.0,4.9,.625,.624,5.3,.634,5.3,8.4,.083,0.0,0.2,8.5,.632,1.3,2.0,2.8,75,62,22.3,2.6,12.0,0.6,1.4,7.5,LAL,31,JaVale McGee,C
1.7,0.2,2.7,.489,.403,2.8,.453,1.6,3.6,.351,1.2,3.4,7.0,.722,0.8,1.1,1.7,66,45,23.5,0.9,7.6,0.5,1.0,3.6,MIA,27,Rodney McGruder,SG
0.4,0.2,2.3,.564,.487,1.9,.586,1.3,2.2,.356,0.6,1.6,3.8,.563,0.4,0.7,1.9,72,5,13.9,1.1,4.7,0.3,0.4,3.4,GSW,26,Alfonzo McKinnie,SF
0.2,0.2,0.7,.523,.391,1.3,.348,0.4,1.2,.415,0.9,2.2,3.4,.667,0.4,0.6,1.2,19,0,8.3,0.2,3.9,0.3,0.3,0.9,SAC,25,Ben McLemore,SG
,,,,,,,,,,,,,,,,,,,,,,,,,,,,
1.1,0.3,1.3,.508,.469,2.3,.537,1.9,3.5,.286,0.4,1.3,4.8,.800,1.0,1.3,1.0,27,0,12.3,0.2,5.9,0.5,0.6,1.5,WAS,27,Jordan McRae,SG
1.0,0.1,1.4,.641,.538,2.6,.619,1.6,2.6,.444,1.0,2.3,4.9,1.000,0.1,0.1,0.6,8,0,13.0,0.1,6.4,0.1,0.3,1.5,TOR,31,Jodie Meeks,SG
1.0,0.7,2.6,.540,.491,1.5,.564,1.2,2.2,.324,0.3,0.9,3.1,.625,0.6,0.9,1.5,36,4,11.1,1.0,3.9,0.3,0.6,3.6,DAL,32,Salah Mejri,C
3.2,0.5,2.2,.447,.391,2.0,.441,1.4,3.2,.305,0.6,1.9,5.1,.750,0.4,0.6,2.3,50,31,19.7,0.5,5.0,1.4,1.5,2.7,PHO,20,De'Anthony Melton,PG
0.4,0.1,0.9,.328,.328,0.7,.339,0.7,1.9,.000,0.0,0.1,2.0,.765,0.4,0.6,0.5,29,0,5.0,0.3,1.8,0.2,0.5,1.2,SAS,21,Chimezie Metu,PF
4.3,0.1,5.3,.519,.441,6.6,.485,4.2,8.8,.378,2.3,6.2,14.9,.837,2.8,3.4,2.2,77,77,31.1,0.6,18.3,1.0,2.3,6.0,MIL,27,Khris Middleton,SF
0.7,0.3,1.5,.468,.360,2.1,.417,0.8,2.0,.330,1.3,3.8,5.9,.828,0.9,1.1,1.5,53,1,16.2,0.2,6.4,0.5,0.6,1.8,TOT,31,C.J. Miles,SF
0.6,0.3,1.4,.444,.340,1.8,.391,0.7,1.7,.314,1.1,3.4,5.2,.795,0.9,1.1,1.6,40,1,14.1,0.3,5.5,0.5,0.5,1.7,TOR,31,C.J. Miles,SF
1.1,0.4,2.0,.514,.400,3.2,.462,1.4,3.0,.364,1.8,5.1,8.1,.929,1.0,1.1,1.3,13,0,22.6,0.1,9.3,0.6,0.7,2.1,MEM,31,C.J. Miles,SF
2.1,0.3,1.7,.528,.390,2.7,.467,0.8,1.7,.365,1.9,5.3,7.0,.789,0.8,1.0,2.4,69,15,25.5,0.2,8.2,0.6,0.9,1.9,NOP,28,Darius Miller,SF
0.1,0.1,0.4,.615,.423,1.1,.200,0.1,0.5,.476,1.0,2.1,2.6,.750,0.3,0.4,0.5,10,0,6.7,0.1,3.5,0.1,0.1,0.5,TOR,25,Malcolm Miller,SF
3.0,0.1,1.9,.545,.425,3.4,.475,1.5,3.2,.394,1.9,4.9,8.1,.854,1.1,1.3,1.6,82,1,23.3,0.3,9.9,0.6,1.1,2.2,SAS,30,Patty Mills,PG
2.0,0.8,5.0,.528,.484,4.6,.522,3.8,7.2,.365,0.8,2.3,9.5,.727,2.6,3.6,2.6,70,65,27.1,2.2,12.6,1.2,1.4,7.2,DEN,33,Paul Millsap,PF
0.9,0.4,1.3,.471,.391,1.7,.465,1.0,2.2,.318,0.7,2.2,4.4,.714,0.3,0.4,1.5,20,0,13.4,0.5,4.4,0.4,0.3,1.8,PHI,22,Shake Milton,SG
1.2,0.7,6.1,.546,.439,5.2,.545,2.7,4.9,.365,2.5,6.9,11.8,.847,2.3,2.7,2.3,46,25,27.1,1.3,15.2,0.7,1.0,7.4,TOT,27,Nikola Mirotić,PF
1.1,0.8,6.8,.552,.447,5.7,.551,3.0,5.5,.368,2.7,7.2,12.7,.842,2.7,3.2,2.7,32,22,28.9,1.4,16.7,0.7,1.2,8.3,NOP,27,Nikola Mirotić,PF
1.4,0.6,4.4,.530,.415,4.0,.521,1.8,3.4,.356,2.2,6.2,9.6,.870,1.4,1.6,1.5,14,3,22.9,1.0,11.6,0.7,0.8,5.4,MIL,27,Nikola Mirotić,PF
4.2,0.4,3.3,.493,.432,8.6,.468,6.1,13.1,.362,2.4,6.7,19.9,.806,4.1,5.1,2.7,77,77,33.7,0.8,23.8,1.4,2.8,4.1,UTA,22,Donovan Mitchell,SG
1.1,0.1,0.4,.350,.300,0.4,.444,0.3,0.6,.182,0.1,0.8,1.4,1.000,0.1,0.1,0.7,14,0,6.0,0.1,1.1,0.1,0.6,0.4,UTA,25,Naz Mitrou-Long,SG
1.6,0.3,1.7,.480,.387,3.1,.461,1.6,3.5,.330,1.5,4.5,8.0,.882,1.2,1.4,1.5,73,0,17.2,0.2,8.9,0.5,1.2,1.9,CHO,20,Malik Monk,SG
0.6,0.2,2.4,.489,.487,2.1,.495,2.1,4.3,.200,0.0,0.1,4.4,.625,1.0,1.7,1.5,43,2,11.2,1.6,5.3,0.3,0.7,4.0,TOT,28,Greg Monroe,C
0.4,0.2,2.5,.460,.460,1.9,.471,1.9,4.1,.000,0.0,0.1,4.2,.574,0.9,1.6,1.6,38,2,11.1,1.6,4.8,0.3,0.8,4.1,TOR,28,Greg Monroe,C
0.5,0.0,0.0,.600,.600,1.5,.600,1.5,2.5,,0.0,0.0,2.5,,0.0,0.0,0.0,2,0,2.5,1.5,3.0,0.0,0.0,1.5,BOS,28,Greg Monroe,C
2.3,0.0,3.0,.674,.652,5.0,.636,4.7,7.3,1.000,0.3,0.3,7.7,.909,3.3,3.7,1.7,3,0,17.3,1.3,13.7,0.3,0.3,4.3,PHI,28,Greg Monroe,C
1.9,0.2,1.7,.553,.481,4.8,.506,3.4,6.7,.432,1.4,3.3,10.0,.763,0.8,1.1,2.1,53,36,27.6,0.7,11.9,0.8,1.1,2.4,NOP,29,E'Twaun Moore,SG
0.8,0.2,3.2,.500,.429,0.6,.333,0.4,1.2,1.000,0.2,0.2,1.4,,0.0,0.0,1.8,5,0,8.6,0.8,1.4,0.2,1.0,4.0,TOT,27,Eric Moreland,PF
0.0,0.0,3.0,,,0.0,,0.0,0.0,,0.0,0.0,0.0,,0.0,0.0,1.0,1,0,5.0,0.0,0.0,0.0,0.0,3.0,PHO,27,Eric Moreland,PF
1.0,0.3,3.3,.500,.429,0.8,.333,0.5,1.5,1.000,0.3,0.3,1.8,,0.0,0.0,2.0,4,0,9.5,1.0,1.8,0.3,1.3,4.3,TOR,27,Eric Moreland,PF
1.0,0.0,1.3,.450,.400,1.0,.429,0.8,1.8,.333,0.3,0.8,2.5,.500,0.3,0.5,0.3,4,0,7.3,0.0,2.5,0.5,0.3,1.3,MIL,23,Jaylen Morris,SG
,,,,,,,,,,,,,,,,,,,,,,,,,,,,
1.5,0.3,5.1,.533,.447,5.0,.508,3.1,6.1,.375,1.9,5.2,11.3,.844,1.9,2.3,2.4,75,53,27.9,1.0,13.9,0.6,1.2,6.1,BOS,29,Marcus Morris,PF
1.4,0.4,3.5,.492,.421,3.5,.484,2.3,4.8,.335,1.2,3.5,8.3,.772,1.2,1.6,3.0,58,16,21.9,1.1,9.4,0.6,0.9,4.6,TOT,29,Markieff Morris,PF
1.8,0.6,3.9,.509,.436,4.2,.516,2.8,5.4,.333,1.4,4.2,9.6,.781,1.7,2.1,3.4,34,15,26.0,1.2,11.5,0.7,1.4,5.1,WAS,29,Markieff Morris,PF
0.8,0.1,3.0,.455,.391,2.5,.423,1.7,4.0,.339,0.8,2.5,6.5,.737,0.6,0.8,2.4,24,1,16.1,0.8,6.5,0.5,0.3,3.8,OKC,29,Markieff Morris,PF
3.6,0.0,1.9,.560,.493,4.2,.531,3.1,5.8,.414,1.1,2.8,8.6,.802,0.8,1.0,1.2,82,6,24.0,0.4,10.4,0.9,0.6,2.4,DEN,23,Monte Morris,PG
0.3,0.3,0.3,.500,.500,1.0,.500,1.0,2.0,,0.0,0.0,2.0,.000,0.0,0.7,2.0,3,0,4.3,0.7,2.0,0.0,1.0,1.0,SAS,28,Donatas Motiejūnas,PF
0.5,0.1,1.5,.534,.534,1.8,.557,1.8,3.2,.000,0.0,0.1,3.3,.600,1.1,1.8,1.2,22,0,7.1,0.8,4.6,0.2,0.7,2.3,LAC,23,Johnathan Motley,PF
3.9,0.3,2.8,.493,.446,5.6,.492,4.4,9.0,.329,1.2,3.6,12.5,.774,2.4,3.2,1.7,59,42,27.2,0.6,14.8,0.7,2.4,3.3,NYK,22,Emmanuel Mudiay,PG
4.8,0.4,3.4,.502,.437,6.8,.476,4.8,10.1,.367,2.0,5.5,15.6,.848,2.5,3.0,2.0,75,74,32.6,0.9,18.2,0.9,2.1,4.2,DEN,21,Jamal Murray,PG
0.2,0.0,0.4,.432,.409,1.0,.667,0.9,1.3,.100,0.1,1.1,2.4,.000,0.0,0.2,0.1,9,0,4.3,0.1,2.1,0.2,0.4,0.6,BRK,19,Džanan Musa,SG
1.2,0.6,2.9,.525,.402,2.3,.533,0.9,1.6,.348,1.4,4.0,5.6,.824,1.1,1.3,2.0,64,10,20.4,0.9,7.0,0.3,0.8,3.8,TOT,27,Mike Muscala,PF
1.3,0.6,3.2,.514,.392,2.3,.519,0.9,1.7,.342,1.4,4.2,5.9,.818,1.3,1.6,2.4,47,6,22.1,1.1,7.4,0.4,0.9,4.3,PHI,27,Mike Muscala,PF
0.8,0.6,2.2,.560,.434,2.1,.577,0.9,1.5,.368,1.2,3.4,4.9,.875,0.4,0.5,1.1,17,4,15.6,0.4,5.9,0.2,0.3,2.6,LAL,27,Mike Muscala,PF
0.9,0.0,0.6,.432,.329,1.1,.333,0.4,1.2,.326,0.7,2.1,3.3,.600,0.3,0.5,0.6,42,0,10.5,0.2,3.2,0.3,0.5,0.9,TOT,21,Sviatoslav Mykhailiuk,SF
0.8,0.0,0.7,.436,.333,1.1,.362,0.4,1.2,.318,0.7,2.2,3.4,.600,0.3,0.5,0.6,39,0,10.8,0.2,3.3,0.3,0.5,0.9,LAL,21,Sviatoslav Mykhailiuk,SF
1.3,0.0,0.3,.375,.250,0.7,.000,0.0,1.3,.500,0.7,1.3,2.7,,0.0,0.0,0.0,3,0,6.7,0.3,2.0,0.3,0.3,0.7,DET,21,Sviatoslav Mykhailiuk,SF
0.3,0.2,1.7,.498,.423,1.5,.513,1.0,1.9,.320,0.5,1.6,3.5,.750,0.4,0.6,1.1,61,1,11.4,0.2,4.0,0.3,0.4,1.9,OKC,25,Abdel Nader,SF
3.2,0.6,5.7,.554,.520,3.7,.567,3.2,5.7,.337,0.5,1.5,7.1,.716,1.4,2.0,2.9,67,30,26.8,2.5,9.4,1.5,1.4,8.2,CLE,26,Larry Nance,C
2.6,0.3,1.5,.476,.389,3.0,.449,1.7,3.7,.333,1.4,4.1,7.8,.833,2.1,2.5,1.2,56,2,17.6,0.3,9.4,0.7,1.2,1.8,BRK,27,Shabazz Napier,PG
2.5,0.1,1.5,.522,.460,2.0,.535,1.5,2.7,.333,0.5,1.6,4.4,.848,0.8,0.9,1.3,37,1,12.8,0.2,5.3,0.4,0.9,1.7,UTA,26,Raul Neto,PG
0.6,0.1,1.3,.594,.475,1.5,.566,0.7,1.3,.410,0.7,1.8,3.1,.833,0.3,0.4,1.0,59,0,8.7,0.2,4.0,0.2,0.4,1.5,UTA,25,Georges Niang,PF
2.1,0.7,4.3,.516,.516,2.6,.519,2.6,5.0,.000,0.0,0.0,5.1,.716,1.9,2.6,2.3,42,1,16.5,1.4,7.1,0.5,1.2,5.7,MEM,33,Joakim Noah,C
0.6,1.2,2.6,.587,.587,2.1,.587,2.1,3.6,,0.0,0.0,3.6,.684,0.7,1.0,2.2,77,2,13.7,1.6,4.9,0.9,0.6,4.2,OKC,24,Nerlens Noel,C
0.7,0.4,3.0,.444,.359,2.6,.415,1.4,3.4,.312,1.3,4.0,7.4,.780,0.8,1.0,1.5,51,20,15.6,0.1,7.3,0.2,0.4,3.1,DAL,40,Dirk Nowitzki,PF
2.8,0.3,1.7,.395,.337,2.2,.371,1.4,3.9,.287,0.8,2.7,6.6,.767,0.5,0.7,2.4,43,16,21.0,0.3,5.7,0.7,1.3,2.0,NYK,20,Frank Ntilikina,PG
0.5,0.0,0.3,.471,.353,0.8,.444,0.3,0.6,.320,0.5,1.7,2.3,1.000,0.3,0.3,0.7,15,0,6.8,0.0,2.4,0.1,0.1,0.3,TOT,28,James Nunnally,SF
0.4,0.0,0.3,.548,.429,0.7,.500,0.3,0.6,.385,0.4,1.0,1.6,1.000,0.3,0.3,0.3,13,0,4.9,0.0,2.1,0.1,0.1,0.3,MIN,28,James Nunnally,SF
1.0,0.0,0.5,.346,.231,1.5,.000,0.0,0.5,.250,1.5,6.0,6.5,,0.0,0.0,3.0,2,0,19.0,0.0,4.5,0.0,0.0,0.5,HOU,28,James Nunnally,SF
,,,,,,,,,,,,,,,,,,,,,,,,,,,,
3.2,1.4,7.0,.510,.508,5.8,.523,5.8,11.1,.103,0.0,0.4,11.5,.773,3.9,5.1,3.5,72,72,27.4,3.4,15.6,1.0,2.3,10.4,POR,24,Jusuf Nurkić,C
1.1,0.3,2.4,.527,.481,2.5,.545,2.0,3.7,.320,0.5,1.5,5.1,.682,1.1,1.7,2.1,51,14,19.3,0.8,6.5,0.7,0.6,3.2,CLE,26,David Nwaba,SG
1.5,0.3,3.2,.574,.475,2.0,.569,1.2,2.0,.386,0.8,2.1,4.2,.762,0.4,0.5,2.1,82,16,20.4,0.3,5.2,0.7,0.9,3.5,UTA,25,Royce O'Neale,SF
1.2,0.6,2.0,.511,.507,1.5,.548,1.5,2.8,.083,0.0,0.3,3.0,.810,0.4,0.5,1.5,45,3,8.2,0.6,3.5,0.2,0.7,2.6,IND,28,Kyle O'Quinn,C
0.4,0.1,1.1,.513,.424,1.2,.565,0.7,1.2,.315,0.5,1.6,2.8,.615,0.4,0.7,0.8,56,3,10.6,0.4,3.3,0.2,0.3,1.5,BOS,24,Semi Ojeleye,PF
0.7,0.7,3.3,.587,.586,3.6,.591,3.6,6.1,.200,0.0,0.1,6.1,.663,1.0,1.5,1.6,59,24,15.8,1.4,8.2,0.3,0.9,4.7,NOP,23,Jahlil Okafor,C
2.4,0.1,1.6,.460,.393,2.2,.475,1.4,3.0,.295,0.7,2.5,5.5,.787,0.7,0.9,2.1,53,16,18.1,0.2,5.7,0.6,1.3,1.8,PHO,21,Élie Okobo,PG
1.2,0.4,2.4,.445,.386,2.6,.464,1.8,4.0,.279,0.8,2.9,6.9,.728,1.6,2.2,2.2,74,52,23.7,0.6,7.7,1.2,0.9,2.9,MIN,20,Josh Okogie,SG
5.2,0.3,5.0,.486,.423,6.9,.470,4.9,10.3,.343,2.1,6.0,16.3,.730,2.9,3.9,2.0,36,36,31.9,0.6,18.8,1.7,2.3,5.6,IND,26,Victor Oladipo,SG
1.8,0.5,3.8,.563,.463,3.3,.604,1.9,3.1,.354,1.4,4.0,7.1,.822,1.9,2.3,2.3,79,36,22.9,0.9,10.0,0.7,1.4,4.7,MIA,27,Kelly Olynyk,PF
2.6,0.1,4.1,.504,.427,4.7,.489,3.0,6.2,.348,1.7,4.9,11.1,.779,1.9,2.4,2.6,76,75,32.2,0.6,13.0,0.8,1.5,4.7,CLE,23,Cedi Osman,SF
1.2,0.9,3.7,.510,.445,5.4,.530,3.9,7.3,.320,1.6,4.9,12.2,.775,2.7,3.5,2.6,69,19,28.0,1.0,15.2,1.2,1.5,4.7,TOT,23,Kelly Oubre,SF
0.7,0.7,3.6,.500,.433,4.6,.526,3.1,6.0,.311,1.4,4.6,10.5,.800,2.3,2.9,2.4,29,7,26.0,0.8,12.9,0.9,1.0,4.4,WAS,23,Kelly Oubre,SF
1.6,1.0,3.7,.515,.453,6.1,.532,4.4,8.3,.325,1.7,5.2,13.4,.761,3.0,4.0,2.8,40,12,29.5,1.2,16.9,1.4,1.8,4.9,PHO,23,Kelly Oubre,SF
1.3,0.3,2.4,.440,.440,1.3,.450,1.3,2.8,.000,0.0,0.1,2.8,.782,1.4,1.8,2.2,68,3,12.9,1.5,3.9,0.5,0.8,3.9,DET,34,Zaza Pachulia,C
2.4,0.5,5.3,.533,.493,5.8,.556,4.8,8.7,.313,1.0,3.0,11.7,.712,2.0,2.9,2.3,64,17,26.9,1.2,14.5,0.7,2.4,6.6,TOT,23,Jabari Parker,PF
2.2,0.4,5.1,.514,.474,5.6,.523,4.7,9.0,.325,0.9,2.9,11.9,.731,2.0,2.8,2.2,39,17,26.7,1.1,14.3,0.6,2.2,6.2,CHI,23,Jabari Parker,PF
2.7,0.6,5.7,.565,.523,6.0,.613,5.0,8.2,.296,1.0,3.2,11.4,.684,2.1,3.0,2.3,25,0,27.3,1.5,15.0,0.9,2.7,7.2,WAS,23,Jabari Parker,PF
3.7,0.1,1.2,.474,.460,3.8,.485,3.6,7.4,.255,0.2,0.9,8.3,.734,1.6,2.2,0.9,56,0,17.9,0.3,9.5,0.4,1.3,1.5,CHO,36,Tony Parker,PG
1.7,0.2,2.6,.453,.374,2.7,.443,1.6,3.5,.309,1.2,3.8,7.3,.880,0.9,1.0,1.8,25,3,19.8,0.2,7.5,0.8,1.3,2.8,MEM,30,Chandler Parsons,SF
0.5,0.2,1.7,.479,.374,1.3,.439,0.6,1.3,.336,0.7,2.2,3.5,.633,0.3,0.5,0.7,63,5,13.7,0.7,3.6,0.3,0.3,2.3,OKC,29,Patrick Patterson,PF
1.0,0.0,1.3,.286,.286,0.7,.400,0.7,1.7,.000,0.0,0.7,2.3,.500,0.3,0.7,1.7,3,0,7.0,0.7,1.7,0.7,0.0,2.0,PHI,21,Justin Patton,C
8.2,0.3,3.9,.508,.419,5.2,.479,3.0,6.3,.358,2.2,6.1,12.4,.862,3.0,3.5,2.5,58,58,32.0,0.6,15.6,2.0,2.6,4.6,HOU,33,Chris Paul,PG
2.7,0.2,1.5,.487,.430,2.4,.511,1.8,3.5,.298,0.6,2.1,5.6,.805,0.8,1.0,1.6,40,13,17.8,0.3,6.3,0.7,1.1,1.8,TOT,24,Cameron Payne,PG
2.7,0.2,1.4,.458,.411,2.2,.486,1.7,3.5,.271,0.5,1.9,5.4,.880,0.7,0.8,1.6,31,12,17.3,0.3,5.7,0.6,1.1,1.7,CHI,24,Cameron Payne,PG
2.6,0.3,1.8,.573,.491,3.0,.600,2.0,3.3,.360,1.0,2.8,6.1,.688,1.2,1.8,1.7,9,1,19.6,0.3,8.2,0.9,1.2,2.1,CLE,24,Cameron Payne,PG
,,,,,,,,,,,,,,,,,,,,,,,,,,,,
7.6,0.4,4.1,.475,.434,4.3,.476,3.5,7.3,.314,0.8,2.5,9.8,.743,1.3,1.8,1.9,42,42,29.8,1.2,10.6,1.0,2.7,5.2,NOP,24,Elfrid Payton,PG
1.3,0.3,0.3,.688,.625,1.7,.667,1.3,2.0,.500,0.3,0.7,2.7,,0.0,0.0,0.7,3,0,5.3,0.3,3.7,1.0,0.3,0.7,WAS,26,Gary Payton,PG
1.2,0.0,1.8,.425,.342,1.4,.481,0.7,1.5,.261,0.7,2.6,4.1,.864,1.1,1.2,0.8,18,0,11.7,0.2,4.5,0.3,1.0,2.0,BRK,23,Theo Pinson,SG
3.0,0.9,4.4,.595,.593,3.2,.602,3.2,5.3,.200,0.0,0.1,5.4,.561,1.4,2.4,3.1,82,17,21.1,2.0,7.8,0.8,1.5,6.4,DEN,28,Mason Plumlee,C
0.9,0.2,1.3,.667,.667,1.8,.667,1.8,2.7,,0.0,0.0,2.7,.533,0.9,1.7,0.8,18,0,9.6,0.9,4.4,0.3,0.6,2.2,ATL,30,Miles Plumlee,C
1.2,0.9,3.0,.645,.645,2.4,.645,2.4,3.8,,0.0,0.0,3.8,.533,0.6,1.2,1.6,77,24,16.5,2.3,5.5,0.4,0.6,5.3,SAS,23,Jakob Pöltl,C
0.5,0.0,0.7,.552,.500,0.5,.575,0.4,0.8,.333,0.1,0.3,1.1,.810,0.6,0.8,0.5,53,0,5.5,0.2,1.8,0.2,0.2,0.9,SAS,30,Quincy Pondexter,SF
2.1,0.6,4.6,.546,.465,5.3,.504,3.5,6.9,.406,1.9,4.6,11.5,.813,1.4,1.7,1.9,56,43,30.1,1.0,13.9,1.5,1.2,5.6,TOT,25,Otto Porter,SF
2.0,0.5,4.7,.531,.457,4.9,.515,3.3,6.5,.369,1.6,4.3,10.8,.766,1.2,1.6,1.9,41,28,29.0,1.0,12.6,1.6,1.0,5.6,WAS,25,Otto Porter,SF
2.7,0.6,4.6,.580,.483,6.5,.479,3.9,8.1,.488,2.6,5.3,13.4,.906,1.9,2.1,1.9,15,15,32.8,0.9,17.5,1.2,1.7,5.5,CHI,25,Otto Porter,SF
1.4,0.4,5.9,.504,.444,5.6,.467,4.1,8.7,.393,1.5,3.8,12.6,.794,1.5,1.9,2.9,50,28,26.0,2.2,14.2,0.7,1.5,8.1,TOT,23,Bobby Portis,PF
1.3,0.4,5.2,.500,.450,5.5,.477,4.3,9.0,.375,1.2,3.3,12.3,.780,1.8,2.3,2.8,22,6,24.1,2.1,14.1,0.5,1.3,7.3,CHI,23,Bobby Portis,PF
1.5,0.4,6.4,.507,.440,5.6,.458,3.9,8.5,.403,1.7,4.3,12.8,.809,1.4,1.7,3.0,28,22,27.4,2.3,14.3,0.9,1.6,8.6,WAS,23,Bobby Portis,PF
1.5,0.6,3.5,.637,.597,3.8,.699,3.3,4.7,.307,0.5,1.6,6.3,.772,2.5,3.3,2.6,77,22,21.6,1.8,10.6,0.6,0.9,5.3,DAL,27,Dwight Powell,C
1.5,0.2,2.1,.568,.483,3.2,.543,2.1,3.8,.400,1.1,2.8,6.7,.827,1.0,1.3,1.6,60,3,18.8,0.3,8.6,0.7,1.1,2.3,TOR,25,Norman Powell,SG
0.8,0.5,2.2,.549,.494,1.9,.534,1.5,2.8,.391,0.4,1.1,3.9,.621,0.9,1.4,2.2,21,1,14.5,1.4,5.1,0.2,0.6,3.6,ATL,25,Alex Poythress,PF
0.0,0.0,0.0,1.000,1.000,1.0,1.000,1.0,1.0,,0.0,0.0,1.0,,0.0,0.0,0.0,1,0,1.0,0.0,2.0,0.0,0.0,0.0,HOU,23,Zhou Qi,PF
1.1,0.3,2.8,.554,.547,2.4,.574,2.3,4.0,.200,0.1,0.3,4.3,.710,1.0,1.4,1.8,49,13,14.7,1.4,5.8,0.3,0.7,4.2,MEM,21,Ivan Rabb,PF
2.0,0.1,0.9,.525,.419,1.9,.441,0.9,2.1,.400,0.9,2.3,4.4,.694,0.9,1.3,1.9,49,2,15.2,0.2,5.5,0.5,0.9,1.1,WAS,25,Chasson Randle,PG
3.1,0.6,6.5,.555,.524,7.8,.564,6.9,12.2,.344,0.9,2.7,14.9,.731,4.9,6.7,3.4,73,49,30.6,2.2,21.4,0.7,2.8,8.7,NOP,24,Julius Randle,PF
2.7,0.2,2.2,.557,.440,5.9,.502,2.8,5.6,.397,3.2,8.0,13.5,.894,3.0,3.4,1.7,76,63,31.3,0.3,18.1,0.4,1.3,2.4,PHI,34,J.J. Redick,SG
0.3,0.0,0.4,.500,.417,0.5,.375,0.3,0.8,.500,0.2,0.4,1.2,,0.0,0.0,0.3,10,0,4.7,0.2,1.2,0.1,0.1,0.6,IND,23,Davon Reed,SG
0.7,0.1,1.4,.558,.423,1.7,.444,0.6,1.4,.412,1.1,2.7,4.1,.889,0.4,0.5,1.4,19,0,13.6,0.2,5.0,0.3,0.3,1.6,MIN,23,Cameron Reynolds,SG
4.1,0.5,2.9,.492,.412,5.8,.458,3.5,7.8,.357,2.2,6.3,14.1,.861,2.7,3.2,2.7,73,73,34.8,0.7,16.6,1.1,1.5,3.6,MIA,25,Josh Richardson,SG
,,,,,,,,,,,,,,,,,,,,,,,,,,,,
0.0,0.0,0.5,.448,.310,0.4,.250,0.0,0.2,.320,0.4,1.1,1.3,.800,0.2,0.2,0.6,22,0,4.7,0.1,1.4,0.0,0.4,0.6,TOR,23,Malachi Richardson,SG
2.2,0.3,1.8,.497,.406,3.1,.522,1.7,3.2,.318,1.4,4.3,7.5,.526,0.7,1.3,2.7,76,15,26.7,0.3,8.1,0.6,0.9,2.1,TOT,26,Austin Rivers,SG
2.0,0.3,2.1,.477,.392,2.6,.489,1.5,3.0,.311,1.1,3.7,6.7,.543,0.9,1.6,2.5,29,2,23.6,0.3,7.2,0.6,1.2,2.4,WAS,26,Austin Rivers,SG
2.3,0.3,1.6,.507,.413,3.3,.541,1.8,3.3,.321,1.5,4.7,8.0,.510,0.5,1.0,2.9,47,13,28.6,0.3,8.7,0.6,0.7,1.9,HOU,26,Austin Rivers,SG
0.9,0.9,2.0,.594,.594,2.7,.633,2.7,4.3,.000,0.0,0.3,4.6,.643,1.3,2.0,1.6,7,0,13.6,0.9,6.7,0.6,0.3,2.9,WAS,23,Devin Robinson,SF
0.3,0.0,1.1,.500,.391,1.2,.727,0.5,0.7,.286,0.7,2.3,3.1,.667,0.3,0.4,0.7,15,1,10.7,0.1,3.3,0.3,0.3,1.3,MIA,24,Duncan Robinson,PF
0.4,0.2,1.1,.472,.420,1.6,.491,1.2,2.4,.290,0.4,1.3,3.7,.800,0.7,0.9,1.0,47,18,13.0,0.4,4.2,0.3,0.4,1.5,DET,25,Glenn Robinson,SF
0.6,0.1,1.2,.482,.400,1.3,.491,0.8,1.6,.316,0.5,1.7,3.3,.667,0.2,0.3,1.4,33,0,9.7,0.1,3.4,0.3,0.4,1.2,LAC,21,Jerome Robinson,SG
0.6,2.4,3.7,.694,.694,3.1,.694,3.1,4.4,,0.0,0.0,4.4,.600,1.2,2.0,3.3,66,19,20.6,2.7,7.3,0.8,0.5,6.4,NYK,20,Mitchell Robinson,C
8.0,0.2,4.5,.464,.405,3.8,.428,2.7,6.3,.359,1.1,3.1,9.4,.639,0.5,0.8,2.2,46,29,29.8,0.7,9.2,1.2,2.8,5.3,LAL,32,Rajon Rondo,PG
4.3,0.2,2.1,.518,.482,7.1,.509,6.1,11.9,.370,1.1,2.9,14.8,.856,2.7,3.1,1.1,51,13,27.3,0.6,18.0,0.6,1.6,2.7,MIN,30,Derrick Rose,PG
1.7,0.4,3.1,.534,.428,5.4,.484,2.8,5.7,.383,2.7,7.0,12.7,.875,1.6,1.8,1.5,81,0,26.5,0.3,15.1,0.9,1.1,3.5,ORL,27,Terrence Ross,SG
2.9,0.3,3.5,.477,.387,3.3,.422,1.8,4.2,.353,1.5,4.3,8.4,.785,0.9,1.2,1.3,79,14,22.7,0.4,9.0,0.9,0.9,3.9,BOS,24,Terry Rozier,PG
6.1,0.1,3.1,.458,.404,4.3,.454,3.2,7.0,.311,1.2,3.7,10.7,.855,2.9,3.4,2.6,68,67,27.9,0.5,12.7,1.3,2.6,3.6,UTA,28,Ricky Rubio,PG
7.0,0.2,3.2,.512,.434,8.1,.482,5.2,10.9,.369,2.9,7.8,18.7,.780,2.0,2.5,1.7,81,81,30.2,0.7,21.1,1.2,3.1,3.9,BRK,22,D'Angelo Russell,PG
2.9,0.4,6.8,.596,.590,5.6,.592,5.5,9.2,.529,0.1,0.2,9.5,.715,2.8,3.9,3.2,74,5,24.8,2.5,14.1,0.6,2.2,9.3,IND,22,Domantas Sabonis,C
0.7,0.2,0.9,.558,.467,2.0,.548,1.2,2.2,.379,0.8,2.1,4.3,.667,0.3,0.4,1.4,14,2,15.3,0.2,5.1,0.6,0.9,1.1,CHI,21,Brandon Sampson,SG
1.0,0.8,6.8,.583,.537,7.3,.600,6.0,10.0,.357,1.3,3.5,13.5,.810,4.3,5.3,2.0,4,0,31.8,1.3,20.0,1.0,1.0,8.0,CHI,25,JaKarr Sampson,SF
1.6,0.1,4.1,.522,.437,3.8,.499,2.3,4.6,.365,1.5,4.0,8.6,.880,1.6,1.9,2.2,81,41,25.0,1.6,10.6,0.6,1.2,5.6,TOT,24,Dario Šarić,PF
2.0,0.2,5.0,.443,.364,3.7,.435,2.1,4.8,.300,1.6,5.4,10.2,.900,2.1,2.3,3.0,13,13,30.5,1.6,11.1,0.3,1.9,6.6,PHI,24,Dario Šarić,PF
1.5,0.1,3.9,.540,.454,3.8,.511,2.3,4.6,.383,1.4,3.7,8.3,.875,1.5,1.8,2.1,68,28,23.9,1.5,10.5,0.6,1.1,5.5,MIN,24,Dario Šarić,PF
5.0,0.2,2.5,.545,.485,3.2,.524,2.4,4.6,.395,0.8,2.0,6.6,.819,1.6,2.0,2.2,80,54,27.1,1.0,8.9,1.0,1.5,3.5,WAS,27,Tomáš Satoranský,PG
4.1,0.2,3.1,.470,.414,5.8,.450,4.2,9.4,.341,1.6,4.6,14.0,.819,2.4,2.9,2.4,79,14,29.3,0.5,15.5,0.8,2.2,3.6,OKC,25,Dennis Schröder,PG
0.8,0.2,2.9,.520,.400,2.1,.399,0.8,2.1,.401,1.3,3.2,5.3,.667,0.3,0.4,2.0,79,3,17.7,0.5,5.8,0.3,0.6,3.5,TOT,30,Mike Scott,PF
0.8,0.2,2.9,.513,.400,1.8,.412,0.8,1.9,.391,1.0,2.6,4.4,.667,0.2,0.3,1.7,52,0,14.4,0.5,4.8,0.3,0.5,3.3,LAC,30,Mike Scott,PF
0.8,0.2,3.1,.529,.400,2.8,.380,1.0,2.6,.412,1.8,4.4,7.0,.667,0.4,0.6,2.5,27,3,24.0,0.7,7.8,0.3,0.6,3.8,PHI,30,Mike Scott,PF
,,,,,,,,,,,,,,,,,,,,,,,,,,,,
0.5,0.1,2.3,.591,.477,1.4,.521,0.7,1.4,.436,0.7,1.6,3.0,.636,0.3,0.4,0.8,50,2,12.2,0.2,3.8,0.9,0.5,2.5,UTA,34,Thabo Sefolosha,SF
1.5,0.2,1.9,.463,.406,2.6,.456,1.9,4.1,.316,0.7,2.3,6.4,.728,0.9,1.2,1.7,75,13,19.2,0.5,6.9,0.4,1.1,2.4,TOT,24,Wayne Selden,SG
1.1,0.2,0.9,.466,.404,2.0,.459,1.4,3.1,.317,0.6,2.0,5.0,.759,0.7,0.9,1.5,32,0,14.2,0.5,5.4,0.3,0.7,1.4,MEM,24,Wayne Selden,SG
1.7,0.2,2.7,.461,.407,3.0,.455,2.2,4.9,.315,0.8,2.6,7.5,.714,1.0,1.5,1.9,43,13,22.9,0.5,8.0,0.5,1.3,3.2,CHI,24,Wayne Selden,SG
3.0,0.1,2.2,.480,.430,6.3,.440,4.9,11.1,.402,1.5,3.6,14.7,.839,2.6,3.1,2.3,82,72,31.8,0.7,16.7,0.5,2.3,2.9,CLE,20,Collin Sexton,PG
1.5,0.1,1.4,.581,.431,3.0,.453,0.9,2.0,.422,2.1,5.0,7.1,.806,0.9,1.2,2.0,79,27,22.8,0.3,9.1,0.5,0.6,1.7,TOT,21,Landry Shamet,SG
1.1,0.1,1.2,.584,.441,2.8,.529,1.0,1.9,.404,1.8,4.5,6.4,.815,0.8,1.0,2.0,54,4,20.5,0.3,8.3,0.4,0.5,1.4,PHI,21,Landry Shamet,SG
2.3,0.1,2.0,.576,.414,3.5,.322,0.8,2.4,.450,2.7,6.0,8.4,.795,1.2,1.6,2.0,25,23,27.8,0.3,10.9,0.5,0.8,2.2,LAC,21,Landry Shamet,SG
1.8,0.4,2.5,.481,.374,2.7,.416,1.2,2.8,.348,1.5,4.4,7.2,.800,0.6,0.7,2.0,62,41,23.9,0.4,7.5,1.0,0.8,3.0,TOT,28,Iman Shumpert,SG
2.2,0.5,2.6,.489,.382,3.2,.404,1.4,3.5,.366,1.8,4.8,8.3,.829,0.8,1.0,2.2,42,40,26.2,0.5,8.9,1.1,0.9,3.1,SAC,28,Iman Shumpert,SG
1.1,0.2,2.3,.454,.347,1.7,.481,0.7,1.4,.296,1.1,3.6,4.9,.500,0.1,0.2,1.8,20,1,19.1,0.4,4.6,0.6,0.6,2.7,HOU,28,Iman Shumpert,SG
3.1,0.7,5.3,.591,.549,6.5,.602,5.5,9.1,.369,1.0,2.7,11.8,.785,3.0,3.8,3.0,80,79,31.9,1.6,16.9,0.9,1.9,6.9,TOR,24,Pascal Siakam,PF
0.0,0.0,0.0,1.500,1.000,1.0,,0.0,0.0,1.000,1.0,1.0,1.0,,0.0,0.0,0.0,1,0,4.0,0.0,3.0,0.0,0.0,0.0,ATL,26,Jordan Sibert,SG
7.7,0.8,6.6,.563,.563,6.8,.566,6.8,12.1,.000,0.0,0.1,12.2,.600,3.3,5.4,2.6,79,79,34.2,2.2,16.9,1.4,3.5,8.8,PHI,22,Ben Simmons,PG
2.3,0.3,1.8,.420,.380,2.4,.427,1.9,4.4,.269,0.5,1.9,6.3,.742,1.3,1.7,1.6,56,9,19.0,0.5,6.5,0.5,1.2,2.3,TOT,29,Jonathon Simmons,SG-SF
2.3,0.3,1.9,.397,.364,2.5,.419,2.1,5.0,.229,0.5,2.0,7.0,.778,1.4,1.8,1.7,41,9,20.6,0.6,6.9,0.4,1.4,2.4,ORL,29,Jonathon Simmons,SG
2.2,0.1,1.5,.523,.453,1.9,.465,1.3,2.9,.429,0.6,1.4,4.3,.640,1.1,1.7,1.4,15,0,14.6,0.3,5.5,0.7,0.8,1.7,PHI,29,Jonathon Simmons,SF
0.0,0.0,0.0,,,0.0,,0.0,0.0,,0.0,0.0,0.0,,0.0,0.0,0.0,1,0,2.0,0.0,0.0,0.0,0.0,0.0,CLE,21,Kobi Simmons,PG
0.7,0.0,0.5,.524,.444,1.4,.529,0.9,1.7,.345,0.5,1.5,3.2,.563,0.5,0.8,0.5,20,1,7.1,0.2,3.8,0.1,0.6,0.7,POR,19,Anfernee Simons,SG
4.0,0.4,2.2,.533,.422,3.0,.511,1.4,2.8,.364,1.6,4.3,7.1,.806,1.3,1.6,2.5,80,60,27.5,0.7,8.9,1.8,1.5,2.9,BOS,24,Marcus Smart,SG
4.8,0.4,2.3,.479,.428,5.2,.477,4.0,8.3,.322,1.3,3.9,12.3,.635,1.9,2.9,2.4,53,50,28.5,0.6,13.6,1.3,2.9,2.9,TOT,21,Dennis Smith,PG
4.3,0.3,2.5,.500,.440,4.9,.491,3.6,7.3,.344,1.3,3.9,11.2,.695,1.8,2.6,2.6,32,32,28.4,0.6,12.9,1.3,3.1,3.0,DAL,21,Dennis Smith,PG
5.4,0.4,2.1,.454,.413,5.8,.462,4.6,10.0,.289,1.1,4.0,14.0,.568,2.0,3.5,2.2,21,18,28.6,0.7,14.7,1.3,2.6,2.8,NYK,21,Dennis Smith,PG
3.6,0.2,2.2,.464,.419,3.7,.455,2.9,6.3,.326,0.8,2.4,8.7,.758,0.8,1.1,1.9,56,0,22.3,0.4,8.9,0.5,1.1,2.6,DET,30,Ish Smith,PG
1.9,0.3,1.6,.418,.342,2.5,.375,1.4,3.6,.308,1.1,3.5,7.2,.800,0.7,0.9,1.7,11,4,20.2,0.0,6.7,1.0,1.0,1.6,CLE,33,J.R. Smith,SG
0.7,0.4,1.8,.432,.356,1.1,.364,0.6,1.7,.346,0.5,1.3,3.0,.875,0.7,0.8,1.5,20,1,9.5,0.8,3.3,0.2,0.7,2.6,TOT,32,Jason Smith,PF-C
1.0,0.4,2.2,.459,.405,1.3,.407,0.9,2.3,.400,0.3,0.8,3.1,.833,0.8,1.0,1.8,12,1,10.8,0.9,3.7,0.1,0.6,3.1,WAS,32,Jason Smith,C
0.2,0.3,1.3,.423,.308,0.7,.250,0.2,0.7,.333,0.5,1.5,2.2,1.000,0.3,0.3,1.0,6,0,6.7,0.5,2.2,0.3,0.8,1.8,MIL,32,Jason Smith,PF
0.5,0.0,1.0,.333,.222,1.0,.000,0.0,1.0,.286,1.0,3.5,4.5,1.000,1.0,1.0,1.5,2,0,10.0,1.0,4.0,0.0,0.5,2.0,NOP,32,Jason Smith,C
1.7,0.3,1.7,.500,.412,2.3,.444,1.3,3.0,.375,1.0,2.7,5.7,.750,1.0,1.3,1.3,6,2,18.5,0.5,6.7,0.3,1.0,2.2,PHI,19,Zhaire Smith,SG
0.9,0.2,1.7,.564,.452,2.2,.522,1.1,2.1,.397,1.1,2.8,4.9,.881,0.5,0.6,1.2,74,12,17.6,0.4,6.0,0.4,0.3,2.1,MIL,27,Tony Snell,SF
0.4,0.6,2.4,.532,.532,1.8,.568,1.8,3.1,.000,0.0,0.2,3.4,.333,0.3,0.9,1.6,14,3,10.6,1.1,3.9,0.6,0.6,3.4,TOT,21,Ray Spalding,PF
0.0,0.0,0.0,,,0.0,,0.0,0.0,,0.0,0.0,0.0,,0.0,0.0,0.0,1,0,1.0,0.0,0.0,0.0,0.0,0.0,DAL,21,Ray Spalding,PF
0.4,0.6,2.5,.532,.532,1.9,.568,1.9,3.4,.000,0.0,0.2,3.6,.333,0.3,0.9,1.8,13,3,11.3,1.2,4.2,0.7,0.7,3.7,PHO,21,Ray Spalding,PF
1.0,0.5,2.7,.492,.402,2.1,.466,1.2,2.5,.344,1.0,2.8,5.3,.711,0.7,1.0,1.5,46,11,17.5,1.6,5.9,0.6,0.7,4.2,ATL,21,Omari Spellman,PF
,,,,,,,,,,,,,,,,,,,,,,,,,,,,
1.2,0.1,1.6,.506,.402,2.0,.440,1.0,2.2,.372,1.0,2.8,5.0,.891,0.8,0.9,0.7,68,0,14.9,0.3,5.9,0.3,0.8,1.9,TOT,25,Nik Stauskas,SG
1.4,0.1,1.6,.513,.419,2.2,.510,1.2,2.4,.344,1.0,2.8,5.2,.889,0.7,0.8,0.7,44,0,15.3,0.2,6.1,0.3,0.9,1.8,POR,25,Nik Stauskas,SG
0.8,0.1,1.6,.491,.367,1.7,.283,0.5,1.9,.429,1.1,2.6,4.5,.893,1.0,1.2,0.8,24,0,14.3,0.3,5.5,0.3,0.5,2.0,CLE,25,Nik Stauskas,SG
0.0,0.0,0.0,.500,.500,1.0,.500,1.0,2.0,,0.0,0.0,2.0,,0.0,0.0,0.0,1,0,7.0,0.0,2.0,1.0,1.0,0.0,MEM,28,D.J. Stephens,SG
2.1,0.1,2.7,.510,.426,2.7,.472,1.6,3.5,.371,1.1,2.9,6.4,.685,0.7,1.1,1.6,68,3,16.5,0.5,7.2,0.6,1.3,3.2,LAL,28,Lance Stephenson,SG
0.4,0.2,0.7,.398,.344,1.0,.405,0.7,1.6,.259,0.3,1.2,2.8,.625,0.7,1.0,1.1,23,2,9.1,0.4,2.9,0.5,0.4,1.0,IND,23,Edmond Sumner,PG
0.5,0.0,2.2,.349,.340,0.9,.370,0.8,2.2,.143,0.0,0.3,2.5,.667,0.3,0.4,1.3,21,0,8.5,0.8,2.0,0.3,0.9,3.0,TOT,21,Caleb Swanigan,PF
0.4,0.0,2.2,.330,.318,0.8,.333,0.7,2.2,.200,0.1,0.3,2.4,.857,0.3,0.4,1.2,18,0,8.1,0.7,1.9,0.2,0.9,2.9,POR,21,Caleb Swanigan,PF
1.3,0.3,2.7,.444,.444,1.3,.571,1.3,2.3,.000,0.0,0.7,3.0,.000,0.0,0.7,2.0,3,0,11.0,1.3,2.7,0.7,0.7,4.0,SAC,21,Caleb Swanigan,PF
2.1,0.7,5.2,.506,.450,5.9,.483,4.4,9.2,.373,1.5,3.9,13.1,.855,2.5,2.9,2.1,79,79,31.1,0.9,15.7,1.1,1.5,6.0,BOS,20,Jayson Tatum,SF
8.2,0.4,2.1,.465,.423,4.2,.453,3.4,7.4,.333,0.8,2.5,9.9,.804,2.9,3.6,2.1,42,41,30.1,0.4,12.1,1.0,2.3,2.5,MIN,30,Jeff Teague,PG
1.4,0.4,2.5,.513,.422,2.8,.515,1.6,3.1,.341,1.2,3.5,6.6,.748,1.1,1.4,2.7,75,55,27.2,0.4,7.8,1.0,0.9,2.9,TOT,32,Garrett Temple,SG
1.4,0.5,2.7,.525,.429,3.4,.520,1.9,3.6,.352,1.5,4.3,7.9,.750,1.2,1.6,2.7,49,49,31.2,0.4,9.4,1.0,1.1,3.1,MEM,32,Garrett Temple,SG
1.4,0.2,2.1,.472,.396,1.6,.500,1.0,2.0,.296,0.6,2.1,4.1,.742,0.9,1.2,2.7,26,6,19.6,0.4,4.7,1.0,0.6,2.5,LAC,32,Garrett Temple,SG
2.1,0.1,0.9,.550,.425,1.1,.538,0.5,0.9,.370,0.7,1.8,2.7,.571,0.3,0.5,1.8,15,0,10.0,0.2,3.2,0.2,1.4,1.1,LAC,31,Miloš Teodosić,PG
0.9,0.1,0.4,.359,.308,0.9,.364,0.6,1.6,.235,0.3,1.2,2.8,.500,0.2,0.4,1.1,14,0,7.9,0.1,2.2,0.2,0.7,0.4,MIN,23,Jared Terrell,SG
0.7,0.0,1.3,.571,.571,1.3,.571,1.3,2.3,,0.0,0.0,2.3,.500,0.7,1.3,1.3,3,0,7.7,1.0,3.3,1.0,0.7,2.3,TOT,22,Emanuel Terry,PF
0.5,0.0,2.0,.667,.667,2.0,.667,2.0,3.0,,0.0,0.0,3.0,.500,0.5,1.0,2.0,2,0,10.0,1.0,4.5,1.5,1.0,3.0,PHO,22,Emanuel Terry,PF
1.0,0.0,0.0,.000,.000,0.0,.000,0.0,1.0,,0.0,0.0,1.0,.500,1.0,2.0,0.0,1,0,3.0,1.0,1.0,0.0,0.0,1.0,MIA,22,Emanuel Terry,PF
1.0,0.6,2.1,.598,.549,2.2,.603,1.8,3.0,.388,0.4,1.0,4.0,.737,0.8,1.2,2.4,66,2,13.8,1.3,5.7,0.3,0.5,3.4,BOS,26,Daniel Theis,C
1.9,0.1,0.7,.404,.343,2.8,.393,1.8,4.7,.279,1.0,3.6,8.3,.630,1.4,2.3,1.4,12,0,15.1,0.4,8.1,0.4,1.5,1.1,DEN,29,Isaiah Thomas,SG
0.3,0.2,0.6,.391,.319,0.8,.353,0.5,1.3,.286,0.4,1.3,2.7,.636,0.3,0.4,0.8,26,0,7.5,0.2,2.3,0.3,0.2,0.8,DET,22,Khyri Thomas,SG
0.6,0.2,2.1,.452,.396,1.7,.475,1.2,2.6,.278,0.5,1.7,4.3,.750,0.6,0.8,1.8,46,17,17.0,0.5,4.5,0.4,0.5,2.5,NYK,30,Lance Thomas,PF
2.4,0.6,3.4,.553,.467,8.4,.516,5.3,10.3,.402,3.1,7.7,18.0,.816,1.7,2.0,2.0,78,78,34.0,0.5,21.5,1.1,1.5,3.8,GSW,28,Klay Thompson,SG
2.0,0.4,6.2,.529,.529,4.7,.529,4.7,8.8,,0.0,0.0,8.8,.642,1.6,2.5,2.1,43,40,27.9,4.0,10.9,0.7,1.4,10.2,CLE,27,Tristan Thompson,C
0.3,0.1,0.6,.378,.347,0.3,.412,0.2,0.5,.200,0.0,0.2,0.8,.735,0.4,0.5,0.6,64,1,4.9,0.1,1.0,0.2,0.3,0.7,LAC,24,Sindarius Thornwell,SG
0.7,0.3,2.5,.539,.382,1.5,.409,0.3,0.7,.377,1.2,3.3,4.0,.783,0.7,0.9,1.4,65,0,16.6,0.2,5.0,0.3,0.6,2.7,MIN,33,Anthony Tolliver,PF
3.4,1.6,9.0,.572,.518,8.8,.562,7.0,12.5,.400,1.8,4.6,17.1,.836,4.9,5.8,3.8,77,77,33.1,3.4,24.4,0.9,3.1,12.4,MIN,23,Karl-Anthony Towns,C
,,,,,,,,,,,,,,,,,,,,,,,,,,,,
0.3,0.1,0.7,.370,.320,1.1,.379,0.7,1.9,.238,0.3,1.4,3.3,.429,0.2,0.5,0.3,15,1,7.4,0.1,2.7,0.1,0.3,0.7,POR,20,Gary Trent,SG
1.9,0.2,2.6,.498,.448,3.6,.466,2.8,6.0,.394,0.8,2.1,8.1,.803,2.8,3.5,1.8,64,3,22.8,0.5,10.9,0.4,1.8,3.1,NYK,23,Allonzo Trier,SG
1.2,0.5,4.4,.535,.396,2.5,.449,0.7,1.7,.377,1.8,4.7,6.4,.695,0.5,0.7,3.1,82,82,34.2,1.5,7.3,1.6,0.8,5.8,HOU,33,P.J. Tucker,PF
3.9,0.2,4.0,.473,.460,2.8,.494,2.6,5.4,.212,0.2,0.7,6.1,.708,1.0,1.5,1.5,73,2,22.0,0.5,6.8,0.5,1.6,4.5,POR,30,Evan Turner,PG
1.6,2.7,5.8,.536,.487,5.1,.521,4.1,7.9,.388,1.0,2.6,10.5,.736,2.0,2.7,2.6,74,74,28.6,1.4,13.3,0.8,1.4,7.2,IND,22,Myles Turner,C
0.5,0.6,1.2,.694,.694,1.0,.694,1.0,1.4,,0.0,0.0,1.4,.633,0.4,0.6,0.7,51,1,6.3,0.5,2.3,0.2,0.3,1.8,UTA,31,Ekpe Udoh,C
0.0,0.0,0.0,,,0.0,,0.0,0.0,,0.0,0.0,0.0,,0.0,0.0,0.0,1,0,1.0,0.0,0.0,0.0,0.0,0.0,CHI,23,Tyler Ulis,PG
1.4,1.1,6.4,.572,.559,6.1,.586,5.9,10.0,.292,0.3,1.0,11.0,.795,3.0,3.8,3.0,49,27,22.3,2.2,15.6,0.4,1.8,8.6,TOT,26,Jonas Valančiūnas,C
1.0,0.8,5.4,.593,.575,5.0,.611,4.7,7.6,.300,0.3,1.0,8.6,.819,2.6,3.1,2.7,30,10,18.8,1.8,12.8,0.4,1.3,7.2,TOR,26,Jonas Valančiūnas,C
2.2,1.6,7.9,.554,.545,8.0,.563,7.7,13.7,.278,0.3,0.9,14.7,.769,3.7,4.8,3.4,19,17,27.7,2.7,19.9,0.3,2.7,10.7,MEM,26,Jonas Valančiūnas,C
0.2,0.1,0.9,.474,.474,0.5,.500,0.5,1.1,.000,0.0,0.1,1.1,.600,0.4,0.6,0.5,17,0,4.1,0.4,1.4,0.4,0.5,1.4,DEN,19,Jarred Vanderbilt,PF
4.8,0.3,2.3,.503,.410,3.8,.441,2.1,4.8,.378,1.8,4.6,9.4,.843,1.5,1.8,1.7,64,28,27.5,0.3,11.0,0.9,1.3,2.6,TOR,24,Fred VanVleet,PG
1.9,0.8,6.1,.523,.470,3.0,.531,2.4,4.5,.336,0.7,2.0,6.5,.712,1.6,2.3,2.6,68,57,25.3,1.7,8.4,0.7,1.3,7.8,NYK,23,Noah Vonleh,PF
3.8,1.1,9.2,.549,.518,8.8,.549,7.7,14.0,.364,1.1,2.9,16.9,.789,2.2,2.8,2.0,80,80,31.4,2.8,20.8,1.0,2.0,12.0,ORL,28,Nikola Vučević,C
4.2,0.5,3.0,.478,.433,5.8,.472,4.6,9.7,.330,1.2,3.6,13.3,.708,2.3,3.2,1.6,72,2,26.2,1.0,15.0,0.8,2.3,4.0,MIA,37,Dwyane Wade,SG
0.6,0.3,1.6,.480,.415,1.7,.521,1.1,2.2,.286,0.5,1.8,4.0,.811,1.0,1.2,1.3,43,5,10.4,0.4,4.8,0.3,0.9,2.0,LAL,21,Moritz Wagner,C
2.8,0.2,2.5,.528,.414,4.5,.471,2.0,4.3,.377,2.5,6.6,10.9,.500,0.5,1.0,1.6,44,28,25.9,0.2,12.0,0.7,1.5,2.6,MIA,27,Dion Waiters,SG
5.9,0.4,3.8,.511,.434,8.9,.494,5.7,11.6,.356,3.2,8.9,20.5,.844,4.6,5.5,1.6,82,82,34.9,0.6,25.6,1.2,2.6,4.4,CHO,28,Kemba Walker,PG
0.5,0.2,1.0,.402,.348,0.9,.333,0.6,1.9,.385,0.3,0.8,2.7,.800,0.5,0.6,0.4,17,0,6.9,0.0,2.6,0.4,0.2,1.0,SAS,20,Lonnie Walker,SG
8.7,0.9,3.2,.490,.444,7.7,.507,6.1,12.0,.302,1.6,5.3,17.3,.697,3.8,5.5,2.2,32,32,34.5,0.5,20.7,1.5,3.8,3.6,WAS,28,John Wall,PG
0.7,0.1,1.3,.433,.424,1.5,.444,1.4,3.2,.211,0.1,0.3,3.5,.526,0.5,0.9,1.3,62,0,10.1,0.3,3.5,0.3,0.6,1.6,LAC,24,Tyrone Wallace,PG
2.1,0.3,3.2,.545,.441,4.8,.498,2.5,5.1,.390,2.2,5.7,10.8,.819,1.7,2.1,2.6,55,47,28.2,0.4,13.5,1.0,1.8,3.6,ATL,24,Taurean Waller-Prince,SF
,,,,,,,,,,,,,,,,,,,,,,,,,,,,
1.6,0.1,1.1,.552,.476,1.4,.515,0.9,1.8,.410,0.4,1.1,2.9,.857,0.7,0.8,0.9,36,0,9.5,0.1,3.9,0.3,0.5,1.1,BOS,29,Brad Wanamaker,PG
1.5,0.7,3.3,.549,.486,6.9,.510,5.1,10.0,.428,1.8,4.2,14.2,.815,2.3,2.9,2.8,43,36,31.6,0.7,18.0,1.2,1.2,4.0,PHO,25,T.J. Warren,SF
0.8,0.1,1.8,.385,.333,0.9,.458,0.6,1.3,.208,0.3,1.3,2.7,.750,0.2,0.2,0.9,18,3,14.1,0.4,2.2,0.7,0.4,2.3,MEM,27,Julian Washburn,SF
0.5,0.1,1.8,.314,.294,1.0,.371,0.9,2.3,.125,0.1,1.1,3.4,.700,0.5,0.7,0.7,15,0,11.6,0.3,2.6,0.3,0.4,2.1,MEM,24,Yuta Watanabe,SF
0.5,0.0,0.4,.654,.538,0.6,.667,0.4,0.5,.429,0.3,0.6,1.2,.500,0.1,0.2,0.3,11,0,3.3,0.0,1.6,0.0,0.1,0.4,DEN,22,Thomas Welsh,C
10.7,0.5,9.6,.468,.428,8.6,.481,7.0,14.5,.290,1.6,5.6,20.2,.656,4.1,6.2,3.4,73,73,36.0,1.5,22.9,1.9,4.5,11.1,OKC,30,Russell Westbrook,PG
3.9,0.7,3.2,.523,.479,3.9,.529,3.2,6.0,.338,0.7,2.1,8.1,.772,1.4,1.8,2.2,67,55,25.8,0.5,9.9,1.0,1.4,3.7,SAS,24,Derrick White,PG
0.0,0.0,0.3,.000,.000,0.0,,0.0,0.0,.000,0.0,0.7,0.7,,0.0,0.0,0.0,3,0,2.0,0.3,0.0,0.0,0.0,0.7,WAS,26,Okaro White,PF
0.8,1.9,7.8,.572,.571,5.4,.581,5.4,9.2,.125,0.0,0.2,9.4,.449,1.5,3.4,2.7,72,53,23.3,3.6,12.3,0.6,1.3,11.3,MIA,29,Hassan Whiteside,C
2.5,0.7,3.7,.461,.412,6.8,.441,5.2,11.8,.339,1.6,4.8,16.6,.699,2.8,4.1,2.1,73,73,34.8,1.1,18.1,1.0,1.9,4.8,MIN,23,Andrew Wiggins,SF
0.6,0.0,3.0,.615,.615,1.6,.667,1.6,2.4,.000,0.0,0.2,2.6,.500,0.4,0.8,0.4,5,0,5.2,0.8,3.6,0.2,0.2,3.8,BRK,26,Alan Williams,PF
0.8,0.0,0.5,.557,.486,1.1,.632,0.8,1.3,.313,0.3,1.1,2.3,.000,0.0,0.1,1.1,15,0,8.5,0.1,2.6,0.4,0.3,0.5,MIN,28,C.J. Williams,SG
0.5,0.3,2.1,.591,.591,2.7,.602,2.7,4.5,.000,0.0,0.1,4.6,.563,1.1,2.0,2.6,24,0,15.5,2.0,6.5,0.3,0.7,4.1,LAL,23,Johnathan Williams,C
1.8,0.4,3.6,.477,.384,2.3,.447,1.2,2.7,.333,1.1,3.4,6.1,.684,0.3,0.4,2.1,46,29,23.5,1.2,6.1,1.0,0.8,4.8,NOP,24,Kenrich Williams,SF
5.4,0.1,2.4,.471,.425,6.5,.447,5.1,11.3,.361,1.4,3.9,15.2,.876,5.7,6.5,1.1,75,1,26.6,0.5,20.0,0.8,2.4,3.0,LAC,32,Lou Williams,SG
1.2,0.8,4.4,.529,.422,3.7,.500,1.8,3.6,.366,1.9,5.1,8.7,.767,0.9,1.1,2.1,75,75,28.4,1.0,10.1,0.9,0.6,5.4,CHO,32,Marvin Williams,PF
0.2,1.3,1.7,.706,.706,1.1,.706,1.1,1.6,,0.0,0.0,1.6,.600,0.3,0.5,1.1,32,2,8.8,0.8,2.5,0.3,0.3,2.5,BOS,21,Robert Williams,C
0.5,0.4,2.2,.520,.449,2.1,.556,1.4,2.6,.318,0.7,2.1,4.7,.600,0.4,0.7,1.8,21,0,14.9,0.6,5.3,0.5,0.4,2.8,SAC,24,Troy Williams,SF
1.1,0.4,3.7,.506,.414,2.2,.468,1.2,2.6,.362,1.0,2.6,5.2,.553,0.5,1.0,1.8,48,3,18.4,0.9,5.8,0.4,0.7,4.6,MIL,22,D.J. Wilson,PF
4.3,0.3,4.4,.497,.433,4.9,.462,3.5,7.5,.375,1.5,3.9,11.3,.628,1.3,2.1,2.7,66,52,29.7,1.0,12.6,1.1,2.2,5.4,MIA,22,Justise Winslow,SF
,,,,,,,,,,,,,,,,,,,,,,,,,,,,
0.4,0.5,3.1,.560,.521,2.9,.571,2.5,4.3,.346,0.4,1.2,5.6,.732,2.0,2.7,0.8,21,2,12.0,0.8,8.2,0.3,0.8,4.0,TOT,23,Christian Wood,PF
0.2,0.0,1.2,.540,.480,0.9,.450,0.7,1.5,.600,0.2,0.4,1.9,.667,0.8,1.2,0.2,13,0,4.8,0.3,2.8,0.0,0.2,1.5,MIL,23,Christian Wood,PF
0.8,1.3,6.3,.565,.533,6.1,.606,5.4,8.9,.286,0.8,2.6,11.5,.756,3.9,5.1,1.8,8,2,23.6,1.6,16.9,0.9,1.8,7.9,NOP,23,Christian Wood,PF
3.3,0.4,2.6,.478,.434,3.2,.492,2.6,5.2,.298,0.7,2.2,7.4,.793,1.6,2.0,1.4,75,13,22.7,0.9,8.7,1.2,1.0,3.5,TOT,26,Delon Wright,PG
2.2,0.3,1.8,.485,.433,2.6,.478,2.0,4.1,.333,0.6,1.8,6.0,.869,1.1,1.2,1.1,49,2,18.3,0.8,6.9,0.9,0.8,2.6,TOR,26,Delon Wright,PG
5.3,0.6,4.3,.472,.434,4.4,.508,3.7,7.2,.256,0.8,3.0,10.2,.742,2.5,3.4,1.9,26,11,30.8,1.1,12.2,1.6,1.5,5.4,MEM,26,Delon Wright,PG
0.4,0.2,0.7,.513,.455,0.9,.531,0.6,1.2,.321,0.2,0.7,1.9,.682,0.4,0.5,0.8,41,1,6.1,0.6,2.3,0.2,0.4,1.3,BOS,23,Guerschon Yabusele,PF
0.5,0.3,0.3,.500,.333,0.8,.000,0.0,0.3,.375,0.8,2.0,2.3,,0.0,0.0,1.0,4,0,9.3,0.0,2.3,0.0,0.5,0.3,DEN,33,Nick Young,SG
2.5,0.4,4.1,.557,.527,5.5,.564,4.8,8.6,.349,0.6,1.8,10.4,.644,1.1,1.7,2.4,81,81,30.7,2.4,12.6,1.5,1.5,6.5,IND,30,Thaddeus Young,PF
8.1,0.2,2.9,.480,.418,6.5,.477,4.6,9.6,.324,1.9,6.0,15.5,.829,4.2,5.1,1.7,81,81,30.9,0.8,19.1,0.9,3.8,3.7,ATL,20,Trae Young,PG
2.1,0.8,4.6,.559,.551,3.9,.570,3.8,6.6,.273,0.1,0.4,7.0,.787,2.3,2.9,3.3,49,47,25.4,2.2,10.1,0.8,1.3,6.8,CHO,26,Cody Zeller,C
0.7,0.5,2.2,.533,.533,2.7,.552,2.7,4.8,.000,0.0,0.2,5.0,.778,2.3,3.0,3.3,6,1,15.5,1.8,7.7,0.2,0.7,4.0,TOT,29,Tyler Zeller,C
0.5,0.0,2.0,.000,.000,0.0,.000,0.0,0.5,.000,0.0,0.5,1.0,,0.0,0.0,2.0,2,0,5.5,1.0,0.0,0.0,0.0,3.0,ATL,29,Tyler Zeller,C
0.8,0.8,2.3,.571,.571,4.0,.571,4.0,7.0,,0.0,0.0,7.0,.778,3.5,4.5,4.0,4,1,20.5,2.3,11.5,0.3,1.0,4.5,MEM,29,Tyler Zeller,C
0.9,0.4,3.6,.553,.553,3.1,.553,3.1,5.6,,0.0,0.0,5.6,.705,1.6,2.2,1.9,59,25,18.3,1.8,7.8,0.2,1.0,5.4,CLE,22,Ante Žižić,C
1.1,0.9,4.2,.559,.559,3.6,.559,3.6,6.4,,0.0,0.0,6.4,.802,1.7,2.1,2.3,59,37,17.6,1.9,8.9,0.2,1.2,6.1,TOT,21,Ivica Zubac,C
0.8,0.8,3.3,.580,.580,3.4,.580,3.4,5.8,,0.0,0.0,5.8,.864,1.7,2.0,2.2,33,12,15.6,1.6,8.5,0.1,1.0,4.9,LAL,21,Ivica Zubac,C
1.5,0.9,5.3,.538,.538,3.8,.538,3.8,7.2,,0.0,0.0,7.2,.733,1.7,2.3,2.5,26,25,20.2,2.3,9.4,0.4,1.4,7.7,LAC,21,Ivica Zubac,C
