APerM,BPerM,DRB PerM,FG %,FG PerM,FG2 PerM,FG2A PerM,FG3 %,FG3 PerM,FG3A PerM,FGA PerM,FTPerM,Fouls PerM,GP,GS,MPG,ORB PerM,PPerM,SPerM,TO PerM,TRB PerM,Teams,age,name,position
0.9,0.3,2.8,.395,3.7,.443,2.2,.380,2.7,7.0,9.2,1.2,3.9,75,8,1134,0.8,11.2,1.2,0.8,3.6,Álex Abrines,24,Álex Abrines,SG
1.5,0.8,5.7,.356,3.4,.384,1.9,.349,2.7,7.7,9.7,1.3,3.9,70,8,1359,1.1,10.9,0.9,1.6,6.8,Quincy Acy,27,Quincy Acy,PF
1.3,1.1,4.4,.629,6.5,.631,10.3,.000,0.0,0.0,10.3,2.3,3.1,76,76,2487,5.6,15.3,1.3,1.9,9.9,Steven Adams,24,Steven Adams,C
2.7,1.1,6.9,.512,4.6,.523,8.8,.000,0.0,0.2,8.9,3.4,3.6,69,19,1368,3.1,12.6,0.8,1.7,10.0,Bam Adebayo,20,Bam Adebayo,C
1.6,0.5,3.3,.401,3.4,.413,4.9,.386,1.4,3.7,8.6,1.2,3.0,53,3,682,0.2,9.4,0.2,1.1,3.5,Arron Afflalo,32,Arron Afflalo,SG
2.2,0.7,8.8,.333,3.7,.333,11.0,,0.0,0.0,11.0,1.5,8.1,21,0,49,2.2,8.8,1.5,0.7,11.0,Cole Aldrich,29,Cole Aldrich,C
2.2,1.3,5.6,.510,9.9,.526,18.0,.293,0.4,1.3,19.3,4.8,2.3,75,75,2509,3.5,24.9,0.6,1.6,9.1,LaMarcus Aldridge,32,LaMarcus Aldridge,C
1.2,2.2,6.1,.589,5.8,.599,9.5,.333,0.1,0.4,9.9,2.8,3.7,72,31,1441,3.6,14.7,0.7,2.0,9.7,Jarrett Allen,19,Jarrett Allen,C
4.0,0.7,2.4,.273,2.0,.545,3.7,.000,0.0,3.7,7.4,2.4,5.0,18,1,107,1.3,6.4,1.0,3.0,3.7,Kadeem Allen,25,Kadeem Allen,PG
1.2,0.4,3.6,.484,5.8,.506,10.4,.333,0.5,1.6,12.0,1.5,6.5,22,0,273,2.6,13.6,1.5,2.5,6.2,Tony Allen,36,Tony Allen,SF
1.5,0.7,7.4,.395,4.0,.432,4.2,.369,2.2,5.9,10.1,1.0,2.4,69,67,2072,1.7,11.2,1.4,1.4,9.1,Al-Farouq Aminu,27,Al-Farouq Aminu,PF
1.7,0.5,4.7,.431,6.0,.535,6.9,.330,2.4,7.1,14.0,1.9,3.7,38,0,519,1.7,16.4,1.0,1.1,6.5,Justin Anderson,24,Justin Anderson,SF
3.7,1.1,5.7,.527,4.2,.556,6.9,.333,0.3,1.0,8.0,1.9,2.1,74,67,1978,1.5,10.6,2.1,1.7,7.2,Kyle Anderson,24,Kyle Anderson,SF
1.3,0.4,4.9,.431,4.3,.539,2.9,.386,2.7,7.1,10.0,1.5,2.6,66,50,1725,2.0,12.9,0.5,0.9,6.9,Ryan Anderson,29,Ryan Anderson,PF
0.0,3.6,4.8,.444,4.8,.444,10.8,,0.0,0.0,10.8,6.0,1.2,11,0,30,6.0,15.6,1.2,2.4,10.8,Ike Anigbogu,19,Ike Anigbogu,C
4.7,1.4,7.8,.529,9.7,.554,16.5,.307,0.6,1.8,18.3,6.4,3.0,75,75,2756,2.0,26.3,1.4,2.9,9.8,Giannis Antetokounmpo,23,Giannis Antetokounmpo,PF
1.5,0.7,5.6,.404,6.8,.437,10.0,.357,2.4,6.8,16.8,2.1,2.8,78,78,2501,1.0,18.2,0.7,1.4,6.5,Carmelo Anthony,33,Carmelo Anthony,PF
1.3,0.3,3.4,.471,4.0,.604,3.6,.371,1.8,4.8,8.4,0.9,3.2,74,62,1481,1.1,10.6,1.3,1.1,4.5,OG Anunoby,20,OG Anunoby,SF
4.1,0.0,2.8,.415,2.0,.800,1.2,.290,1.1,3.7,4.9,0.6,2.1,24,0,304,0.1,5.7,1.5,1.5,3.0,Ryan Arcidiacono,23,Ryan Arcidiacono,PG
1.7,0.2,4.1,.412,4.3,.519,3.0,.368,2.7,7.3,10.3,1.2,2.1,67,67,2269,0.5,12.4,1.6,0.8,4.7,Trevor Ariza,32,Trevor Ariza,SF
,,,,,,,,,,,,,,,,,,,,,,,,
2.3,0.8,3.1,.468,5.6,.583,6.1,.348,2.0,5.9,12.0,0.5,5.6,19,1,141,0.8,13.8,2.0,3.8,3.8,Darrell Arthur,29,Darrell Arthur,PF
2.3,0.4,4.4,.392,4.0,.460,6.5,.276,1.0,3.7,10.2,0.9,1.4,15,1,279,0.5,9.9,0.3,1.0,4.9,Jamel Artis,25,Jamel Artis,SG
0.6,0.8,7.5,.409,1.8,.409,4.4,,0.0,0.0,4.4,0.8,4.0,18,0,182,1.8,4.4,0.4,1.8,9.3,Ömer Aşık,31,Ömer Aşık,C
0.6,0.6,8.9,.438,2.1,.438,4.8,,0.0,0.0,4.8,1.2,4.2,14,0,121,2.1,5.4,0.3,1.5,11.0,Ömer Aşık,31,Ömer Aşık,C
0.6,1.2,4.7,.333,1.2,.333,3.5,,0.0,0.0,3.5,0.0,3.5,4,0,61,1.2,2.4,0.6,2.4,5.9,Ömer Aşık,31,Ömer Aşık,C
5.9,0.0,2.7,.452,5.0,.485,5.5,.419,2.3,5.6,11.0,3.4,1.9,75,36,1760,0.6,15.7,1.1,2.5,3.3,D.J. Augustin,30,D.J. Augustin,PG
1.6,0.4,4.5,.423,4.6,.525,3.0,.385,3.0,7.9,10.8,0.9,2.7,50,14,715,0.4,13.0,0.4,1.0,4.8,Luke Babbitt,28,Luke Babbitt,SF
1.6,0.3,4.8,.476,5.1,.544,3.6,.441,3.1,7.0,10.6,1.1,3.0,37,9,570,0.3,14.3,0.4,0.9,5.1,Luke Babbitt,28,Luke Babbitt,SF
1.2,0.5,3.2,.234,2.7,.000,0.5,.244,2.7,11.2,11.7,0.0,1.7,13,5,145,0.5,8.2,0.2,1.0,3.7,Luke Babbitt,28,Luke Babbitt,SF
1.9,0.1,6.1,.375,3.6,.409,7.5,.256,0.6,2.2,9.7,1.0,2.3,53,6,713,0.2,8.8,0.8,1.2,6.3,Dwayne Bacon,22,Dwayne Bacon,SG
4.4,0.6,2.3,.339,1.9,.346,2.4,.333,1.0,3.1,5.5,1.9,3.1,29,1,385,0.5,6.6,2.4,1.7,2.8,Ron Baker,24,Ron Baker,SG
2.3,0.5,3.2,.667,6.3,.625,7.2,.800,1.8,2.3,9.5,2.7,5.4,7,0,80,0.5,17.1,0.9,1.8,3.6,Wade Baldwin,21,Wade Baldwin,PG
7.6,0.9,5.9,.360,4.1,.420,5.4,.305,1.8,6.0,11.4,0.6,2.4,52,50,1780,1.4,10.7,1.8,2.8,7.3,Lonzo Ball,20,Lonzo Ball,PG
9.7,0.1,4.2,.439,6.8,.499,8.5,.367,2.6,7.0,15.5,1.8,1.9,69,10,1603,0.3,18.0,0.8,3.2,4.5,J.J. Barea,33,J.J. Barea,PG
2.1,0.2,5.3,.445,7.3,.478,12.0,.357,1.6,4.6,16.5,3.5,1.3,77,77,2634,1.1,19.8,0.7,1.6,6.4,Harrison Barnes,25,Harrison Barnes,PF
4.4,0.7,4.5,.452,6.2,.510,8.1,.370,2.1,5.7,13.8,2.4,2.3,81,40,2683,0.9,17.0,1.1,2.0,5.5,Will Barton,27,Will Barton,SG
6.3,0.4,4.5,.415,4.9,.473,6.8,.336,1.7,5.0,11.8,2.0,1.3,64,64,1981,1.0,13.4,1.2,2.4,5.6,Nicolas Batum,29,Nicolas Batum,SG
2.1,0.2,2.5,.416,4.2,.474,4.5,.370,2.1,5.7,10.2,1.4,3.5,39,11,925,0.6,11.9,0.9,1.8,3.1,Jerryd Bayless,29,Jerryd Bayless,SG
2.3,1.2,7.4,.471,5.1,.487,10.3,.143,0.1,0.5,10.8,1.4,4.8,81,67,1485,3.2,11.7,0.5,1.9,10.5,Aron Baynes,31,Aron Baynes,C
4.6,0.9,4.5,.420,5.7,.438,8.1,.394,2.2,5.5,13.6,3.2,3.0,65,65,1789,0.5,16.8,2.0,3.2,5.0,Kent Bazemore,28,Kent Bazemore,SG
4.5,0.4,3.7,.460,8.3,.507,11.5,.375,2.4,6.4,17.9,3.5,1.9,82,82,2977,0.7,22.5,1.2,2.6,4.4,Bradley Beal,24,Bradley Beal,SG
1.9,0.4,3.5,.410,4.5,.469,5.9,.341,1.7,5.1,11.0,1.4,2.2,62,0,583,0.9,12.1,0.9,1.5,4.4,Malik Beasley,21,Malik Beasley,SG
2.7,0.9,6.9,.507,8.9,.520,15.7,.395,0.7,1.9,17.6,2.7,3.2,74,30,1653,2.1,21.3,0.8,3.1,9.0,Michael Beasley,29,Michael Beasley,PF
2.7,0.2,2.4,.441,6.2,.509,6.8,.377,2.8,7.3,14.1,2.7,1.7,80,2,1947,0.4,18.0,1.2,1.7,2.8,Marco Belinelli,31,Marco Belinelli,SG
3.1,0.1,2.6,.410,5.9,.450,7.1,.372,2.7,7.3,14.4,3.0,1.2,52,1,1210,0.4,17.6,1.4,1.6,3.0,Marco Belinelli,31,Marco Belinelli,SG
2.2,0.4,2.2,.495,6.7,.618,6.4,.385,2.8,7.2,13.6,2.3,2.4,28,1,737,0.3,18.6,1.0,2.0,2.5,Marco Belinelli,31,Marco Belinelli,SG
,,,,,,,,,,,,,,,,,,,,,,,,
4.5,2.5,6.5,.627,5.2,.641,8.1,.000,0.0,0.2,8.2,1.3,4.1,57,13,809,2.7,11.7,1.6,2.3,9.2,Jordan Bell,23,Jordan Bell,C
3.9,0.9,5.1,.414,4.2,.429,7.8,.367,0.9,2.4,10.1,1.5,3.0,26,3,455,0.6,10.8,1.7,3.7,5.7,DeAndre' Bembry,23,DeAndre' Bembry,SF
2.3,0.9,5.6,.386,3.3,.426,2.8,.366,2.1,5.6,8.4,0.7,2.9,82,37,2069,0.7,9.2,0.4,1.9,6.3,Dragan Bender,20,Dragan Bender,PF
2.5,0.9,4.5,.440,5.3,.588,3.8,.373,3.1,8.4,12.1,1.3,3.1,77,10,1086,0.6,15.1,0.9,1.2,5.1,Dāvis Bertāns,25,Dāvis Bertāns,PF
3.4,0.5,3.1,.403,5.2,.407,6.4,.400,2.6,6.5,12.8,1.5,3.7,11,11,334,1.7,14.4,2.0,2.7,4.9,Patrick Beverley,29,Patrick Beverley,SG
2.1,1.3,6.9,.540,4.2,.540,7.8,,0.0,0.0,7.8,2.6,3.5,42,0,578,4.4,11.1,0.9,1.3,11.2,Khem Birch,25,Khem Birch,C
2.5,0.3,4.1,.577,4.7,.632,5.9,.429,0.9,2.2,8.1,1.9,2.2,13,1,115,1.9,12.2,0.9,2.5,5.9,Jabari Bird,23,Jabari Bird,SG
1.6,2.3,7.8,.520,4.4,.521,8.5,.000,0.0,0.0,8.5,2.5,3.8,82,25,1495,3.5,11.3,0.5,2.0,11.3,Bismack Biyombo,25,Bismack Biyombo,C
2.3,0.4,5.8,.461,4.5,.505,4.9,.415,2.0,4.8,9.7,0.9,3.7,67,21,1371,1.4,11.9,1.3,1.4,7.2,Nemanja Bjelica,29,Nemanja Bjelica,PF
0.9,2.0,6.7,.591,5.0,.638,7.8,.091,0.1,0.7,8.5,1.9,7.2,51,2,536,4.2,12.1,1.4,2.4,10.9,Tarik Black,26,Tarik Black,C
2.3,0.1,3.3,.371,6.1,.418,10.4,.288,1.7,6.0,16.4,3.4,2.2,19,0,314,0.5,17.3,0.8,1.3,3.8,Antonio Blakeney,21,Antonio Blakeney,SG
5.7,0.7,3.6,.473,7.3,.545,9.8,.347,1.9,5.6,15.3,3.9,2.9,74,74,2322,0.8,20.4,2.3,3.3,4.4,Eric Bledsoe,28,Eric Bledsoe,PG
3.9,0.9,1.7,.400,6.9,.444,11.7,.308,1.7,5.6,17.3,4.8,2.6,3,3,83,1.3,20.4,1.7,4.3,3.0,Eric Bledsoe,28,Eric Bledsoe,PG
5.8,0.6,3.7,.476,7.3,.550,9.7,.349,1.9,5.6,15.3,3.9,2.9,71,71,2239,0.8,20.4,2.3,3.3,4.5,Eric Bledsoe,28,Eric Bledsoe,PG
2.4,0.0,0.8,.200,0.8,.333,2.4,.000,0.0,1.6,4.0,0.8,1.6,5,0,45,0.0,2.4,0.8,2.4,0.8,Vander Blue,25,Vander Blue,SG
4.3,0.3,3.2,.446,5.7,.485,7.3,.392,2.1,5.4,12.8,1.7,2.8,78,53,2175,0.5,15.2,1.2,2.1,3.7,Bogdan Bogdanović,25,Bogdan Bogdanović,SG
1.7,0.1,3.5,.474,5.9,.534,6.8,.402,2.3,5.6,12.4,2.6,1.9,80,80,2464,0.4,16.7,0.8,1.5,3.9,Bojan Bogdanović,28,Bojan Bogdanović,SF
2.5,2.2,8.7,.680,2.8,.680,4.2,,0.0,0.0,4.2,0.3,6.7,24,5,216,4.3,6.0,0.7,3.2,13.0,Andrew Bogut,33,Andrew Bogut,C
0.0,0.0,3.8,.500,2.8,.600,4.7,.000,0.0,0.9,5.7,2.8,2.8,6,0,38,5.7,8.5,1.9,1.9,9.5,Joel Bolomboy,24,Joel Bolomboy,PF
4.9,0.3,4.2,.432,8.8,.460,12.9,.383,2.8,7.4,20.3,5.6,3.2,54,54,1865,0.5,26.0,0.9,3.7,4.7,Devin Booker,21,Devin Booker,SG
2.5,0.7,6.2,.516,5.5,.545,9.6,.242,0.2,1.0,10.7,2.1,3.7,68,7,1158,3.6,13.3,0.9,1.8,9.9,Trevor Booker,30,Trevor Booker,PF
3.5,0.5,7.4,.513,7.0,.536,12.6,.250,0.3,1.1,13.7,2.2,3.9,18,6,395,3.5,16.5,0.7,2.7,10.8,Trevor Booker,30,Trevor Booker,PF
2.0,0.8,5.5,.560,4.4,.578,7.4,.286,0.1,0.5,7.9,2.3,3.6,33,0,494,3.4,11.4,1.2,1.5,8.9,Trevor Booker,30,Trevor Booker,PF
2.3,0.7,6.0,.464,5.2,.514,9.4,.214,0.4,1.9,11.2,1.3,3.5,17,1,269,4.3,12.2,0.5,1.2,10.3,Trevor Booker,30,Trevor Booker,PF
0.0,0.0,36.0,.000,0.0,,0.0,.000,0.0,36.0,36.0,0.0,0.0,1,0,1,0.0,0.0,0.0,0.0,36.0,Chris Boucher,25,Chris Boucher,PF
,,,,,,,,,,,,,,,,,,,,,,,,
2.4,0.2,2.4,.414,6.5,.436,10.6,.369,1.9,5.1,15.7,1.6,2.3,46,46,1433,0.6,16.5,1.3,2.5,2.9,Avery Bradley,27,Avery Bradley,SG
2.4,0.2,2.1,.409,6.6,.423,10.7,.381,2.1,5.5,16.2,1.7,2.3,40,40,1268,0.5,17.1,1.3,2.6,2.7,Avery Bradley,27,Avery Bradley,SG
2.4,0.2,4.1,.473,5.7,.543,10.0,.111,0.2,2.0,12.0,0.4,2.6,6,6,165,0.7,12.0,1.1,1.7,4.8,Avery Bradley,27,Avery Bradley,SG
1.2,0.0,8.7,.273,3.7,.300,12.4,.000,0.0,1.2,13.7,2.5,1.2,9,0,29,5.0,9.9,0.0,0.0,13.7,Tony Bradley,20,Tony Bradley,C
1.9,0.4,3.3,.449,4.2,.539,6.1,.282,0.9,3.3,9.4,1.9,4.1,72,18,1208,1.3,11.3,2.4,1.5,4.6,Corey Brewer,31,Corey Brewer,SF-SG
2.1,0.4,3.6,.453,4.0,.543,6.7,.186,0.4,2.2,8.9,1.8,4.3,54,2,694,1.2,10.3,2.1,2.0,4.8,Corey Brewer,31,Corey Brewer,SF
1.7,0.4,2.9,.444,4.5,.532,5.4,.343,1.6,4.7,10.1,2.2,3.9,18,16,514,1.4,12.7,2.7,0.8,4.3,Corey Brewer,31,Corey Brewer,SG
3.8,0.3,3.3,.485,6.1,.532,8.6,.385,1.6,4.0,12.6,1.9,3.2,48,20,1436,0.6,15.7,1.0,1.7,3.9,Malcolm Brogdon,25,Malcolm Brogdon,PG
3.8,0.0,1.9,.406,5.3,.447,7.2,.355,2.1,5.9,13.1,1.5,5.3,32,1,189,1.3,14.3,1.1,2.1,3.2,Aaron Brooks,33,Aaron Brooks,PG
2.1,0.3,3.2,.440,5.2,.484,7.8,.356,1.4,4.0,11.8,1.9,3.6,82,74,2350,0.8,13.8,1.1,1.9,3.9,Dillon Brooks,22,Dillon Brooks,SF
4.7,0.6,2.4,.500,9.5,.457,13.1,.594,3.5,6.0,19.0,3.7,1.1,7,1,193,1.5,26.3,2.1,3.0,3.9,MarShon Brooks,29,MarShon Brooks,SG
9.0,0.0,0.0,1.000,9.0,,0.0,1.000,9.0,9.0,9.0,0.0,0.0,1,0,4,0.0,27.0,0.0,0.0,0.0,Anthony Brown,25,Anthony Brown,SF
3.4,0.0,2.2,.328,5.9,.444,5.6,.275,3.4,12.5,18.2,0.3,1.9,20,0,115,0.0,15.7,1.3,2.8,2.2,Bobby Brown,33,Bobby Brown,PG
1.9,0.4,4.7,.465,6.2,.507,8.3,.395,2.0,5.1,13.4,2.5,3.0,70,70,2152,1.1,17.0,1.2,2.1,5.8,Jaylen Brown,21,Jaylen Brown,SG
3.4,0.0,3.6,.412,3.6,.545,5.7,.167,0.5,3.1,8.8,0.5,1.8,14,0,139,0.3,8.3,1.3,0.8,3.9,Lorenzo Brown,27,Lorenzo Brown,PG
2.3,0.0,4.6,.286,2.3,.500,2.3,.200,1.2,5.8,8.1,0.0,7.0,4,0,31,1.2,5.8,0.0,2.3,5.8,Markel Brown,26,Markel Brown,SG
1.2,0.6,5.4,.400,3.8,.439,5.3,.352,1.5,4.2,9.5,1.0,3.7,54,4,776,1.3,10.1,1.4,1.2,6.6,Sterling Brown,22,Sterling Brown,SG
0.0,0.0,10.8,.000,0.0,,0.0,.000,0.0,7.2,7.2,0.0,0.0,4,0,10,0.0,0.0,0.0,0.0,10.8,Nicolás Brussino,24,Nicolás Brussino,SF
3.0,1.0,7.0,.381,4.0,.636,5.5,.100,0.5,5.0,10.5,2.5,3.0,15,0,72,1.5,11.0,0.5,1.0,8.5,Thomas Bryant,20,Thomas Bryant,C
2.0,0.3,2.6,.489,5.5,.536,5.5,.445,2.6,5.8,11.3,0.8,1.5,62,52,1732,0.6,14.5,1.0,1.0,3.2,Reggie Bullock,26,Reggie Bullock,SF
7.8,0.2,2.7,.503,8.9,.556,12.8,.362,1.7,4.8,17.6,1.7,2.0,36,9,785,0.6,21.1,1.1,2.0,3.3,Trey Burke,25,Trey Burke,PG
2.3,0.3,5.9,.411,5.8,.452,9.2,.331,1.6,4.8,14.1,3.6,2.5,64,1,1059,0.6,16.8,1.3,2.0,6.5,Alec Burks,26,Alec Burks,SG
4.8,0.4,3.9,.474,7.3,.509,12.0,.350,1.2,3.3,15.3,6.0,1.3,59,59,2164,1.3,21.7,1.9,1.8,5.2,Jimmy Butler,28,Jimmy Butler,SG
5.0,0.2,2.4,.414,6.9,.438,12.9,.333,1.3,3.8,16.7,3.0,3.3,29,0,427,1.0,18.1,1.6,3.3,3.5,Dwight Buycks,28,Dwight Buycks,PG
,,,,,,,,,,,,,,,,,,,,,,,,
1.3,1.3,5.0,.290,3.0,.429,4.7,.176,1.0,5.7,10.4,1.7,2.7,12,0,107,2.4,8.7,1.0,1.3,7.4,Bruno Caboclo,22,Bruno Caboclo,SF
5.1,0.0,5.1,.000,0.0,,0.0,.000,0.0,10.3,10.3,0.0,5.1,2,0,7,0.0,0.0,5.1,0.0,5.1,Bruno Caboclo,22,Bruno Caboclo,SF
1.1,1.4,5.0,.310,3.2,.429,5.0,.200,1.1,5.4,10.4,1.8,2.5,10,0,100,2.5,9.4,0.7,1.4,7.6,Bruno Caboclo,22,Bruno Caboclo,SF
4.6,0.1,2.8,.503,3.7,.545,3.5,.464,1.8,3.8,7.3,0.9,3.2,57,32,914,0.6,10.0,1.1,1.6,3.3,José Calderón,36,José Calderón,PG
2.4,0.2,4.8,.426,5.0,.473,5.6,.383,2.3,6.1,11.7,2.2,2.1,74,74,2458,0.9,14.5,1.6,1.4,5.7,Kentavious Caldwell-Pope,24,Kentavious Caldwell-Pope,SG
6.5,0.1,3.3,.380,4.4,.423,6.1,.333,1.9,5.6,11.7,3.9,3.1,20,1,422,0.5,14.7,1.4,2.5,3.8,Isaiah Canaan,26,Isaiah Canaan,PG-SG
0.0,0.0,9.0,.000,0.0,.000,9.0,,0.0,0.0,9.0,0.0,0.0,1,0,4,0.0,0.0,0.0,0.0,9.0,Isaiah Canaan,26,Isaiah Canaan,SG
6.5,0.1,3.3,.382,4.5,.429,6.0,.333,1.9,5.7,11.7,4.0,3.1,19,1,418,0.5,14.8,1.4,2.5,3.8,Isaiah Canaan,26,Isaiah Canaan,PG
1.2,2.4,9.9,.652,7.8,.653,11.9,.000,0.0,0.0,12.0,2.5,3.3,74,74,2034,4.3,18.2,1.0,1.8,14.2,Clint Capela,23,Clint Capela,C
2.4,0.5,6.2,.414,5.4,.457,6.5,.371,2.4,6.5,13.0,3.1,2.7,73,73,2180,1.7,16.2,1.0,1.7,7.9,DeMarre Carroll,31,DeMarre Carroll,PF
2.4,0.9,4.6,.403,4.0,.483,4.1,.345,2.0,5.8,9.9,1.0,3.4,58,5,1026,0.6,11.0,1.5,1.3,5.2,Vince Carter,41,Vince Carter,SF
5.0,1.0,4.4,.332,3.3,.365,7.3,.237,0.6,2.5,9.9,3.1,4.3,52,2,835,1.6,10.3,1.9,2.2,5.9,Michael Carter-Williams,26,Michael Carter-Williams,PG
4.8,0.6,3.2,.431,3.2,.507,4.7,.302,0.8,2.8,7.4,1.3,3.3,37,7,562,1.0,8.6,1.5,2.7,4.2,Alex Caruso,23,Alex Caruso,PG
2.5,0.9,8.3,.580,5.8,.595,9.0,.455,0.5,1.1,10.1,2.4,3.5,53,7,740,1.5,14.6,0.9,1.8,9.7,Omri Casspi,29,Omri Casspi,SF
3.0,1.2,6.7,.502,6.8,.506,13.4,.250,0.1,0.2,13.6,2.7,3.3,73,58,2044,2.3,16.4,1.4,1.9,9.0,Willie Cauley-Stein,24,Willie Cauley-Stein,C
1.9,0.3,5.7,.441,4.7,.556,4.4,.360,2.2,6.2,10.6,1.2,4.2,39,1,518,3.1,12.7,0.6,1.0,8.8,Tyler Cavanaugh,23,Tyler Cavanaugh,PF
5.0,0.4,3.6,.379,4.3,.456,6.4,.277,1.3,4.8,11.2,3.0,4.5,66,10,1421,0.3,12.8,2.0,3.0,4.0,Mario Chalmers,31,Mario Chalmers,PG
1.7,0.8,8.9,.647,3.8,.647,5.8,,0.0,0.0,5.8,1.8,3.3,46,46,1151,4.2,9.4,0.5,1.8,13.1,Tyson Chandler,35,Tyson Chandler,C
2.4,0.6,4.5,.445,4.3,.501,5.9,.358,1.4,3.8,9.7,1.4,2.4,74,71,2346,1.6,11.3,0.7,1.4,6.1,Wilson Chandler,30,Wilson Chandler,SF
2.0,1.7,7.5,.423,4.8,.509,6.8,.295,1.3,4.5,11.2,2.3,4.8,72,49,1527,1.8,13.1,1.2,2.5,9.3,Marquese Chriss,20,Marquese Chriss,PF
2.7,0.2,2.9,.448,5.5,.533,7.4,.318,1.5,4.8,12.2,1.1,3.0,74,2,1455,0.2,13.6,0.8,1.4,3.1,Ian Clark,26,Ian Clark,SG
4.2,0.1,3.1,.451,8.2,.500,12.1,.352,2.1,6.1,18.2,2.9,2.0,81,2,1888,1.1,21.4,1.1,2.4,4.1,Jordan Clarkson,25,Jordan Clarkson,SG
5.0,0.1,3.3,.448,8.6,.505,13.1,.324,1.9,6.0,19.1,3.0,1.8,53,2,1256,1.3,22.1,1.1,2.7,4.6,Jordan Clarkson,25,Jordan Clarkson,SG
2.7,0.2,2.6,.456,7.5,.486,10.2,.407,2.5,6.2,16.3,2.7,2.5,28,0,632,0.7,20.1,1.1,1.8,3.3,Jordan Clarkson,25,Jordan Clarkson,SG
1.7,0.0,3.4,.333,3.4,.000,1.7,.400,3.4,8.4,10.1,1.1,4.5,7,0,64,0.6,11.3,1.1,1.1,3.9,Gian Clavell,24,Gian Clavell,SG
0.6,1.5,3.2,.381,2.3,.294,5.0,.750,0.9,1.2,6.1,1.2,6.7,17,0,123,0.9,6.7,2.0,2.0,4.1,Antonius Cleveland,23,Antonius Cleveland,SG
0.9,1.8,3.6,.286,1.8,.308,5.8,.000,0.0,0.4,6.2,0.9,4.9,13,0,81,0.9,4.4,2.7,0.9,4.4,Antonius Cleveland,23,Antonius Cleveland,SG
0.0,0.9,2.6,.571,3.4,.250,3.4,1.000,2.6,2.6,6.0,1.7,10.3,4,0,42,0.9,11.1,0.9,4.3,3.4,Antonius Cleveland,23,Antonius Cleveland,SG
,,,,,,,,,,,,,,,,,,,,,,,,
2.0,1.6,7.4,.576,6.3,.598,10.0,.340,0.3,0.9,11.0,2.7,4.3,74,26,1785,3.5,15.7,0.9,2.1,10.9,John Collins,20,John Collins,PF
1.8,1.1,6.1,.398,4.0,.455,6.1,.310,1.2,3.9,10.0,0.9,4.6,66,1,1045,1.6,10.1,0.6,2.0,7.6,Zach Collins,20,Zach Collins,C
4.2,0.7,5.6,.384,2.8,.415,6.1,.235,0.3,1.3,7.4,1.6,3.3,32,2,480,2.4,7.6,1.3,1.8,8.0,Kyle Collinsworth,26,Kyle Collinsworth,SF
6.6,0.3,2.5,.495,5.6,.508,7.7,.468,1.7,3.7,11.4,2.3,2.2,69,64,2018,0.7,15.3,1.6,1.5,3.2,Darren Collison,30,Darren Collison,PG
1.9,0.0,6.2,.684,6.2,.684,9.1,,0.0,0.0,9.1,2.4,3.4,15,0,75,3.4,14.9,0.0,3.4,9.6,Nick Collison,37,Nick Collison,PF
4.7,0.3,2.6,.381,6.2,.440,8.8,.312,2.3,7.4,16.2,5.1,2.3,12,12,373,0.0,19.8,1.2,1.7,2.6,Mike Conley,30,Mike Conley,PG
2.2,0.5,3.0,.423,4.0,.506,4.4,.352,1.8,5.1,9.4,0.9,2.9,82,5,1488,0.9,10.7,0.6,1.0,3.9,Pat Connaughton,25,Pat Connaughton,SG
4.3,0.0,3.5,.484,5.9,.514,7.2,.442,2.2,5.1,12.3,1.1,2.9,33,18,740,0.5,15.2,0.6,1.6,4.0,Quinn Cook,24,Quinn Cook,PG
0.9,0.0,1.9,.143,1.9,.167,5.7,.125,0.9,7.6,13.3,0.9,0.0,13,0,38,0.0,5.7,0.9,0.9,1.9,Charles Cooke,23,Charles Cooke,SG
2.5,0.0,6.6,.481,5.4,.481,11.2,,0.0,0.0,11.2,5.8,5.4,7,0,87,5.8,16.6,0.4,1.2,12.4,Jack Cooley,26,Jack Cooley,PF
2.3,2.3,9.0,.500,2.3,.500,4.5,,0.0,0.0,4.5,0.0,7.9,4,0,32,1.1,4.5,2.3,1.1,10.1,Matt Costello,24,Matt Costello,C
5.3,1.6,10.6,.470,8.4,.530,11.8,.354,2.2,6.1,17.9,6.1,3.8,48,48,1737,2.2,25.1,1.6,5.0,12.8,DeMarcus Cousins,27,DeMarcus Cousins,C
2.2,1.0,5.4,.413,4.9,.497,4.1,.369,2.9,7.8,11.9,1.6,3.4,80,80,2532,0.8,14.3,1.9,1.8,6.2,Robert Covington,27,Robert Covington,SF
1.9,0.6,4.9,.407,5.5,.461,4.8,.378,3.3,8.7,13.6,1.9,2.8,75,68,2197,0.5,16.2,0.8,1.3,5.3,Allen Crabbe,25,Allen Crabbe,SG
1.4,0.9,5.0,.453,3.5,.570,4.5,.293,1.0,3.3,7.8,1.3,3.6,39,5,629,2.3,9.3,0.7,1.1,7.3,Torrey Craig,27,Torrey Craig,SF
4.0,0.2,1.7,.415,6.7,.477,9.3,.331,2.3,6.8,16.2,2.2,1.9,80,0,1653,0.5,17.9,0.9,2.1,2.2,Jamal Crawford,37,Jamal Crawford,SG
8.8,0.7,1.4,.444,8.2,.308,8.8,.571,5.4,9.5,18.3,0.7,4.8,5,0,53,1.4,22.4,0.7,3.4,2.7,Jordan Crawford,29,Jordan Crawford,SG
1.7,0.4,3.7,.404,4.7,.488,5.7,.323,1.9,5.9,11.6,2.1,3.2,80,47,2090,1.0,13.3,1.1,1.3,4.7,Jae Crowder,27,Jae Crowder,SF
1.6,0.3,3.5,.418,4.2,.508,5.0,.328,1.7,5.1,10.1,2.1,3.3,53,47,1346,1.1,12.1,1.1,1.1,4.6,Jae Crowder,27,Jae Crowder,SF
2.0,0.4,4.1,.386,5.5,.462,6.9,.316,2.3,7.4,14.3,2.1,3.0,27,0,744,0.9,15.4,1.1,1.5,4.9,Jae Crowder,27,Jae Crowder,SF
1.1,0.7,5.1,.451,3.8,.541,4.5,.345,1.3,3.9,8.4,0.7,2.6,73,25,1562,1.8,9.6,0.9,0.8,6.9,Dante Cunningham,30,Dante Cunningham,SF
0.8,0.5,4.6,.440,3.2,.547,3.8,.324,1.1,3.5,7.3,0.6,2.4,51,24,1115,1.6,8.2,0.9,0.5,6.2,Dante Cunningham,30,Dante Cunningham,SF
1.8,1.1,6.2,.468,5.2,.532,6.4,.383,1.9,4.8,11.2,0.9,2.9,22,1,447,2.3,13.2,1.0,1.4,8.5,Dante Cunningham,30,Dante Cunningham,SF
6.8,0.2,5.0,.495,9.4,.595,8.0,.423,4.7,11.1,19.1,6.1,2.5,51,51,1631,0.8,29.7,1.8,3.4,5.8,Stephen Curry,29,Stephen Curry,PG
,,,,,,,,,,,,,,,,,,,,,,,,
1.1,0.1,2.6,.403,5.1,.419,2.6,.400,4.1,10.2,12.8,1.2,3.0,79,15,1622,0.3,15.6,0.6,1.2,2.8,Troy Daniels,26,Troy Daniels,SG
2.3,2.5,8.5,.534,10.3,.558,17.2,.340,0.7,2.1,19.3,6.5,2.1,75,75,2727,2.5,27.9,1.5,2.1,11.0,Anthony Davis,24,Anthony Davis,PF
1.5,1.5,6.7,.608,6.1,.608,10.1,,0.0,0.0,10.1,1.5,4.8,62,6,943,2.9,13.7,0.6,1.2,9.5,Deyonta Davis,21,Deyonta Davis,C
1.0,1.3,9.6,.582,4.2,.584,7.1,.000,0.0,0.0,7.1,1.8,4.6,78,0,1471,4.5,10.1,0.8,1.6,14.1,Ed Davis,28,Ed Davis,C
2.1,1.2,9.1,.524,5.8,.595,7.8,.355,1.2,3.3,11.1,1.6,3.8,62,46,1542,2.3,14.4,0.9,2.0,11.4,Dewayne Dedmon,28,Dewayne Dedmon,C
1.5,0.4,5.3,.494,5.2,.593,8.1,.167,0.4,2.4,10.6,1.5,2.9,73,1,883,1.8,12.4,1.0,1.3,7.1,Sam Dekker,23,Sam Dekker,PF
5.8,0.2,3.2,.382,3.9,.391,5.7,.371,1.6,4.4,10.1,2.6,2.9,54,3,1014,0.3,12.0,1.2,2.3,3.6,Malcolm Delaney,28,Malcolm Delaney,PG
7.3,0.0,2.5,.362,2.8,.351,3.7,.372,1.5,3.9,7.7,1.3,3.4,38,3,712,0.7,8.3,0.7,2.5,3.2,Matthew Dellavedova,27,Matthew Dellavedova,PG
2.8,0.0,0.0,.500,2.8,.500,5.5,,0.0,0.0,5.5,0.0,0.0,1,1,13,0.0,5.5,2.8,2.8,0.0,Luol Deng,32,Luol Deng,SF
5.5,0.3,3.4,.456,8.6,.494,15.0,.310,1.2,3.8,18.8,6.1,2.0,80,80,2711,0.8,24.4,1.1,2.3,4.2,DeMar DeRozan,28,DeMar DeRozan,SG
1.2,1.3,10.2,.580,6.3,.580,10.9,,0.0,0.0,10.9,3.1,5.1,52,0,581,2.9,15.7,0.7,1.7,13.1,Cheick Diallo,21,Cheick Diallo,PF
1.9,1.1,6.9,.479,5.0,.511,8.8,.311,0.5,1.6,10.5,2.1,4.0,79,0,1333,2.9,12.7,1.2,1.6,9.7,Gorgui Dieng,28,Gorgui Dieng,C
8.2,0.4,3.4,.387,5.1,.452,6.3,.326,2.2,6.8,13.1,3.4,2.9,80,58,2306,0.6,15.7,1.1,2.0,4.0,Spencer Dinwiddie,24,Spencer Dinwiddie,PG
2.9,0.2,4.2,.377,5.3,.393,6.8,.362,2.7,7.4,14.1,1.7,2.3,56,5,974,0.6,15.0,0.6,1.4,4.8,Tyler Dorsey,21,Tyler Dorsey,SG
2.4,0.2,5.7,.447,5.5,.538,7.1,.324,1.7,5.2,12.2,1.2,2.6,44,2,474,0.7,13.8,0.9,1.3,6.4,Damyean Dotson,23,Damyean Dotson,SG
2.9,0.6,4.3,.277,3.7,.375,6.9,.174,1.2,6.6,13.5,1.2,3.7,10,0,125,0.9,9.8,1.7,0.6,5.2,Milton Doyle,24,Milton Doyle,SG
0.0,0.0,12.0,.500,12.0,.500,24.0,,0.0,0.0,24.0,0.0,12.0,2,0,3,0.0,24.0,0.0,12.0,12.0,PJ Dozier,21,PJ Dozier,PG
5.4,0.2,3.8,.450,7.3,.481,11.7,.370,1.7,4.5,16.3,3.3,2.7,75,75,2378,0.8,19.6,1.0,2.5,4.6,Goran Dragić,31,Goran Dragić,PG
5.1,0.0,0.0,.292,3.6,.267,7.7,.333,1.5,4.6,12.3,0.0,3.1,10,0,70,1.5,8.7,0.0,1.5,1.5,Larry Drew,27,Larry Drew,PG
4.8,0.0,0.0,.143,2.4,.250,9.6,.000,0.0,7.2,16.8,0.0,4.8,3,0,15,2.4,4.8,0.0,2.4,2.4,Larry Drew,27,Larry Drew,PG
5.2,0.0,0.0,.353,3.9,.273,7.2,.500,2.0,3.9,11.1,0.0,2.6,7,0,55,1.3,9.8,0.0,1.3,1.3,Larry Drew,27,Larry Drew,PG
3.3,1.7,11.6,.529,6.4,.536,11.9,.000,0.0,0.2,12.1,3.3,3.4,78,78,2625,5.5,16.1,1.6,2.7,17.1,Andre Drummond,24,Andre Drummond,C
,,,,,,,,,,,,,,,,,,,,,,,,
4.1,0.6,4.5,.393,2.5,.452,2.2,.363,1.5,4.2,6.4,1.4,4.5,48,0,686,0.4,8.0,1.3,1.5,4.9,Jared Dudley,32,Jared Dudley,PF
7.3,0.6,4.7,.429,6.8,.457,12.6,.321,1.0,3.2,15.7,2.0,4.1,52,43,1525,0.6,16.5,2.5,3.5,5.2,Kris Dunn,23,Kris Dunn,PG
5.7,1.8,6.7,.516,9.8,.565,12.5,.419,2.7,6.4,18.9,5.6,2.1,68,68,2325,0.5,27.7,0.8,3.2,7.2,Kevin Durant,29,Kevin Durant,SF
0.0,0.0,4.0,.000,0.0,,0.0,.000,0.0,8.0,8.0,0.0,0.0,3,0,9,0.0,0.0,4.0,0.0,4.0,Jarell Eddie,26,Jarell Eddie,SF
0.0,0.0,6.0,.000,0.0,,0.0,.000,0.0,6.0,6.0,0.0,0.0,2,0,6,0.0,0.0,6.0,0.0,6.0,Jarell Eddie,26,Jarell Eddie,SF
0.0,0.0,0.0,.000,0.0,,0.0,.000,0.0,12.0,12.0,0.0,0.0,1,0,3,0.0,0.0,0.0,0.0,0.0,Jarell Eddie,26,Jarell Eddie,SF
2.2,0.0,7.8,.363,5.8,.384,9.4,.333,2.2,6.6,16.0,2.7,2.4,38,0,329,1.1,16.5,0.5,2.0,8.9,Henry Ellenson,21,Henry Ellenson,PF
1.4,0.1,3.4,.407,5.0,.479,2.1,.392,4.0,10.2,12.3,1.2,1.7,77,2,2041,0.4,15.2,0.9,0.9,3.8,Wayne Ellington,30,Wayne Ellington,SG
3.7,2.1,10.3,.483,9.6,.527,15.9,.308,1.2,4.0,19.9,6.8,3.9,63,63,1912,2.7,27.2,0.8,4.4,13.0,Joel Embiid,23,Joel Embiid,C
1.6,0.4,3.4,.474,4.1,.567,5.2,.333,1.1,3.4,8.6,2.2,3.0,72,22,1604,1.6,11.5,1.1,1.3,5.0,James Ennis,27,James Ennis,SF
1.7,0.4,3.6,.486,3.7,.565,4.7,.357,1.0,2.9,7.6,2.2,2.8,45,14,1053,1.8,10.6,1.1,1.3,5.4,James Ennis,27,James Ennis,SF
1.4,0.4,3.1,.457,4.8,.570,6.1,.304,1.4,4.5,10.6,2.2,3.5,27,8,551,1.3,13.2,1.0,1.2,4.4,James Ennis,27,James Ennis,SF
5.5,0.5,4.0,.420,5.0,.476,8.9,.250,0.7,3.0,11.8,1.2,4.0,54,11,683,1.0,11.8,1.6,2.0,5.0,Tyler Ennis,23,Tyler Ennis,PG
4.6,0.3,3.5,.352,4.1,.372,9.2,.278,0.7,2.5,11.7,1.8,4.5,48,4,778,0.4,10.7,1.7,2.0,3.9,Jawun Evans,21,Jawun Evans,PG
0.0,0.0,0.0,1.000,7.2,1.000,7.2,,0.0,0.0,7.2,0.0,7.2,1,0,5,7.2,14.4,0.0,7.2,7.2,Jeremy Evans,30,Jeremy Evans,SF
6.0,0.4,5.0,.452,8.2,.482,11.7,.399,2.6,6.4,18.1,3.7,2.2,52,32,1607,1.0,22.6,1.3,2.6,5.9,Tyreke Evans,28,Tyreke Evans,PG
6.6,0.5,3.4,.483,6.4,.536,10.6,.278,0.8,2.8,13.3,3.8,3.1,14,0,235,0.6,17.5,1.2,3.1,4.0,Dante Exum,22,Dante Exum,PG
1.4,1.0,6.6,.514,5.9,.517,11.5,.000,0.0,0.1,11.6,2.8,4.0,32,7,461,5.3,14.7,0.9,1.8,11.9,Kenneth Faried,28,Kenneth Faried,PF
1.7,1.4,5.9,.563,6.6,.596,10.7,.222,0.2,1.1,11.7,2.3,2.7,77,77,2153,3.3,15.8,0.9,1.5,9.2,Derrick Favors,26,Derrick Favors,C
5.1,0.3,3.9,.300,5.4,.333,13.1,.211,1.0,4.9,18.0,2.8,2.8,16,0,140,0.8,14.7,0.8,4.1,4.6,Kay Felder,22,Kay Felder,PG
5.4,0.3,3.5,.303,5.4,.333,12.9,.222,1.1,4.8,17.7,3.0,3.0,14,0,134,0.3,14.8,0.8,4.0,3.8,Kay Felder,22,Kay Felder,PG
0.0,0.0,12.0,.250,6.0,.333,18.0,.000,0.0,6.0,24.0,0.0,0.0,2,0,6,12.0,12.0,0.0,6.0,24.0,Kay Felder,22,Kay Felder,PG
2.0,0.4,5.5,.591,4.7,.596,7.8,.000,0.0,0.1,7.9,2.0,3.8,55,16,977,3.1,11.3,0.6,2.0,8.6,Cristiano Felício,25,Cristiano Felício,C
5.4,0.4,3.5,.406,5.9,.444,8.5,.352,2.1,6.1,14.6,0.9,2.4,82,2,1365,0.7,14.9,1.3,2.0,4.1,Raymond Felton,33,Raymond Felton,PG
0.9,0.5,1.3,.414,3.3,.612,2.3,.333,1.9,5.7,8.0,0.4,3.9,61,12,763,0.9,8.9,1.1,0.5,2.2,Terrance Ferguson,19,Terrance Ferguson,SG
3.2,0.1,3.5,.426,4.9,.477,5.9,.373,2.1,5.7,11.5,1.3,2.4,82,21,2282,0.4,13.2,1.0,1.2,3.9,Yogi Ferrell,24,Yogi Ferrell,SG
,,,,,,,,,,,,,,,,,,,,,,,,
2.1,0.3,4.3,.380,3.7,.481,4.3,.299,1.6,5.4,9.7,0.9,3.5,21,13,448,1.8,9.9,0.8,1.7,6.0,Dorian Finney-Smith,24,Dorian Finney-Smith,PF
1.9,0.0,2.3,.421,5.0,.446,6.4,.390,2.1,5.4,11.8,1.1,2.6,80,12,1517,0.3,13.2,0.7,0.9,2.6,Bryn Forbes,24,Bryn Forbes,SG
3.2,0.3,3.1,.459,7.2,.516,9.2,.379,2.5,6.6,15.7,2.9,2.7,57,57,1837,0.5,19.9,0.9,1.9,3.5,Evan Fournier,25,Evan Fournier,SF
5.7,0.4,3.0,.412,5.8,.436,11.4,.307,0.8,2.7,14.2,2.5,2.9,73,60,2026,0.6,15.0,1.2,3.1,3.6,De'Aaron Fox,20,De'Aaron Fox,PG
8.3,0.3,4.2,.395,2.9,.440,5.0,.304,0.7,2.4,7.4,1.0,4.2,59,11,838,0.8,7.6,2.0,2.4,4.9,Tim Frazier,27,Tim Frazier,PG
2.0,0.7,6.4,.491,5.4,.670,5.0,.339,2.0,6.0,11.0,0.9,3.6,53,1,695,0.6,13.7,0.9,1.1,7.0,Channing Frye,34,Channing Frye,C
1.8,0.8,6.6,.497,5.5,.684,5.2,.333,2.0,5.9,11.2,0.9,3.6,44,1,545,0.7,14.0,1.1,1.1,7.3,Channing Frye,34,Channing Frye,C
2.4,0.2,5.5,.465,4.8,.611,4.3,.360,2.2,6.0,10.3,0.7,3.6,9,0,150,0.5,12.5,0.2,1.0,6.0,Channing Frye,34,Channing Frye,C
7.5,0.6,4.6,.405,6.4,.409,15.7,.000,0.0,0.1,15.8,1.4,3.1,14,0,253,1.6,14.2,1.7,2.4,6.1,Markelle Fultz,19,Markelle Fultz,SG
2.2,0.5,4.9,.398,5.5,.455,7.8,.324,1.9,6.0,13.7,4.3,1.6,21,21,671,0.5,17.2,0.6,1.4,5.4,Danilo Gallinari,29,Danilo Gallinari,SF
2.4,0.2,3.3,.371,5.3,.418,5.1,.344,3.1,9.1,14.2,1.4,1.6,58,2,863,0.5,15.0,1.5,0.8,3.8,Langston Galloway,26,Langston Galloway,SG
4.6,1.5,7.7,.420,6.5,.456,10.7,.341,1.6,4.8,15.4,4.2,2.8,73,73,2408,1.2,18.8,0.8,2.9,8.9,Marc Gasol,33,Marc Gasol,C
4.7,1.6,9.7,.458,5.7,.481,10.1,.358,0.9,2.4,12.5,3.1,2.4,77,63,1812,2.6,15.4,0.5,2.1,12.3,Pau Gasol,37,Pau Gasol,C
2.1,1.1,6.3,.471,7.4,.516,12.3,.314,1.1,3.5,15.7,3.3,2.9,57,6,1231,2.2,19.2,1.3,2.3,8.5,Rudy Gay,31,Rudy Gay,PF
3.3,0.5,4.7,.430,7.2,.454,9.1,.401,3.0,7.6,16.7,4.2,2.9,79,79,2891,0.9,21.6,2.0,2.6,5.6,Paul George,27,Paul George,SF
1.1,0.0,1.4,.438,3.4,.515,5.3,.267,0.6,2.4,7.7,2.1,5.1,42,0,224,1.1,9.5,1.0,0.5,2.6,Marcus Georges-Hunt,23,Marcus Georges-Hunt,SG
3.6,0.0,2.7,.609,12.6,.727,9.9,.500,5.4,10.8,20.7,0.0,4.5,4,0,40,0.0,30.6,0.0,2.7,2.7,Jonathan Gibson,30,Jonathan Gibson,PG
1.3,0.8,5.2,.577,5.6,.595,9.3,.200,0.1,0.5,9.7,1.9,2.9,82,82,2726,2.6,13.2,0.8,1.2,7.7,Taj Gibson,32,Taj Gibson,PF
4.5,0.4,3.4,.434,5.6,.506,7.5,.333,1.8,5.3,12.8,3.0,3.5,65,0,1299,0.5,16.0,1.2,2.9,3.9,Manu Ginóbili,40,Manu Ginóbili,SG
1.6,2.6,8.6,.622,5.5,.622,8.8,,0.0,0.0,8.8,4.0,3.0,56,56,1816,3.3,15.0,0.9,2.1,11.9,Rudy Gobert,25,Rudy Gobert,C
2.6,0.8,7.0,.434,7.1,.497,9.9,.336,2.2,6.4,16.3,3.0,2.1,58,57,1909,1.6,19.3,1.1,2.0,8.6,Aaron Gordon,22,Aaron Gordon,PF
2.6,0.5,2.4,.428,6.9,.544,6.1,.359,3.6,10.2,16.2,3.3,1.9,69,30,2154,0.4,20.8,0.7,2.2,2.8,Eric Gordon,29,Eric Gordon,SG
,,,,,,,,,,,,,,,,,,,,,,,,
2.6,1.1,7.7,.518,5.0,.518,9.7,,0.0,0.0,9.7,1.9,3.0,82,82,2075,3.1,12.0,0.7,1.7,10.8,Marcin Gortat,33,Marcin Gortat,C
2.0,0.1,2.7,.434,3.3,.452,4.3,.412,1.4,3.3,7.6,1.4,3.7,63,2,1050,1.4,9.4,1.1,0.9,4.1,Treveon Graham,24,Treveon Graham,SG
1.2,1.7,5.1,.535,5.3,.613,7.6,.291,0.7,2.4,10.0,3.5,3.4,81,1,1647,1.9,14.9,0.7,1.2,7.0,Jerami Grant,23,Jerami Grant,PF
7.3,0.2,3.0,.416,4.5,.468,6.7,.326,1.3,4.0,10.7,3.0,2.8,74,26,1686,0.7,13.2,1.3,1.9,3.7,Jerian Grant,25,Jerian Grant,PG
5.0,0.8,3.3,.268,4.6,.286,11.7,.231,1.3,5.4,17.2,2.9,3.3,5,0,86,0.8,13.4,3.3,2.9,4.2,Josh Gray,24,Josh Gray,PG
2.2,1.6,4.2,.387,4.4,.419,4.8,.363,2.3,6.4,11.3,1.0,2.5,70,60,1791,0.8,12.1,1.3,1.5,5.0,Danny Green,30,Danny Green,SG
8.0,1.4,7.2,.454,4.4,.562,5.7,.301,1.2,4.0,9.7,2.1,2.9,70,70,2287,1.2,12.2,1.5,3.2,8.4,Draymond Green,27,Draymond Green,PF
1.0,0.6,4.6,.407,6.5,.504,4.5,.369,4.3,11.5,16.0,2.0,3.4,41,2,929,0.6,19.3,0.9,1.2,5.2,Gerald Green,32,Gerald Green,SG
1.8,0.6,7.4,.457,5.2,.499,8.4,.339,1.0,3.0,11.4,1.9,3.6,55,54,1542,3.4,13.3,0.7,1.8,10.8,JaMychal Green,27,JaMychal Green,PF
1.9,0.7,3.7,.477,5.8,.540,8.8,.312,1.0,3.3,12.2,4.0,2.9,78,13,1828,1.2,16.7,0.8,1.5,4.8,Jeff Green,31,Jeff Green,PF
6.1,0.3,6.5,.438,8.0,.482,12.3,.345,2.0,5.9,18.2,4.7,2.5,58,58,1970,1.3,22.7,0.7,3.0,7.8,Blake Griffin,28,Blake Griffin,PF
5.7,0.3,6.8,.441,8.1,.488,12.4,.342,2.0,5.9,18.3,5.4,2.5,33,33,1139,1.5,23.6,0.9,3.1,8.3,Blake Griffin,28,Blake Griffin,PF
6.7,0.4,6.0,.433,7.8,.473,12.3,.348,2.0,5.8,18.1,3.8,2.6,25,25,831,1.2,21.5,0.5,2.9,7.2,Blake Griffin,28,Blake Griffin,PF
10.3,0.0,6.4,.455,6.4,.500,7.7,.400,2.6,6.4,14.1,0.0,2.6,6,0,28,0.0,15.4,1.3,2.6,6.4,Daniel Hamilton,22,Daniel Hamilton,SG
3.0,0.2,3.7,.421,6.9,.516,8.5,.317,2.5,7.8,16.3,2.8,2.3,57,54,1885,0.6,19.0,1.2,1.8,4.3,Tim Hardaway,25,Tim Hardaway,SG
8.9,0.7,4.9,.449,9.2,.531,10.3,.367,3.7,10.2,20.4,8.8,2.4,72,72,2551,0.6,30.9,1.8,4.4,5.5,James Harden,28,James Harden,SG
1.5,1.2,3.3,.495,4.2,.547,5.1,.415,1.4,3.4,8.5,1.2,2.9,59,36,1264,1.3,11.0,1.4,1.1,4.6,Maurice Harkless,24,Maurice Harkless,SF
2.1,1.4,5.7,.635,9.7,.641,15.1,.143,0.0,0.2,15.3,3.9,4.0,76,3,1293,2.9,23.3,1.0,1.9,8.5,Montrezl Harrell,24,Montrezl Harrell,C
4.1,0.3,3.1,.412,5.0,.476,6.1,.348,2.1,6.1,12.2,3.8,4.2,71,1,1340,0.3,16.0,1.3,2.0,3.4,Devin Harris,34,Devin Harris,PG
3.8,0.4,3.4,.415,5.3,.465,7.1,.352,2.0,5.6,12.7,4.1,4.6,44,1,807,0.4,16.6,1.5,2.2,3.8,Devin Harris,34,Devin Harris,PG
4.5,0.3,2.6,.406,4.7,.500,4.6,.343,2.4,6.9,11.5,3.3,3.7,27,0,533,0.2,15.0,0.9,1.8,2.8,Devin Harris,34,Devin Harris,PG
3.0,0.2,2.2,.485,6.9,.553,8.0,.396,2.4,6.2,14.2,2.1,1.9,67,65,2304,0.6,18.3,1.9,1.9,2.7,Gary Harris,23,Gary Harris,SG
2.3,0.4,3.8,.491,5.6,.589,4.8,.419,2.7,6.5,11.3,1.6,2.8,78,14,1975,0.9,15.4,0.6,1.7,4.7,Joe Harris,26,Joe Harris,SG
2.6,0.5,5.1,.460,7.6,.488,10.5,.411,2.5,6.0,16.5,2.4,2.2,80,80,2668,0.8,20.1,1.0,1.4,5.9,Tobias Harris,25,Tobias Harris,PF
2.2,0.3,4.8,.451,7.4,.478,10.0,.409,2.6,6.4,16.3,2.6,2.1,48,48,1563,0.8,20.0,0.8,1.2,5.6,Tobias Harris,25,Tobias Harris,PF
3.2,0.7,5.6,.473,7.9,.501,11.2,.414,2.3,5.5,16.7,2.1,2.4,32,32,1105,0.7,20.1,1.2,1.8,6.3,Tobias Harris,25,Tobias Harris,PF
,,,,,,,,,,,,,,,,,,,,,,,,
1.7,0.3,3.1,.275,2.9,.385,4.0,.209,1.4,6.6,10.7,2.0,4.2,9,3,233,0.6,9.3,1.4,0.5,3.7,Aaron Harrison,23,Aaron Harrison,SG
4.8,0.7,2.9,.422,4.9,.467,7.8,.331,1.3,3.9,11.6,3.4,3.7,56,46,1326,0.6,14.5,1.0,2.2,3.6,Andrew Harrison,23,Andrew Harrison,PG
5.2,0.7,4.9,.476,5.5,.541,9.2,.231,0.6,2.4,11.6,2.6,3.9,23,2,384,0.8,14.2,2.4,2.1,5.7,Shaquille Harrison,24,Shaquille Harrison,PG
2.0,0.4,5.4,.469,4.3,.551,4.4,.396,1.9,4.9,9.2,1.6,2.6,63,23,1461,1.0,12.2,1.2,1.2,6.5,Josh Hart,22,Josh Hart,SG
2.5,1.0,3.5,.200,1.5,.286,3.5,.125,0.5,4.0,7.5,0.5,1.5,14,0,72,1.5,4.0,0.0,1.0,5.0,Udonis Haslem,37,Udonis Haslem,C
1.8,0.9,5.3,.333,3.2,.412,5.0,.250,1.2,4.7,9.7,0.3,2.4,9,0,122,1.2,8.0,0.6,0.6,6.5,Nigel Hayes,23,Nigel Hayes,SF
6.5,0.0,0.0,.333,3.3,1.000,3.3,.000,0.0,6.5,9.8,3.3,0.0,2,0,11,0.0,9.8,0.0,0.0,0.0,Nigel Hayes,23,Nigel Hayes,SF
0.0,0.0,0.0,1.000,12.0,,0.0,1.000,12.0,12.0,12.0,0.0,0.0,2,0,6,0.0,36.0,0.0,6.0,0.0,Nigel Hayes,23,Nigel Hayes,SF
1.4,1.0,6.2,.286,2.7,.375,5.5,.167,0.7,4.1,9.6,0.0,2.7,5,0,105,1.4,6.2,0.7,0.3,7.5,Nigel Hayes,23,Nigel Hayes,SF
0.0,0.0,7.2,.500,7.2,1.000,7.2,.000,0.0,7.2,14.4,0.0,7.2,1,1,5,0.0,14.4,0.0,0.0,7.2,Gordon Hayward,27,Gordon Hayward,SF
0.0,0.0,0.0,.500,5.1,,0.0,.500,5.1,10.3,10.3,0.0,0.0,3,0,7,0.0,15.4,0.0,0.0,0.0,Reggie Hearn,26,Reggie Hearn,SG
2.1,0.6,2.7,.376,3.9,.431,4.9,.328,1.8,5.5,10.4,0.6,2.7,20,0,378,1.0,10.2,3.0,1.8,3.6,Myke Henry,25,Myke Henry,SF
2.1,2.0,6.6,.572,5.2,.578,9.0,.143,0.0,0.1,9.2,1.6,3.7,76,69,1970,2.7,12.2,0.8,1.5,9.4,John Henson,27,John Henson,C
1.6,0.4,4.7,.387,3.8,.600,3.2,.280,1.8,6.5,9.7,1.3,3.2,25,3,277,2.3,10.7,0.8,1.2,7.0,Juan Hernangómez,22,Juan Hernangómez,PF
2.4,1.2,8.9,.555,6.6,.566,11.1,.417,0.4,0.9,11.9,4.3,4.7,48,1,495,4.4,17.9,1.3,2.5,13.3,Willy Hernangómez,23,Willy Hernangómez,C
3.2,1.1,7.0,.605,7.6,.632,11.7,.200,0.2,0.8,12.5,1.9,4.9,26,0,233,3.4,17.2,1.2,4.0,10.4,Willy Hernangómez,23,Willy Hernangómez,C
1.6,1.2,10.6,.506,5.8,.500,10.4,.571,0.5,1.0,11.4,6.5,4.4,22,1,262,5.4,18.5,1.4,1.2,15.9,Willy Hernangómez,23,Willy Hernangómez,C
2.3,0.7,5.2,.442,5.9,.523,7.6,.337,2.0,5.8,13.4,1.9,2.9,75,30,1657,0.9,15.7,1.8,1.9,6.1,Mario Hezonja,22,Mario Hezonja,SF
2.4,0.6,4.6,.458,5.0,.492,9.5,.222,0.3,1.4,10.8,1.8,6.8,18,0,240,1.5,12.0,0.3,2.4,6.1,Isaiah Hicks,23,Isaiah Hicks,PF
2.8,0.4,4.5,.446,7.4,.457,9.3,.431,3.1,7.3,16.6,1.3,2.6,80,12,2024,1.0,19.2,1.5,2.2,5.5,Buddy Hield,25,Buddy Hield,SG
2.1,0.7,5.8,.569,6.5,.574,11.3,.000,0.0,0.1,11.4,3.2,5.8,52,4,758,2.6,16.1,1.3,1.8,8.4,Nenê Hilário,35,Nenê Hilário,C
3.7,0.5,2.8,.460,4.7,.490,6.1,.415,1.7,4.1,10.2,2.2,2.5,67,60,1812,0.8,13.3,1.2,1.7,3.6,George Hill,31,George Hill,PG
3.7,0.4,3.0,.469,4.8,.480,6.2,.453,1.8,4.0,10.3,2.4,2.4,43,36,1143,0.7,13.9,1.2,1.9,3.7,George Hill,31,George Hill,PG
3.6,0.8,2.4,.444,4.5,.509,5.9,.351,1.5,4.1,10.1,1.8,2.9,24,24,669,1.1,12.2,1.2,1.5,3.4,George Hill,31,George Hill,PG
4.2,0.2,5.2,.268,2.1,.350,3.9,.190,0.8,4.0,7.9,0.6,4.2,12,1,187,1.7,5.6,1.3,1.7,6.9,Solomon Hill,26,Solomon Hill,SF
4.2,0.0,2.7,.263,1.9,.385,4.9,.000,0.0,2.3,7.2,2.3,2.7,14,0,95,0.0,6.1,0.8,1.5,2.7,Darrun Hilliard,24,Darrun Hilliard,SG
6.0,0.8,3.7,.494,7.6,.557,10.9,.337,1.5,4.4,15.3,2.3,2.5,81,81,2927,0.8,18.9,1.5,2.6,4.5,Jrue Holiday,27,Jrue Holiday,SG
,,,,,,,,,,,,,,,,,,,,,,,,
2.4,0.5,4.1,.371,4.6,.387,5.3,.359,2.6,7.1,12.4,2.1,2.1,72,72,2265,0.5,13.9,1.3,1.5,4.6,Justin Holiday,28,Justin Holiday,SG
1.0,0.4,3.7,.288,3.5,.261,4.8,.306,2.3,7.4,12.2,1.9,2.1,24,0,174,1.2,11.2,1.4,1.7,5.0,John Holland,29,John Holland,SF
3.1,0.9,6.7,.472,6.4,.491,12.6,.241,0.2,1.0,13.6,4.7,2.7,68,59,1920,1.9,17.7,1.2,2.3,8.6,Rondae Hollis-Jefferson,23,Rondae Hollis-Jefferson,SF
2.9,1.4,7.4,.560,6.5,.624,10.1,.129,0.2,1.5,11.6,1.8,4.7,48,2,746,2.8,15.0,1.0,1.2,10.2,Richaun Holmes,24,Richaun Holmes,C
2.1,0.3,3.2,.429,7.2,.467,9.3,.381,2.8,7.4,16.7,2.5,2.3,60,23,1616,0.5,19.6,1.0,1.6,3.7,Rodney Hood,25,Rodney Hood,SG
2.2,0.2,3.2,.424,7.8,.455,9.6,.389,3.4,8.7,18.3,2.8,2.1,39,12,1084,0.5,21.8,1.0,2.1,3.7,Rodney Hood,25,Rodney Hood,SG
2.0,0.3,3.1,.442,6.0,.492,8.7,.352,1.7,4.8,13.5,1.8,2.8,21,11,532,0.5,15.4,1.0,0.5,3.7,Rodney Hood,25,Rodney Hood,SG
4.5,0.0,0.0,.000,0.0,.000,4.5,,0.0,0.0,4.5,4.5,0.0,1,0,8,0.0,4.5,0.0,4.5,0.0,Scotty Hopson,28,Scotty Hopson,SG
5.4,1.2,6.8,.489,5.8,.514,8.3,.429,1.5,3.6,11.9,1.5,2.2,72,72,2277,1.6,14.7,0.7,2.1,8.4,Al Horford,31,Al Horford,C
2.2,0.5,5.6,.434,5.0,.577,6.3,.259,1.3,5.2,11.5,2.2,2.1,23,3,403,1.2,13.6,0.6,1.0,6.8,Danuel House,24,Danuel House,SG
1.5,1.9,11.1,.555,7.4,.559,13.2,.143,0.0,0.1,13.3,4.9,3.6,81,81,2463,3.7,19.7,0.7,3.0,14.8,Dwight Howard,32,Dwight Howard,C
0.7,1.6,4.4,.330,2.2,.403,2.5,.287,1.2,4.2,6.7,0.2,3.0,69,10,982,1.5,5.8,0.5,1.0,5.9,Josh Huestis,26,Josh Huestis,PF
2.4,0.0,4.0,.350,5.6,.667,4.8,.214,2.4,11.2,16.0,1.6,5.6,5,1,45,0.0,15.2,2.4,1.6,4.0,R.J. Hunter,24,R.J. Hunter,SG
0.0,5.1,5.1,.600,15.4,.600,25.7,,0.0,0.0,25.7,0.0,0.0,4,0,7,10.3,30.9,0.0,5.1,15.4,Vince Hunter,23,Vince Hunter,PF
1.1,1.7,6.9,.483,6.5,.559,8.4,.360,1.8,5.1,13.5,1.6,3.6,76,76,2093,1.3,16.5,0.5,1.5,8.2,Serge Ibaka,28,Serge Ibaka,PF
4.7,0.8,4.4,.463,3.3,.567,4.5,.282,0.7,2.6,7.1,1.2,2.2,64,7,1622,1.1,8.5,1.2,1.5,5.5,Andre Iguodala,34,Andre Iguodala,SF
1.9,0.5,6.0,.452,5.8,.517,7.5,.360,1.9,5.3,12.8,2.2,3.3,69,43,1729,2.5,15.6,1.3,1.5,8.4,Ersan İlyasova,30,Ersan İlyasova,PF
1.6,0.5,5.4,.459,5.6,.532,7.1,.359,1.9,5.2,12.3,2.2,2.8,46,40,1175,2.3,15.3,1.3,1.3,7.7,Ersan İlyasova,30,Ersan İlyasova,PF
2.5,0.6,7.1,.439,6.0,.488,8.4,.361,1.9,5.4,13.8,2.1,4.2,23,3,554,2.9,16.2,1.1,1.9,10.0,Ersan İlyasova,30,Ersan İlyasova,PF
5.5,0.3,4.5,.467,4.7,.516,3.5,.440,2.8,6.5,10.0,0.9,2.5,82,81,2578,0.3,13.1,1.3,2.2,4.8,Joe Ingles,30,Joe Ingles,SF
3.9,1.7,2.8,.471,4.5,.375,4.5,.556,2.8,5.1,9.6,1.7,1.7,2,0,64,0.6,13.5,1.7,1.7,3.4,Andre Ingram,32,Andre Ingram,SG
4.2,0.8,4.7,.470,6.5,.483,12.0,.390,0.7,1.9,13.9,3.5,3.0,59,59,1975,1.0,17.3,0.8,2.7,5.7,Brandon Ingram,20,Brandon Ingram,SF
5.7,0.3,3.6,.491,10.0,.541,12.7,.408,3.1,7.6,20.3,4.3,2.3,60,60,1931,0.6,27.3,1.2,2.6,4.2,Kyrie Irving,25,Kyrie Irving,PG
1.2,2.0,5.6,.379,3.7,.394,6.6,.348,1.1,3.1,9.7,1.3,3.2,27,10,536,1.1,9.7,2.2,1.8,6.6,Jonathan Isaac,20,Jonathan Isaac,PF
,,,,,,,,,,,,,,,,,,,,,,,,
2.0,0.4,3.6,.427,3.3,.488,6.1,.196,0.3,1.6,7.7,1.2,2.9,62,12,1020,1.3,8.1,1.2,1.1,4.8,Wesley Iwundu,23,Wesley Iwundu,SF
8.1,0.1,3.9,.427,4.4,.459,8.3,.291,0.6,2.0,10.3,1.5,2.3,62,56,1548,0.5,10.8,0.8,2.7,4.4,Jarrett Jack,34,Jarrett Jack,PG
1.0,0.0,1.0,.333,3.1,.400,5.1,.250,1.0,4.1,9.3,1.0,4.1,1,0,35,2.1,8.2,0.0,1.0,3.1,Aaron Jackson,31,Aaron Jackson,PG
4.1,0.5,3.2,.389,3.2,.545,5.0,.143,0.5,3.2,8.1,0.5,3.2,15,0,80,2.3,7.2,2.3,4.5,5.4,Demetrius Jackson,23,Demetrius Jackson,PG
2.9,0.6,4.0,.286,2.3,.500,4.6,.000,0.0,3.4,8.0,0.0,3.4,12,0,63,2.3,4.6,2.3,5.1,6.3,Demetrius Jackson,23,Demetrius Jackson,PG
8.5,0.0,0.0,.750,6.4,.667,6.4,1.000,2.1,2.1,8.5,2.1,2.1,3,0,17,2.1,16.9,2.1,2.1,2.1,Demetrius Jackson,23,Demetrius Jackson,PG
2.2,0.6,4.7,.417,7.1,.464,13.1,.263,1.0,4.0,17.1,3.3,4.0,77,35,1959,1.7,18.6,1.5,2.7,6.5,Josh Jackson,20,Josh Jackson,SF
1.8,0.3,3.8,.442,4.4,.547,5.6,.308,1.4,4.4,10.0,0.6,1.9,68,41,1506,0.6,10.8,0.7,1.0,4.5,Justin Jackson,22,Justin Jackson,SF
7.1,0.1,2.9,.426,7.4,.475,12.2,.308,1.6,5.1,17.3,3.4,2.6,45,45,1201,0.9,19.7,0.8,3.0,3.7,Reggie Jackson,27,Reggie Jackson,PG
8.9,0.8,7.3,.542,10.2,.603,14.0,.367,1.8,4.8,18.8,4.6,1.6,82,82,3026,1.2,26.8,1.4,4.1,8.4,LeBron James,33,LeBron James,PF
6.6,0.4,4.0,.383,6.4,.435,11.7,.265,1.4,5.1,16.8,3.4,2.5,36,10,687,0.7,17.6,1.5,2.6,4.7,Mike James,27,Mike James,PG
6.5,0.4,4.1,.388,6.5,.442,11.6,.268,1.4,5.2,16.8,3.4,2.4,32,10,669,0.6,17.9,1.5,2.6,4.8,Mike James,27,Mike James,PG
12.0,0.0,0.0,.222,4.0,.250,16.0,.000,0.0,2.0,18.0,0.0,6.0,4,0,18,2.0,8.0,2.0,2.0,2.0,Mike James,27,Mike James,PG
2.2,1.7,8.4,.534,8.3,.541,15.2,.000,0.0,0.2,15.5,2.2,4.9,36,1,484,2.2,18.7,1.2,1.6,10.6,Al Jefferson,33,Al Jefferson,C
3.3,0.2,3.3,.444,2.7,.500,4.4,.286,0.4,1.5,6.0,0.9,2.4,20,0,163,0.4,6.6,0.4,1.1,3.8,Richard Jefferson,37,Richard Jefferson,SF
7.7,0.7,4.6,.375,4.7,.462,6.8,.273,1.6,5.8,12.6,1.8,1.9,14,0,205,0.9,12.8,1.1,3.2,5.4,Brandon Jennings,28,Brandon Jennings,PG
1.3,0.4,6.1,.466,5.0,.511,5.8,.414,2.1,5.0,10.8,1.5,4.0,74,19,1134,1.7,13.6,0.8,0.9,7.8,Jonas Jerebko,30,Jonas Jerebko,PF
3.6,1.4,6.4,.538,4.3,.570,7.0,.313,0.3,1.0,8.0,1.6,5.9,74,18,1171,3.8,10.5,1.4,1.7,10.1,Amir Johnson,30,Amir Johnson,C
0.7,2.2,8.1,.476,7.3,.488,15.1,.000,0.0,0.4,15.4,1.1,4.8,18,0,98,3.3,15.8,3.3,1.8,11.4,Brice Johnson,23,Brice Johnson,PF
0.9,1.9,10.4,.636,6.6,.700,9.5,.000,0.0,0.9,10.4,1.9,6.6,9,0,38,1.9,15.2,5.7,3.8,12.3,Brice Johnson,23,Brice Johnson,PF
0.6,2.4,6.6,.419,7.8,.419,18.6,,0.0,0.0,18.6,0.6,3.6,9,0,60,4.2,16.2,1.8,0.6,10.8,Brice Johnson,23,Brice Johnson,PF
1.8,1.8,4.0,.564,4.9,.564,8.7,,0.0,0.0,8.7,2.5,6.0,31,6,161,3.6,12.3,1.3,0.7,7.6,Dakari Johnson,22,Dakari Johnson,C
5.2,0.9,5.5,.503,5.7,.587,7.9,.308,1.1,3.4,11.4,2.1,3.6,73,41,1943,1.1,14.6,1.3,2.6,6.6,James Johnson,30,James Johnson,PF
2.5,0.2,4.7,.406,4.4,.493,6.4,.276,1.2,4.3,10.8,1.2,2.0,55,4,1205,0.4,11.1,0.5,1.5,5.1,Joe Johnson,36,Joe Johnson,SF
2.3,0.3,4.9,.420,4.9,.507,7.3,.274,1.2,4.3,11.6,1.0,1.6,32,3,700,0.6,12.0,0.6,1.6,5.5,Joe Johnson,36,Joe Johnson,SF
2.7,0.1,4.5,.381,3.6,.466,5.2,.279,1.2,4.3,9.6,1.4,2.5,23,1,505,0.1,9.9,0.4,1.3,4.6,Joe Johnson,36,Joe Johnson,SF
3.4,0.0,3.4,.429,4.3,.556,4.3,.333,1.9,5.8,10.1,0.0,2.9,4,0,75,1.9,10.6,1.0,1.4,5.3,Omari Johnson,28,Omari Johnson,PF
2.1,0.3,4.2,.375,4.0,.439,6.2,.286,1.3,4.4,10.6,2.1,3.2,69,50,1894,0.6,11.4,1.8,1.5,4.8,Stanley Johnson,21,Stanley Johnson,SF
,,,,,,,,,,,,,,,,,,,,,,,,
2.9,0.6,3.8,.435,5.4,.491,6.8,.367,2.1,5.7,12.5,1.9,2.6,72,39,2052,0.6,14.8,1.1,1.4,4.4,Tyler Johnson,25,Tyler Johnson,PG
1.5,1.5,4.5,.408,3.6,.471,4.6,.339,1.5,4.3,8.9,1.0,3.5,74,40,1486,0.7,9.8,1.8,1.3,5.2,Wesley Johnson,30,Wesley Johnson,SF
6.7,0.9,9.0,.499,7.4,.538,10.8,.396,1.6,4.1,14.9,3.9,3.1,75,73,2443,2.9,20.4,1.3,3.1,11.8,Nikola Jokić,22,Nikola Jokić,C
0.8,1.2,3.6,.500,4.4,.500,8.9,,0.0,0.0,8.9,1.2,5.7,15,0,89,2.0,10.1,0.4,1.6,5.7,Damian Jones,22,Damian Jones,C
1.3,1.9,2.5,.396,3.1,.514,5.1,.167,0.4,2.6,7.8,2.4,3.5,20,8,245,3.1,9.0,0.6,1.0,5.6,Derrick Jones,20,Derrick Jones,SF
3.3,4.4,2.2,.500,2.2,1.000,2.2,.000,0.0,2.2,4.4,5.5,2.2,6,0,33,2.2,9.8,1.1,1.1,4.4,Derrick Jones,20,Derrick Jones,SF
1.0,1.5,2.5,.388,3.2,.485,5.6,.188,0.5,2.7,8.3,1.9,3.7,14,8,212,3.2,8.8,0.5,1.0,5.8,Derrick Jones,20,Derrick Jones,SF
0.8,0.2,5.0,.382,5.2,.381,8.4,.385,2.0,5.2,13.5,2.4,4.4,16,0,181,2.6,14.7,1.0,1.4,7.6,Jalen Jones,24,Jalen Jones,SF
0.0,0.0,5.7,.250,1.9,.000,5.7,1.000,1.9,1.9,7.6,3.8,3.8,4,0,19,0.0,9.5,0.0,0.0,5.7,Jalen Jones,24,Jalen Jones,SF
0.9,0.2,4.9,.391,5.6,.410,8.7,.360,2.0,5.6,14.2,2.2,4.4,12,0,162,2.9,15.3,1.1,1.6,7.8,Jalen Jones,24,Jalen Jones,SF
5.7,0.1,2.8,.457,3.7,.528,4.9,.349,1.1,3.2,8.0,1.7,2.7,82,11,1467,0.4,10.2,2.3,1.4,3.2,Tyus Jones,21,Tyus Jones,PG
1.7,1.1,12.5,.645,5.5,.645,8.6,,0.0,0.0,8.6,2.7,3.0,77,77,2424,4.9,13.8,0.6,2.0,17.4,DeAndre Jordan,29,DeAndre Jordan,C
4.2,0.3,3.6,.424,4.2,.457,6.7,.353,1.1,3.1,9.8,1.1,2.3,82,17,2210,0.6,10.6,1.3,1.4,4.3,Cory Joseph,26,Cory Joseph,PG
2.5,0.4,4.7,.429,6.0,.459,8.7,.380,2.0,5.4,14.0,3.0,1.9,79,4,1835,0.9,17.1,0.7,1.3,5.7,Frank Kaminsky,24,Frank Kaminsky,PF
2.1,0.7,10.0,.592,8.3,.594,14.0,.000,0.0,0.0,14.0,3.1,3.7,71,71,1830,5.4,19.7,0.7,2.4,15.3,Enes Kanter,25,Enes Kanter,C
3.1,0.3,3.8,.443,5.1,.463,6.6,.415,2.0,4.8,11.4,1.6,2.1,73,9,1463,0.5,13.7,1.1,1.7,4.3,Luke Kennard,21,Luke Kennard,SG
1.4,0.6,4.2,.504,5.5,.505,10.9,.000,0.0,0.0,10.9,2.3,2.8,74,74,1850,1.6,13.3,1.0,1.0,5.9,Michael Kidd-Gilchrist,24,Michael Kidd-Gilchrist,SF
2.6,0.3,4.6,.374,6.2,.427,8.4,.319,2.6,8.1,16.5,3.6,1.9,52,1,640,0.3,18.6,0.7,2.1,4.9,Sean Kilpatrick,28,Sean Kilpatrick,SG
3.0,0.2,6.7,.287,4.9,.318,8.7,.256,2.2,8.5,17.1,3.5,1.6,16,0,183,0.2,15.5,0.4,3.1,6.9,Sean Kilpatrick,28,Sean Kilpatrick,SG
2.6,0.2,4.2,.378,5.4,.500,6.3,.283,2.3,8.1,14.4,3.2,2.6,23,0,205,0.2,16.3,0.9,1.6,4.4,Sean Kilpatrick,28,Sean Kilpatrick,SG
2.8,0.0,1.9,.389,6.6,.364,10.4,.429,2.8,6.6,17.1,1.9,1.9,4,0,38,0.0,18.0,0.0,0.9,1.9,Sean Kilpatrick,28,Sean Kilpatrick,SG
2.2,0.5,3.7,.439,7.9,.475,9.9,.396,3.2,8.1,18.0,4.4,1.3,9,1,214,0.5,23.4,1.0,2.0,4.2,Sean Kilpatrick,28,Sean Kilpatrick,SG
1.5,1.4,4.9,.489,4.5,.613,5.4,.313,1.2,3.8,9.2,1.3,3.4,72,36,1206,2.1,11.5,0.8,0.9,7.0,Maxi Kleber,26,Maxi Kleber,PF
1.8,0.5,4.1,.286,3.6,.273,5.0,.294,2.3,7.7,12.6,0.9,5.4,14,0,80,0.9,10.4,0.9,0.9,5.0,Furkan Korkmaz,20,Furkan Korkmaz,SG
2.9,1.8,5.9,.392,5.4,.457,5.1,.354,3.1,8.7,13.8,0.9,3.1,20,1,326,1.2,14.8,0.7,1.3,7.1,Luke Kornet,22,Luke Kornet,PF
2.0,0.6,3.6,.459,5.1,.537,2.5,.436,3.8,8.6,11.1,1.5,3.0,73,4,1574,0.2,15.4,0.7,1.3,3.8,Kyle Korver,36,Kyle Korver,SG
2.3,0.8,8.4,.571,5.7,.571,10.1,,0.0,0.0,10.1,0.9,3.8,71,13,1391,3.9,12.3,1.2,1.3,12.2,Kosta Koufos,28,Kosta Koufos,C
2.1,0.5,5.9,.450,7.0,.511,9.1,.366,2.4,6.5,15.6,2.2,2.4,77,37,2401,1.3,18.6,0.7,2.1,7.2,Kyle Kuzma,22,Kyle Kuzma,PF
,,,,,,,,,,,,,,,,,,,,,,,,
0.0,0.0,0.0,.000,0.0,.000,36.0,,0.0,0.0,36.0,0.0,0.0,1,0,2,0.0,0.0,0.0,0.0,0.0,Mindaugas Kuzminskas,28,Mindaugas Kuzminskas,SF
2.1,1.4,5.5,.448,6.0,.459,11.8,.353,0.5,1.5,13.3,2.8,3.8,60,28,1240,2.9,15.2,0.7,2.1,8.4,Skal Labissière,21,Skal Labissière,PF
3.4,0.6,5.0,.457,7.0,.495,10.6,.370,1.7,4.6,15.2,3.3,2.5,80,18,1967,0.9,18.9,1.1,1.7,5.9,Jeremy Lamb,25,Jeremy Lamb,SG
4.6,0.1,3.6,.384,3.9,.398,6.2,.360,1.4,4.0,10.2,1.5,2.7,54,2,775,0.7,10.7,1.3,1.5,4.3,Shane Larkin,25,Shane Larkin,PG
2.8,0.2,7.3,.516,6.6,.530,12.5,.000,0.0,0.3,12.8,2.0,3.0,55,1,534,4.2,15.2,0.6,2.2,11.5,Joffrey Lauvergne,26,Joffrey Lauvergne,C
4.0,0.2,4.7,.383,7.5,.405,12.7,.341,2.3,6.8,19.5,4.8,3.0,24,24,656,0.5,22.0,1.3,2.4,5.2,Zach LaVine,22,Zach LaVine,SG
2.5,0.9,2.7,.298,3.2,.370,6.1,.200,0.9,4.5,10.6,0.5,2.9,35,1,160,0.9,7.7,1.4,1.1,3.6,Jake Layman,23,Jake Layman,SF
0.7,0.3,4.2,.471,5.0,.489,7.4,.429,1.4,3.3,10.7,0.8,3.5,53,0,459,2.3,12.2,0.4,0.8,6.4,T.J. Leaf,20,T.J. Leaf,PF
2.8,0.3,3.0,.454,5.3,.482,7.4,.406,1.8,4.3,11.8,1.8,1.7,76,69,2310,0.5,14.2,1.2,1.3,3.5,Courtney Lee,32,Courtney Lee,SG
2.6,0.1,5.3,.408,5.5,.511,8.2,.250,1.3,5.3,13.5,2.0,2.2,15,11,404,1.0,14.3,1.7,1.2,6.3,Damion Lee,25,Damion Lee,SG
5.1,1.0,2.1,.438,7.2,.400,15.4,1.000,1.0,1.0,16.5,2.1,5.1,5,0,35,0.0,17.5,0.0,4.1,2.1,Walt Lemon,25,Walt Lemon,PG
2.1,1.6,8.9,.566,5.5,.568,9.7,.333,0.0,0.1,9.8,4.1,4.1,69,13,1395,4.5,15.1,0.7,2.0,13.4,Alex Len,24,Alex Len,C
3.6,1.5,6.2,.468,8.9,.539,13.0,.314,1.9,6.0,19.0,5.3,1.5,9,9,210,1.0,25.0,3.1,2.7,7.2,Kawhi Leonard,26,Kawhi Leonard,SF
2.4,0.0,8.2,.590,6.5,.673,7.4,.423,1.6,3.7,11.1,1.3,5.1,33,2,254,1.7,15.9,1.0,1.4,9.9,Meyers Leonard,25,Meyers Leonard,C
1.3,0.8,6.6,.417,4.0,.455,8.7,.000,0.0,0.8,9.5,3.4,4.2,8,0,136,1.9,11.4,0.3,1.9,8.5,Jon Leuer,28,Jon Leuer,PF
5.8,0.4,4.0,.435,6.2,.480,9.5,.347,1.6,4.7,14.2,2.6,3.1,71,10,1864,1.0,16.6,1.6,3.0,5.0,Caris LeVert,23,Caris LeVert,SF
2.4,0.7,3.4,.377,2.0,.396,2.6,.358,0.9,2.6,5.3,0.1,4.0,58,4,724,0.3,5.0,1.8,1.0,3.7,DeAndre Liggins,29,DeAndre Liggins,SG
2.0,0.7,3.3,.338,1.6,.379,2.2,.306,0.8,2.7,4.9,0.1,4.6,31,1,480,0.4,4.3,2.0,1.0,3.7,DeAndre Liggins,29,DeAndre Liggins,SG
3.1,0.6,3.5,.439,2.7,.417,3.5,.471,1.2,2.5,6.0,0.0,3.0,27,3,244,0.3,6.5,1.5,1.0,3.8,DeAndre Liggins,29,DeAndre Liggins,SG
6.5,0.4,3.5,.439,8.4,.501,10.6,.361,3.1,8.5,19.1,6.6,1.6,73,73,2670,0.8,26.5,1.0,2.8,4.4,Damian Lillard,27,Damian Lillard,PG
5.8,0.0,0.0,.417,7.2,.400,14.4,.500,1.4,2.9,17.3,10.1,4.3,1,1,25,0.0,25.9,0.0,4.3,0.0,Jeremy Lin,29,Jeremy Lin,PG
4.5,0.7,3.2,.501,5.5,.509,10.8,.000,0.0,0.2,10.9,1.6,3.7,71,7,1129,1.0,12.6,1.1,1.8,4.2,Shaun Livingston,32,Shaun Livingston,PG
,,,,,,,,,,,,,,,,,,,,,,,,
1.7,2.2,5.2,.580,4.4,.590,7.4,.200,0.0,0.2,7.6,1.7,4.2,66,4,910,3.3,10.6,1.3,1.2,8.5,Kevon Looney,21,Kevon Looney,C
2.6,2.0,4.6,.465,7.7,.549,9.7,.345,2.3,6.7,16.5,2.3,4.0,74,72,1735,1.5,19.9,0.6,2.0,6.1,Brook Lopez,29,Brook Lopez,C
2.6,1.1,3.3,.530,7.3,.536,13.4,.286,0.1,0.3,13.7,1.4,2.3,64,64,1690,2.9,16.1,0.3,2.3,6.2,Robin Lopez,29,Robin Lopez,C
2.2,0.5,9.7,.458,7.3,.494,8.7,.415,3.0,7.2,15.9,5.1,2.6,59,59,1651,2.2,22.7,0.9,2.0,11.9,Kevin Love,29,Kevin Love,C
7.7,0.3,5.3,.427,5.8,.474,5.0,.399,3.4,8.5,13.5,3.2,2.8,78,78,2510,0.9,18.2,1.2,2.6,6.2,Kyle Lowry,31,Kyle Lowry,PG
2.4,0.2,2.6,.375,4.5,.431,4.9,.335,2.4,7.0,11.9,2.1,4.3,52,7,807,0.6,13.3,0.5,1.7,3.2,Timothé Luwawu-Cabarrot,22,Timothé Luwawu-Cabarrot,SF
0.0,0.0,0.0,,0.0,,0.0,,0.0,0.0,0.0,0.0,0.0,1,0,2,0.0,0.0,0.0,0.0,0.0,Tyler Lydon,21,Tyler Lydon,PF
2.4,0.9,7.6,.491,7.0,.563,8.6,.381,2.1,5.6,14.2,2.6,2.9,73,2,1391,1.4,18.7,0.8,1.6,9.0,Trey Lyles,22,Trey Lyles,PF
7.2,0.2,3.8,.430,4.7,.473,7.3,.345,1.3,3.7,10.9,1.8,2.4,69,3,1365,0.6,12.5,1.4,2.3,4.4,Shelvin Mack,27,Shelvin Mack,PG
9.5,0.2,2.8,.326,2.5,.292,4.0,.364,1.3,3.7,7.7,1.3,2.7,18,0,216,0.3,7.7,1.3,1.5,3.2,Josh Magette,28,Josh Magette,PG
1.7,1.3,5.6,.556,4.3,.561,7.7,.000,0.0,0.1,7.8,2.8,7.2,77,0,1145,4.2,11.5,1.2,3.1,9.8,Ian Mahinmi,31,Ian Mahinmi,C
1.3,1.5,4.4,.411,3.8,.467,6.2,.298,0.9,3.0,9.2,1.9,4.7,74,12,1238,2.2,10.4,1.1,1.3,6.5,Thon Maker,20,Thon Maker,C
2.4,1.2,10.3,.534,8.4,.534,15.8,,0.0,0.0,15.8,8.2,5.4,39,1,337,5.1,25.1,1.1,3.8,15.4,Boban Marjanović,29,Boban Marjanović,C
2.9,1.3,8.8,.519,8.6,.519,16.6,,0.0,0.0,16.6,7.6,5.9,19,1,171,3.2,24.8,0.8,4.6,12.0,Boban Marjanović,29,Boban Marjanović,C
1.7,1.1,11.7,.551,8.2,.551,15.0,,0.0,0.0,15.0,8.9,5.0,20,0,166,7.2,25.4,1.3,3.0,18.9,Boban Marjanović,29,Boban Marjanović,C
1.4,0.7,7.6,.434,6.7,.497,8.2,.362,2.6,7.1,15.4,2.5,1.8,68,68,2020,1.4,18.4,0.7,1.5,9.1,Lauri Markkanen,20,Lauri Markkanen,PF
1.6,1.1,4.8,.446,4.8,.470,8.6,.347,0.7,2.1,10.8,1.9,4.6,73,36,1661,2.1,12.2,0.8,1.9,6.9,Jarell Martin,23,Jarell Martin,PF
5.4,0.4,3.7,.379,5.3,.384,10.8,.360,1.1,3.1,13.9,3.4,2.6,52,2,984,1.1,15.1,1.2,2.4,4.8,Frank Mason,23,Frank Mason,PG
0.0,0.0,12.6,.571,7.2,.571,12.6,,0.0,0.0,12.6,0.0,9.0,4,0,20,5.4,14.4,1.8,0.0,18.0,Mangok Mathiang,25,Mangok Mathiang,C
2.9,0.3,2.9,.406,4.8,.441,5.0,.381,2.6,6.8,11.8,1.4,2.4,63,62,2131,0.5,13.5,1.3,1.4,3.3,Wesley Matthews,31,Wesley Matthews,SF
1.3,0.6,3.8,.481,3.8,.599,4.0,.364,1.5,4.0,7.9,1.5,2.3,61,15,1564,0.5,10.6,1.7,1.6,4.3,Luc Mbah a Moute,31,Luc Mbah a Moute,PF
0.0,2.0,4.0,.286,4.0,,0.0,.286,4.0,14.0,14.0,4.0,2.0,3,0,18,0.0,16.0,0.0,2.0,4.0,James Michael McAdoo,25,James Michael McAdoo,PF
,,,,,,,,,,,,,,,,,,,,,,,,
3.0,0.4,2.5,.409,3.4,.503,5.4,.238,0.7,3.0,8.4,1.0,2.5,57,10,961,0.6,8.6,1.6,1.5,3.1,Patrick McCaw,22,Patrick McCaw,SG
3.3,0.4,3.3,.443,8.2,.465,12.7,.397,2.3,5.9,18.5,2.6,2.1,81,81,2923,0.7,21.3,0.9,1.9,4.0,CJ McCollum,26,CJ McCollum,SG
6.4,0.3,4.0,.499,4.4,.510,7.6,.435,0.6,1.3,8.9,0.7,2.6,76,1,1706,0.8,10.1,1.9,2.4,4.8,T.J. McConnell,25,T.J. McConnell,PG
0.0,0.0,4.5,.000,0.0,.000,4.5,.000,0.0,4.5,9.0,0.0,0.0,4,0,8,0.0,0.0,4.5,4.5,4.5,Erik McCree,24,Erik McCree,SF
1.6,2.0,7.2,.429,7.2,.500,13.6,.125,0.4,3.2,16.8,3.6,3.2,19,0,90,2.8,18.4,0.0,0.8,10.0,Chris McCullough,22,Chris McCullough,PF
1.6,0.3,3.3,.467,4.8,.497,5.9,.426,1.9,4.4,10.3,1.3,2.5,81,4,1768,0.8,12.8,0.4,1.1,4.1,Doug McDermott,26,Doug McDermott,SF
1.5,0.4,3.1,.460,4.6,.513,5.9,.387,1.6,4.2,10.1,1.2,2.2,55,1,1172,1.0,12.1,0.3,1.0,4.1,Doug McDermott,26,Doug McDermott,SF
1.8,0.2,3.6,.478,5.2,.465,6.1,.494,2.4,4.8,10.9,1.4,3.0,26,3,596,0.4,14.2,0.5,1.3,4.0,Doug McDermott,26,Doug McDermott,SF
1.9,3.3,6.4,.621,8.0,.638,12.5,.000,0.0,0.4,12.8,2.2,5.3,65,17,615,3.5,18.1,1.2,1.6,9.9,JaVale McGee,30,JaVale McGee,C
2.0,0.4,2.5,.493,4.3,.553,4.6,.429,1.8,4.2,8.8,0.5,2.5,18,2,299,1.3,11.0,1.0,0.5,3.9,Rodney McGruder,26,Rodney McGruder,SG
0.0,0.0,0.0,,0.0,,0.0,,0.0,0.0,0.0,0.0,0.0,1,0,1,0.0,0.0,0.0,0.0,0.0,Trey McKinney-Jones,27,Trey McKinney-Jones,SG
0.7,0.7,4.1,.533,5.4,.833,4.1,.333,2.0,6.1,10.2,1.4,5.4,14,0,53,0.7,14.3,0.7,2.0,4.8,Alfonzo McKinnie,25,Alfonzo McKinnie,SF
1.7,0.5,3.5,.421,5.2,.477,7.1,.346,1.8,5.2,12.3,1.7,4.6,56,17,1091,1.1,13.9,1.3,2.0,4.6,Ben McLemore,24,Ben McLemore,SG
0.0,0.0,0.0,.000,0.0,,0.0,.000,0.0,6.0,6.0,0.0,12.0,2,0,6,0.0,0.0,0.0,0.0,0.0,Josh McRoberts,30,Josh McRoberts,PF
2.3,0.1,3.6,.399,5.1,.464,5.9,.343,2.3,6.8,12.6,3.2,1.8,77,0,1119,0.5,15.7,0.9,1.2,4.1,Jodie Meeks,30,Jodie Meeks,SG
1.7,3.3,8.0,.642,4.3,.657,6.6,.000,0.0,0.1,6.8,1.9,6.0,61,1,729,4.2,10.6,1.1,1.9,12.1,Salah Mejri,31,Salah Mejri,C
1.1,1.3,8.0,.476,4.9,.561,8.4,.125,0.3,2.0,10.4,1.6,4.6,23,3,284,2.3,11.8,0.8,2.3,10.3,Jordan Mickey,23,Jordan Mickey,PF
4.0,0.3,4.6,.466,7.2,.517,10.4,.359,1.8,4.9,15.4,3.9,3.3,82,82,2982,0.5,19.9,1.4,2.3,5.2,Khris Middleton,26,Khris Middleton,SF
1.5,0.6,3.6,.379,6.1,.434,3.9,.361,4.4,12.2,16.1,2.2,3.6,70,3,1337,0.5,18.8,1.0,1.1,4.1,C.J. Miles,30,C.J. Miles,SF
2.1,0.3,2.7,.444,4.0,.535,2.4,.411,2.7,6.6,9.0,1.1,3.0,82,3,1944,0.3,11.8,0.5,1.1,3.0,Darius Miller,27,Darius Miller,SF
0.9,0.6,3.1,.464,3.7,.714,2.0,.381,2.3,6.0,8.0,1.1,2.9,15,4,126,1.1,10.9,0.3,1.4,4.3,Malcolm Miller,24,Malcolm Miller,SF
3.9,0.2,2.2,.411,4.8,.470,4.6,.372,2.6,7.1,11.7,1.8,2.2,82,36,2107,0.4,14.0,0.9,1.8,2.6,Patty Mills,29,Patty Mills,PG
,,,,,,,,,,,,,,,,,,,,,,,,
3.3,1.4,5.7,.464,6.4,.506,10.1,.345,1.2,3.6,13.7,3.5,3.1,38,37,1143,2.0,17.5,1.2,2.3,7.7,Paul Millsap,32,Paul Millsap,PF
1.9,0.9,8.3,.447,7.4,.525,7.9,.377,3.3,8.6,16.5,2.7,2.6,55,14,1494,1.4,20.7,1.1,1.5,9.8,Nikola Mirotić,26,Nikola Mirotić,PF
2.3,0.8,8.2,.474,8.3,.525,8.2,.429,4.0,9.3,17.5,3.8,2.6,25,3,622,1.0,24.3,0.9,1.8,9.2,Nikola Mirotić,26,Nikola Mirotić,PF
1.7,1.1,8.5,.427,6.7,.524,7.6,.335,2.7,8.1,15.8,1.9,2.6,30,11,872,1.7,18.1,1.2,1.3,10.2,Nikola Mirotić,26,Nikola Mirotić,PF
4.0,0.4,3.3,.437,8.1,.502,11.1,.340,2.6,7.5,18.6,3.3,2.9,79,71,2638,0.7,22.1,1.6,2.9,4.0,Donovan Mitchell,21,Donovan Mitchell,SG
0.0,0.0,0.0,1.000,36.0,,0.0,1.000,36.0,36.0,36.0,0.0,0.0,1,0,1,0.0,108.0,0.0,0.0,0.0,Naz Mitrou-Long,24,Naz Mitrou-Long,SG
3.8,0.4,2.4,.360,6.4,.385,7.7,.342,3.5,10.2,17.9,1.3,2.5,63,0,854,0.3,17.7,0.8,2.1,2.8,Malik Monk,19,Malik Monk,SG
3.9,0.8,8.3,.565,7.5,.565,13.4,,0.0,0.0,13.4,3.0,3.3,51,14,1040,3.8,18.1,1.5,3.3,12.1,Greg Monroe,27,Greg Monroe,C
2.3,0.0,8.7,.485,7.3,.485,15.0,,0.0,0.0,15.0,0.9,3.2,5,0,79,2.7,15.5,0.0,2.7,11.4,Greg Monroe,27,Greg Monroe,C
3.9,0.5,8.5,.626,7.5,.626,12.0,,0.0,0.0,12.0,2.4,3.1,20,14,465,3.9,17.4,1.2,3.1,12.4,Greg Monroe,27,Greg Monroe,C
4.3,1.2,8.1,.530,7.6,.530,14.4,,0.0,0.0,14.4,4.0,3.5,26,0,496,3.8,19.2,2.0,3.5,12.0,Greg Monroe,27,Greg Monroe,C
0.0,0.0,9.0,.000,0.0,.000,4.5,,0.0,0.0,4.5,0.0,0.0,2,0,8,0.0,0.0,0.0,9.0,9.0,Luis Montero,24,Luis Montero,SG
4.0,0.0,4.0,,0.0,,0.0,,0.0,0.0,0.0,0.0,16.0,2,0,9,0.0,0.0,0.0,0.0,4.0,Ben Moore,22,Ben Moore,PF
2.6,0.2,2.5,.508,5.9,.556,7.4,.425,1.8,4.2,11.6,0.7,2.5,82,80,2586,0.8,14.2,1.1,1.4,3.3,E'Twaun Moore,28,E'Twaun Moore,SG
3.5,2.3,8.8,.541,3.0,.541,5.5,,0.0,0.0,5.5,0.5,5.2,67,3,805,3.6,6.4,1.4,1.9,12.4,Eric Moreland,26,Eric Moreland,PF
2.6,0.4,5.1,.406,4.8,.500,8.1,.200,0.7,3.7,11.8,0.0,0.7,6,0,98,0.7,10.3,0.7,2.2,5.9,Jaylen Morris,22,Jaylen Morris,SG
1.8,0.3,6.1,.429,6.5,.467,9.4,.368,2.1,5.8,15.2,3.1,2.5,54,21,1447,1.1,18.3,0.9,1.6,7.2,Marcus Morris,28,Marcus Morris,PF
2.6,0.7,6.1,.480,6.0,.529,8.8,.367,1.4,3.8,12.6,1.9,4.0,73,73,1968,1.4,15.4,1.0,2.3,7.5,Markieff Morris,28,Markieff Morris,PF
10.1,0.0,2.9,.667,5.8,.800,7.2,.000,0.0,1.4,8.6,2.9,1.4,3,0,25,0.0,14.4,4.3,1.4,2.9,Monte Morris,22,Monte Morris,PG
1.4,0.4,7.2,.533,8.2,.565,14.1,.167,0.2,1.2,15.3,3.1,3.7,11,4,176,2.9,19.6,0.6,1.8,10.0,Johnathan Motley,22,Johnathan Motley,PF
1.1,1.3,6.6,.559,5.2,.640,7.5,.222,0.4,1.8,9.3,2.3,3.9,31,13,359,3.2,13.1,0.5,3.3,9.8,Timofey Mozgov,31,Timofey Mozgov,C
6.0,0.3,3.6,.388,5.9,.415,10.9,.318,1.4,4.3,15.2,2.8,2.3,64,14,1245,0.8,16.0,1.2,3.3,4.4,Emmanuel Mudiay,21,Emmanuel Mudiay,PG
5.8,0.2,3.7,.401,6.2,.414,10.5,.373,1.8,4.9,15.4,3.0,2.3,42,0,752,0.8,17.2,1.0,3.4,4.5,Emmanuel Mudiay,21,Emmanuel Mudiay,PG
6.2,0.5,3.5,.368,5.5,.418,11.5,.196,0.7,3.4,14.9,2.6,2.4,22,14,493,0.7,14.2,1.5,3.0,4.2,Emmanuel Mudiay,21,Emmanuel Mudiay,PG
1.2,0.3,4.6,.447,7.2,.478,13.9,.259,0.6,2.3,16.2,3.4,2.6,43,2,418,2.0,18.4,0.8,0.5,6.5,Shabazz Muhammad,25,Shabazz Muhammad,SF-SG
0.8,0.2,3.6,.388,5.6,.422,12.2,.211,0.5,2.3,14.5,2.6,2.8,32,2,301,1.8,14.4,0.6,0.6,5.4,Shabazz Muhammad,25,Shabazz Muhammad,SF
2.2,0.3,7.1,.552,11.4,.576,18.2,.375,0.9,2.5,20.6,5.2,2.2,11,0,117,2.5,28.9,1.2,0.3,9.5,Shabazz Muhammad,25,Shabazz Muhammad,SG
6.9,0.0,0.0,.167,1.7,.250,6.9,.000,0.0,3.4,10.3,1.7,6.9,6,0,21,1.7,5.1,1.7,3.4,1.7,Xavier Munford,25,Xavier Munford,SG
4.8,0.6,7.2,.443,5.6,.454,11.9,.265,0.2,0.7,12.6,2.2,3.1,81,48,1743,2.3,13.5,2.0,2.8,9.5,Dejounte Murray,21,Dejounte Murray,PG
,,,,,,,,,,,,,,,,,,,,,,,,
3.8,0.4,3.0,.451,6.7,.502,8.8,.378,2.3,6.1,14.9,3.2,2.4,81,80,2565,1.2,19.0,1.1,2.4,4.2,Jamal Murray,20,Jamal Murray,PG
1.7,0.9,5.9,.458,4.9,.559,4.9,.371,2.1,5.7,10.6,1.9,2.7,53,7,1060,1.9,13.8,1.1,1.4,7.8,Mike Muscala,26,Mike Muscala,C
1.8,0.7,4.0,.336,3.4,.321,5.8,.354,1.6,4.5,10.3,1.6,3.1,48,1,522,0.9,10.1,1.0,2.3,4.9,Abdel Nader,24,Abdel Nader,SF
2.1,1.0,7.4,.581,6.1,.594,10.2,.167,0.1,0.3,10.5,2.3,4.4,66,27,1421,4.1,14.5,2.2,1.3,11.5,Larry Nance,25,Larry Nance,C
2.2,0.8,6.9,.601,5.9,.606,9.7,.250,0.0,0.2,9.9,2.1,4.4,42,17,922,4.2,14.1,2.3,1.6,11.1,Larry Nance,25,Larry Nance,C
1.8,1.3,8.3,.550,6.3,.572,11.0,.125,0.1,0.6,11.5,2.6,4.3,24,10,499,3.8,15.4,2.1,0.7,12.1,Larry Nance,25,Larry Nance,C
3.5,0.3,3.4,.420,5.2,.450,7.3,.376,1.9,5.1,12.5,2.7,2.0,74,10,1535,0.6,15.1,1.9,2.1,4.0,Shabazz Napier,26,Shabazz Napier,PG
6.4,0.1,3.2,.389,3.4,.450,4.3,.331,1.5,4.4,8.7,0.6,2.9,50,0,1013,0.5,8.8,1.0,2.4,3.7,Jameer Nelson,35,Jameer Nelson,PG
6.3,0.1,3.4,.410,3.4,.463,3.8,.364,1.6,4.4,8.2,0.5,2.7,43,0,897,0.4,8.9,0.9,2.2,3.9,Jameer Nelson,35,Jameer Nelson,PG
7.1,0.3,1.9,.282,3.4,.400,7.8,.071,0.3,4.3,12.1,0.9,4.3,7,0,116,0.6,8.1,1.2,3.4,2.5,Jameer Nelson,35,Jameer Nelson,PG
5.4,0.3,3.0,.457,5.0,.481,7.5,.404,1.4,3.4,10.9,1.9,2.7,41,0,498,0.5,13.2,0.9,2.6,3.5,Raul Neto,25,Raul Neto,PG
3.4,0.0,6.8,.364,4.5,.571,7.9,.000,0.0,4.5,12.4,1.1,1.1,9,0,32,3.4,10.1,2.3,3.4,10.1,Georges Niang,24,Georges Niang,PF
3.6,1.8,7.2,.500,4.5,.500,9.0,,0.0,0.0,9.0,1.8,4.5,7,0,40,5.4,10.8,1.8,3.6,12.6,Joakim Noah,32,Joakim Noah,C
1.5,1.7,9.2,.524,4.2,.529,7.9,.000,0.0,0.1,8.0,1.6,4.5,30,6,472,3.7,10.0,2.4,2.0,12.8,Nerlens Noel,23,Nerlens Noel,C
1.9,3.7,5.9,.613,4.2,.721,5.3,.263,0.4,1.6,6.9,1.6,4.2,49,3,418,1.6,10.5,2.0,1.4,7.5,Lucas Nogueira,25,Lucas Nogueira,C
2.3,0.9,7.9,.456,6.6,.494,8.0,.409,2.6,6.4,14.4,1.8,2.8,77,77,1900,0.4,17.6,0.8,1.0,8.3,Dirk Nowitzki,39,Dirk Nowitzki,C
5.3,0.4,3.0,.364,3.8,.385,7.2,.318,1.1,3.3,10.6,1.0,3.8,78,9,1706,0.8,9.8,1.4,2.8,3.7,Frank Ntilikina,19,Frank Ntilikina,PG
2.5,1.9,8.9,.505,8.3,.508,16.3,.000,0.0,0.1,16.4,3.0,4.3,79,79,2088,3.3,19.5,1.1,3.2,12.2,Jusuf Nurkić,23,Jusuf Nurkić,C
2.3,0.6,5.2,.478,4.4,.496,8.1,.346,0.4,1.1,9.3,2.9,3.5,70,21,1646,1.9,12.1,1.3,1.7,7.1,David Nwaba,25,David Nwaba,SG
1.3,0.6,6.1,.398,6.5,.422,12.2,.326,1.3,4.1,16.2,2.0,4.3,36,0,379,2.8,16.2,0.9,1.4,8.8,Johnny O'Bryant,24,Johnny O'Bryant,PF
3.0,0.5,6.6,.423,3.8,.470,5.2,.356,1.3,3.7,8.9,1.9,3.3,69,4,1150,0.8,10.7,1.1,1.7,7.4,Royce O'Neale,24,Royce O'Neale,SF
4.1,2.5,9.1,.583,5.8,.599,9.5,.235,0.1,0.4,10.0,2.5,5.0,77,10,1387,3.1,14.3,0.9,2.6,12.2,Kyle O'Quinn,27,Kyle O'Quinn,C
0.6,0.1,3.9,.346,2.0,.397,2.0,.320,1.3,3.9,5.9,0.8,2.8,73,0,1150,1.2,6.1,0.7,0.8,5.0,Semi Ojeleye,23,Semi Ojeleye,PF
0.8,2.5,7.4,.505,4.9,.505,9.7,,0.0,0.0,9.7,1.8,3.1,26,19,353,4.8,11.6,0.8,1.3,12.2,Emeka Okafor,35,Emeka Okafor,C
,,,,,,,,,,,,,,,,,,,,,,,,
1.2,1.8,6.5,.558,7.9,.567,13.7,.250,0.1,0.4,14.1,2.1,5.2,28,0,353,2.1,17.9,0.3,2.1,8.7,Jahlil Okafor,22,Jahlil Okafor,C
1.4,2.9,7.2,.444,5.8,.444,13.0,,0.0,0.0,13.0,2.9,10.1,2,0,25,5.8,14.4,0.0,4.3,13.0,Jahlil Okafor,22,Jahlil Okafor,C
1.2,1.8,6.5,.566,8.0,.576,13.7,.250,0.1,0.4,14.2,2.1,4.8,26,0,328,1.9,18.2,0.3,2.0,8.3,Jahlil Okafor,22,Jahlil Okafor,C
4.6,0.8,4.8,.477,9.0,.528,12.8,.371,2.3,6.1,18.9,4.1,2.5,75,75,2552,0.7,24.5,2.5,3.1,5.5,Victor Oladipo,25,Victor Oladipo,SG
4.2,0.7,6.9,.497,6.4,.590,7.2,.379,2.1,5.7,12.9,2.7,4.5,76,22,1779,1.8,17.6,1.3,3.0,8.7,Kelly Olynyk,26,Kelly Olynyk,PF
1.6,0.0,4.9,.400,3.3,.400,8.2,,0.0,0.0,8.2,0.0,6.5,1,0,22,1.6,6.5,0.0,4.9,6.5,Chinanu Onuaku,21,Chinanu Onuaku,C
2.2,0.2,5.4,.484,4.8,.586,5.3,.368,1.7,4.7,10.0,1.4,4.2,61,12,672,1.0,12.7,1.2,1.7,6.4,Cedi Osman,22,Cedi Osman,SF
1.6,0.6,4.9,.403,5.1,.456,6.8,.341,2.0,6.0,12.7,3.1,3.8,81,11,2231,1.0,15.4,1.3,1.5,5.9,Kelly Oubre,22,Kelly Oubre,SF
4.0,0.6,8.6,.564,5.5,.567,9.7,.000,0.0,0.0,9.8,2.8,4.5,69,57,972,3.3,13.8,1.4,2.7,11.9,Zaza Pachulia,33,Zaza Pachulia,C
3.9,0.0,5.1,.286,5.1,.333,7.7,.250,2.6,10.3,18.0,2.6,0.0,5,0,28,0.0,15.4,0.0,0.0,5.1,Marcus Paige,24,Marcus Paige,PG
2.7,1.8,7.1,.429,5.3,.429,12.4,,0.0,0.0,12.4,0.0,3.5,17,0,122,3.8,10.6,1.2,2.4,10.9,Georgios Papagiannis,20,Georgios Papagiannis,C
2.7,1.8,7.3,.415,5.2,.415,12.5,,0.0,0.0,12.5,0.0,3.7,16,0,118,3.7,10.4,0.6,2.4,11.0,Georgios Papagiannis,20,Georgios Papagiannis,C
0.0,0.0,0.0,1.000,9.0,1.000,9.0,,0.0,0.0,9.0,0.0,0.0,1,0,4,9.0,18.0,18.0,0.0,9.0,Georgios Papagiannis,20,Georgios Papagiannis,C
2.9,0.5,5.3,.482,7.8,.514,12.2,.383,1.5,3.9,16.1,1.9,2.4,31,3,743,2.0,18.9,1.2,2.2,7.3,Jabari Parker,22,Jabari Parker,PF
6.6,0.0,3.0,.459,6.0,.479,11.8,.270,0.3,1.2,13.0,1.8,1.7,55,21,1071,0.2,14.2,0.9,2.3,3.2,Tony Parker,35,Tony Parker,PG
3.6,0.6,4.0,.462,5.6,.504,5.9,.421,2.7,6.3,12.2,0.9,2.8,36,8,691,0.7,14.8,0.9,1.8,4.7,Chandler Parsons,29,Chandler Parsons,SF
1.6,0.7,4.6,.398,3.0,.421,2.7,.386,1.9,4.8,7.5,1.1,2.5,82,3,1270,0.9,9.0,1.4,0.9,5.5,Patrick Patterson,28,Patrick Patterson,PF
0.0,0.0,0.0,.500,9.0,.500,18.0,,0.0,0.0,18.0,0.0,9.0,1,0,4,0.0,18.0,9.0,0.0,0.0,Justin Patton,20,Justin Patton,C
2.3,0.4,3.9,.433,3.4,.548,4.6,.278,0.9,3.4,7.9,1.4,3.6,64,2,576,0.4,9.2,1.6,1.8,4.2,Brandon Paul,26,Brandon Paul,SG
8.9,0.3,5.4,.460,7.2,.532,8.2,.380,2.8,7.4,15.6,4.0,2.7,58,58,1847,0.7,21.1,1.9,2.5,6.1,Chris Paul,32,Chris Paul,PG
0.0,0.0,5.9,.700,5.9,.714,5.9,.667,1.7,2.5,8.4,4.2,5.0,5,0,43,1.7,17.6,1.7,1.7,7.5,Adreian Payne,26,Adreian Payne,PF
7.0,0.6,3.2,.405,5.4,.419,7.7,.385,2.2,5.6,13.3,0.7,2.7,25,14,582,1.1,13.7,1.6,2.2,4.3,Cameron Payne,23,Cameron Payne,PG
7.8,0.4,4.2,.493,6.6,.520,11.4,.326,0.6,1.8,13.3,2.2,2.9,63,63,1808,1.3,15.9,1.7,3.3,5.5,Elfrid Payton,23,Elfrid Payton,PG
7.9,0.5,3.6,.520,6.8,.545,11.2,.373,0.7,1.9,13.1,2.1,2.8,44,44,1257,1.3,16.4,1.8,3.3,5.0,Elfrid Payton,23,Elfrid Payton,PG
7.7,0.4,5.4,.435,5.9,.467,12.0,.200,0.3,1.6,13.7,2.4,3.3,19,19,551,1.1,14.6,1.2,3.5,6.5,Elfrid Payton,23,Elfrid Payton,PG
3.4,0.5,5.0,.405,4.9,.490,8.0,.240,1.0,4.1,12.1,0.5,4.9,23,6,221,2.1,11.2,1.1,1.1,7.2,Gary Payton,25,Gary Payton,PG
3.1,0.3,4.4,.394,4.4,.524,7.1,.167,0.7,4.1,11.2,0.7,5.8,12,6,106,1.4,10.2,1.0,1.0,5.8,Gary Payton,25,Gary Payton,PG
3.8,0.6,5.6,.415,5.3,.464,8.8,.308,1.3,4.1,12.8,0.3,4.1,11,0,115,2.8,12.2,1.3,1.3,8.5,Gary Payton,25,Gary Payton,PG
,,,,,,,,,,,,,,,,,,,,,,,,
4.8,0.0,2.4,.500,2.4,.500,4.8,,0.0,0.0,4.8,2.4,2.4,1,0,15,0.0,7.2,2.4,2.4,2.4,Kendrick Perkins,33,Kendrick Perkins,C
2.7,0.5,1.6,.154,1.1,.200,5.5,.000,0.0,1.6,7.1,1.6,3.3,14,0,66,0.5,3.8,1.1,0.5,2.2,London Perrantes,23,London Perrantes,PG
1.9,0.3,4.6,.378,4.5,.625,2.6,.310,2.9,9.3,11.8,1.3,2.1,20,0,225,1.3,13.1,0.3,0.6,5.9,Alec Peters,22,Alec Peters,PF
1.4,0.7,9.0,.333,0.7,.333,2.1,,0.0,0.0,2.1,8.3,6.9,8,0,52,2.8,9.7,0.0,2.1,11.8,Marshall Plumlee,25,Marshall Plumlee,C
3.6,2.0,6.7,.601,5.5,.602,9.2,.000,0.0,0.0,9.2,2.1,4.6,74,26,1439,3.3,13.1,1.2,2.6,10.0,Mason Plumlee,27,Mason Plumlee,C
1.8,1.2,5.9,.583,4.1,.583,7.1,,0.0,0.0,7.1,1.1,3.1,55,35,918,3.0,9.3,0.7,2.5,8.9,Miles Plumlee,29,Miles Plumlee,C
1.3,2.4,5.4,.659,6.0,.660,9.0,.500,0.0,0.0,9.1,1.4,5.0,82,0,1524,3.9,13.4,0.9,2.0,9.3,Jakob Pöltl,22,Jakob Pöltl,C
1.7,0.4,3.5,.286,2.6,.407,5.0,.136,0.6,4.0,9.0,2.6,4.4,23,1,196,1.5,8.3,1.5,2.0,5.0,Quincy Pondexter,29,Quincy Pondexter,SF
2.3,0.6,5.8,.503,6.6,.537,8.5,.441,2.0,4.6,13.1,1.6,2.2,77,77,2432,1.5,16.8,1.7,1.1,7.3,Otto Porter,24,Otto Porter,SF
2.7,0.5,7.4,.471,8.4,.514,12.9,.359,1.8,4.9,17.8,2.6,2.8,73,4,1643,3.5,21.1,1.1,2.3,10.9,Bobby Portis,22,Bobby Portis,PF
1.3,2.7,5.9,.439,9.0,.454,15.3,.395,2.1,5.3,20.6,5.1,3.3,48,48,1553,1.4,25.2,0.8,2.2,7.3,Kristaps Porziņģis,22,Kristaps Porziņģis,PF
2.0,0.7,6.7,.593,5.5,.656,7.4,.333,0.6,1.8,9.3,2.9,4.0,79,25,1672,2.9,14.4,1.4,1.3,9.6,Dwight Powell,26,Dwight Powell,C
3.0,0.5,3.6,.401,5.1,.516,6.4,.285,1.8,6.3,12.7,1.1,3.8,70,18,1062,0.5,13.1,1.3,2.2,4.0,Norman Powell,24,Norman Powell,SG
0.7,0.3,3.5,.423,3.8,.467,5.2,.364,1.4,3.8,9.0,0.0,5.5,25,0,104,2.4,9.0,1.0,0.7,5.9,Alex Poythress,24,Alex Poythress,PF
0.0,0.0,0.0,.500,6.0,1.000,6.0,.000,0.0,6.0,12.0,0.0,0.0,3,0,6,0.0,12.0,0.0,6.0,0.0,Jacob Pullen,28,Jacob Pullen,PG
2.1,0.4,3.2,.327,4.3,.400,6.8,.250,1.6,6.5,13.3,1.6,3.2,16,2,290,0.1,11.9,0.4,1.2,3.4,Rodney Purvis,23,Rodney Purvis,SG
0.6,4.1,4.6,.188,1.7,.308,3.8,.105,0.6,5.5,9.3,2.3,4.1,18,0,124,1.7,6.4,0.6,2.9,6.4,Zhou Qi,22,Zhou Qi,C
2.8,0.0,8.3,.333,2.8,1.000,2.8,.000,0.0,5.5,8.3,5.5,2.8,3,0,13,0.0,11.1,0.0,5.5,8.3,Tim Quarterman,23,Tim Quarterman,SG
2.2,0.9,7.3,.566,6.0,.566,10.6,,0.0,0.0,10.6,2.0,3.8,36,5,516,3.7,14.0,0.8,2.4,11.0,Ivan Rabb,20,Ivan Rabb,PF
3.5,0.7,7.8,.558,8.3,.575,14.1,.222,0.2,0.7,14.9,5.0,4.5,82,49,2190,3.0,21.7,0.7,3.5,10.8,Julius Randle,23,Julius Randle,C
,,,,,,,,,,,,,,,,,,,,,,,,
3.0,0.2,7.2,.473,8.6,.503,14.7,.347,1.2,3.5,18.2,2.0,2.8,59,57,1508,2.3,20.5,1.0,2.8,9.5,Zach Randolph,36,Zach Randolph,PF
5.5,0.9,1.5,.286,3.7,.393,8.5,.071,0.3,4.3,12.8,1.2,5.5,5,0,118,0.0,8.8,1.8,3.4,1.5,Xavier Rathan-Mayes,23,Xavier Rathan-Mayes,SG
3.6,0.1,2.9,.460,6.9,.504,7.1,.420,3.3,7.8,15.0,3.4,2.1,70,70,2116,0.2,20.4,0.6,1.8,3.0,J.J. Redick,33,J.J. Redick,SG
1.9,0.3,5.5,.289,3.3,.289,5.7,.289,1.6,5.7,11.3,1.2,2.5,21,1,242,0.3,9.4,1.5,1.5,5.8,Davon Reed,22,Davon Reed,SG
0.8,1.9,7.2,.669,6.8,.672,10.0,.500,0.1,0.2,10.2,2.7,4.7,42,5,428,2.9,16.4,0.8,1.6,10.2,Willie Reed,27,Willie Reed,C
0.8,1.9,7.3,.667,6.9,.669,10.1,.500,0.1,0.2,10.3,2.7,4.6,39,5,419,3.0,16.6,0.8,1.6,10.3,Willie Reed,27,Willie Reed,C
4.0,0.0,4.0,1.000,4.0,1.000,4.0,,0.0,0.0,4.0,0.0,12.0,3,0,9,0.0,8.0,0.0,0.0,4.0,Willie Reed,27,Willie Reed,C
3.1,1.0,2.9,.451,5.3,.495,7.3,.378,1.7,4.5,11.8,1.6,2.7,81,81,2689,0.9,14.0,1.6,1.9,3.8,Josh Richardson,24,Josh Richardson,SF
1.4,0.1,3.2,.333,3.3,.360,5.6,.300,1.3,4.4,10.0,1.9,3.0,26,4,324,0.6,9.9,1.1,1.1,3.8,Malachi Richardson,22,Malachi Richardson,SG
1.5,0.1,3.2,.330,3.3,.347,5.5,.308,1.4,4.4,9.9,1.9,3.0,25,4,319,0.6,9.8,1.1,1.1,3.7,Malachi Richardson,22,Malachi Richardson,SG
0.0,0.0,7.2,.500,7.2,1.000,7.2,.000,0.0,7.2,14.4,0.0,0.0,1,0,5,0.0,14.4,0.0,0.0,7.2,Malachi Richardson,22,Malachi Richardson,SG
4.2,0.3,2.1,.424,6.0,.461,7.8,.378,2.4,6.3,14.1,1.8,2.7,61,59,2057,0.5,16.1,1.3,1.9,2.5,Austin Rivers,25,Austin Rivers,SG
1.6,1.2,3.8,.537,3.0,.627,4.4,.222,0.3,1.2,5.6,0.4,3.1,39,39,1037,2.6,6.7,1.6,1.0,6.4,Andre Roberson,26,Andre Roberson,SG
0.0,0.0,8.3,.333,2.8,.333,8.3,,0.0,0.0,8.3,0.0,5.5,1,0,13,5.5,5.5,2.8,0.0,13.8,Devin Robinson,22,Devin Robinson,SF
1.8,0.1,2.8,.424,3.8,.431,5.4,.412,1.5,3.6,9.1,1.0,1.5,23,1,338,1.2,10.1,1.4,0.5,3.9,Glenn Robinson,24,Glenn Robinson,SF
11.3,0.2,4.9,.468,4.9,.526,7.3,.333,1.1,3.2,10.4,0.5,2.5,65,63,1705,0.7,11.3,1.5,3.2,5.6,Rajon Rondo,31,Rajon Rondo,PG
3.2,0.3,1.9,.435,6.9,.474,13.4,.233,0.6,2.6,15.9,3.4,1.4,25,7,420,1.1,17.9,0.6,3.0,3.0,Derrick Rose,29,Derrick Rose,PG
3.0,0.5,2.2,.439,6.8,.481,12.6,.250,0.7,2.8,15.4,4.1,1.6,16,7,308,1.2,18.4,0.4,3.3,3.4,Derrick Rose,29,Derrick Rose,PG
3.5,0.0,1.0,.426,7.4,.458,15.4,.167,0.3,1.9,17.4,1.6,0.6,9,0,112,1.0,16.7,1.3,2.3,1.9,Derrick Rose,29,Derrick Rose,PG
2.3,0.7,3.8,.398,4.6,.469,5.9,.323,1.8,5.6,11.5,1.6,2.7,24,20,600,0.6,12.5,1.6,1.7,4.4,Terrence Ross,26,Terrence Ross,SG
4.0,0.3,5.4,.395,5.5,.410,6.9,.381,2.7,7.0,13.9,2.0,2.1,80,16,2068,1.1,15.7,1.4,1.4,6.5,Terry Rozier,23,Terry Rozier,PG
6.5,0.2,4.9,.418,5.5,.451,8.8,.352,1.5,4.4,13.2,3.5,3.3,77,77,2254,0.7,16.1,1.9,3.3,5.6,Ricky Rubio,27,Ricky Rubio,PG
7.3,0.5,4.6,.414,8.1,.477,11.5,.324,2.6,8.1,19.6,2.8,2.7,48,35,1234,0.9,21.7,1.1,4.3,5.5,D'Angelo Russell,21,D'Angelo Russell,PG
3.0,0.6,8.1,.514,6.8,.524,12.4,.351,0.3,0.7,13.1,3.3,4.4,74,19,1810,3.3,17.1,0.8,2.7,11.4,Domantas Sabonis,21,Domantas Sabonis,C
0.9,2.3,6.0,.543,4.6,.549,7.4,.500,0.5,1.0,8.5,1.0,5.0,22,6,344,2.2,10.8,0.8,0.8,8.2,JaKarr Sampson,24,JaKarr Sampson,SF
3.1,0.3,5.7,.453,6.3,.501,7.7,.393,2.4,6.2,13.9,2.8,2.5,78,73,2310,2.4,17.8,0.8,2.3,8.1,Dario Šarić,23,Dario Šarić,PF
,,,,,,,,,,,,,,,,,,,,,,,,
6.3,0.3,3.5,.523,4.4,.544,6.2,.465,1.0,2.2,8.4,1.6,2.9,73,30,1643,1.6,11.5,1.1,1.8,5.1,Tomáš Satoranský,26,Tomáš Satoranský,SG
7.2,0.1,2.8,.436,8.7,.480,15.3,.290,1.3,4.5,19.9,3.9,2.5,67,67,2078,0.8,22.5,1.2,3.2,3.6,Dennis Schröder,24,Dennis Schröder,PG
2.0,0.3,5.0,.527,7.1,.582,9.2,.405,1.7,4.2,13.4,1.3,3.8,76,1,1406,1.3,17.1,0.6,2.0,6.3,Mike Scott,29,Mike Scott,PF
1.5,0.5,5.9,.492,5.3,.551,7.0,.381,1.4,3.8,10.7,2.0,2.6,38,6,806,1.3,13.9,2.3,1.3,7.2,Thabo Sefolosha,33,Thabo Sefolosha,SF
3.4,0.3,2.1,.431,6.0,.456,7.6,.402,2.5,6.3,14.0,2.3,3.1,35,9,692,0.8,16.9,0.9,2.8,2.9,Wayne Selden,23,Wayne Selden,SG
7.1,0.2,2.9,.359,3.9,.374,8.4,.308,0.7,2.4,10.7,4.0,2.7,28,3,392,0.6,12.5,1.3,2.8,3.5,Ramon Sessions,31,Ramon Sessions,PG
5.8,0.2,3.7,.321,3.7,.357,9.1,.182,0.4,2.4,11.4,2.6,3.0,13,3,167,0.2,10.3,1.5,3.2,3.9,Ramon Sessions,31,Ramon Sessions,PG
8.0,0.2,2.4,.391,4.0,.388,7.8,.400,1.0,2.4,10.2,5.1,2.4,15,0,225,0.8,14.1,1.1,2.4,3.2,Ramon Sessions,31,Ramon Sessions,PG
2.2,0.5,4.4,.379,2.9,.469,4.2,.269,0.9,3.4,7.6,1.4,2.9,14,6,276,0.9,8.1,1.2,2.1,5.3,Iman Shumpert,27,Iman Shumpert,SG
3.4,0.9,6.1,.508,5.4,.612,7.8,.220,0.6,2.8,10.7,1.2,3.6,81,5,1679,1.7,12.6,1.3,1.4,7.8,Pascal Siakam,23,Pascal Siakam,PF
0.0,0.0,5.1,.000,0.0,.000,5.1,.000,0.0,10.3,15.4,0.0,5.1,2,0,7,5.1,0.0,5.1,0.0,10.3,Xavier Silas,30,Xavier Silas,SG
8.7,0.9,6.8,.545,7.2,.551,13.0,.000,0.0,0.1,13.2,2.5,2.8,81,81,2732,1.9,16.9,1.8,3.7,8.7,Ben Simmons,21,Ben Simmons,PG
3.0,0.3,3.2,.465,6.3,.512,9.9,.338,1.2,3.6,13.5,3.3,3.1,69,50,2029,1.1,17.1,1.0,2.6,4.2,Jonathon Simmons,28,Jonathon Simmons,SG
3.8,0.3,2.0,.423,4.5,.460,8.4,.282,0.6,2.2,10.6,1.4,3.4,32,12,643,0.8,11.0,1.0,2.5,2.8,Kobi Simmons,20,Kobi Simmons,PG
1.2,0.0,5.5,.333,4.3,.313,9.8,.400,1.2,3.1,12.8,4.3,2.4,12,0,59,0.6,14.0,0.6,1.8,6.1,Kyle Singler,29,Kyle Singler,SF
5.8,0.5,3.3,.367,4.2,.429,5.9,.301,1.7,5.6,11.5,2.2,3.0,54,11,1614,1.0,12.3,1.6,2.9,4.2,Marcus Smart,23,Marcus Smart,SG
6.3,0.3,3.7,.395,7.1,.435,12.0,.313,1.9,6.0,18.0,2.4,2.7,69,69,2049,0.9,18.4,1.2,3.4,4.6,Dennis Smith,20,Dennis Smith,PG
6.3,0.4,3.5,.486,6.9,.506,12.3,.347,0.6,1.8,14.1,1.4,2.5,82,35,2043,0.5,15.8,1.1,1.9,3.9,Ish Smith,29,Ish Smith,PG
2.3,0.2,3.3,.403,3.9,.453,3.4,.375,2.3,6.1,9.5,0.6,2.6,80,61,2244,0.5,10.6,1.1,1.3,3.8,J.R. Smith,32,J.R. Smith,SG
1.8,1.6,4.4,.391,5.7,.494,10.5,.125,0.5,4.0,14.5,2.4,5.6,33,2,285,2.3,14.3,0.4,2.0,6.7,Jason Smith,31,Jason Smith,C
0.0,0.0,3.0,.250,3.0,.250,12.0,,0.0,0.0,12.0,0.0,9.0,3,0,12,9.0,6.0,0.0,0.0,12.0,Josh Smith,32,Josh Smith,PF
1.7,0.5,2.3,.435,3.2,.490,2.8,.403,1.9,4.7,7.5,0.7,2.0,75,59,2053,0.2,9.0,0.8,0.6,2.5,Tony Snell,26,Tony Snell,SG
,,,,,,,,,,,,,,,,,,,,,,,,
2.1,1.2,6.0,.395,7.4,.448,6.2,.369,4.6,12.4,18.6,2.1,5.7,52,3,675,1.1,21.4,0.4,2.1,7.1,Marreese Speights,30,Marreese Speights,C
2.7,0.3,4.1,.390,4.1,.370,3.7,.400,2.8,6.9,10.6,1.4,1.7,41,0,523,0.3,12.5,0.6,1.8,4.4,Nik Stauskas,24,Nik Stauskas,SG
0.8,0.0,0.8,.250,0.8,.333,2.4,.000,0.0,0.8,3.2,1.6,2.4,6,0,45,0.0,3.2,3.2,3.2,0.8,Nik Stauskas,24,Nik Stauskas,SG
2.9,0.3,4.4,.393,4.4,.373,3.8,.404,3.0,7.5,11.3,1.4,1.6,35,0,478,0.3,13.3,0.4,1.7,4.7,Nik Stauskas,24,Nik Stauskas,SG
4.6,0.3,7.0,.427,5.9,.495,9.3,.289,1.3,4.5,13.8,1.6,3.4,82,7,1850,1.2,14.7,0.9,2.5,8.3,Lance Stephenson,27,Lance Stephenson,SG
0.0,0.0,0.0,.667,8.0,,0.0,.667,8.0,12.0,12.0,16.0,12.0,3,0,9,0.0,40.0,0.0,4.0,0.0,David Stockton,26,David Stockton,PG
5.3,0.4,5.8,.462,1.2,,0.0,.462,1.2,2.7,2.7,0.2,4.3,23,0,175,0.2,3.9,0.8,1.4,6.0,Julyan Stone,29,Julyan Stone,SG
0.0,0.0,18.0,1.000,18.0,1.000,18.0,,0.0,0.0,18.0,0.0,18.0,1,0,2,0.0,36.0,0.0,0.0,18.0,Edmond Sumner,22,Edmond Sumner,PG
2.7,0.6,7.4,.400,4.6,.442,9.9,.125,0.2,1.5,11.4,2.3,7.0,27,3,189,2.9,11.6,1.0,3.4,10.3,Caleb Swanigan,20,Caleb Swanigan,PF
1.9,0.9,5.2,.475,5.9,.492,8.8,.434,1.6,3.6,12.3,3.1,2.5,80,80,2438,0.7,16.4,1.2,1.7,5.9,Jayson Tatum,19,Jayson Tatum,SF
6.4,0.3,2.2,.418,5.0,.461,9.6,.250,0.6,2.5,12.0,3.1,3.6,67,9,1167,0.7,13.7,1.0,2.6,2.9,Isaiah Taylor,23,Isaiah Taylor,PG
7.7,0.4,2.9,.446,5.5,.477,8.8,.368,1.3,3.6,12.4,3.1,2.7,70,70,2311,0.4,15.5,1.6,2.8,3.3,Jeff Teague,29,Jeff Teague,PG
6.3,0.0,2.4,.250,1.9,.250,5.8,.250,0.5,1.9,7.8,1.0,2.4,3,0,74,0.5,5.4,1.9,1.5,2.9,Marquis Teague,24,Marquis Teague,PG
2.3,0.2,4.5,.439,5.7,.333,2.7,.467,4.8,10.2,12.9,0.0,3.2,10,0,159,0.7,16.1,0.9,1.6,5.2,Mirza Teletović,32,Mirza Teletović,PF
2.8,0.6,2.9,.418,4.4,.442,5.6,.392,2.0,5.1,10.6,1.3,3.0,65,35,1615,0.5,12.2,1.3,1.8,3.4,Garrett Temple,31,Garrett Temple,SG
6.6,0.2,3.5,.419,4.8,.492,4.1,.379,2.8,7.4,11.4,1.2,3.3,45,36,1134,0.5,13.6,0.7,3.1,4.0,Miloš Teodosić,30,Miloš Teodosić,PG
2.6,0.6,1.9,.383,2.6,.487,1.7,.348,1.8,5.1,6.8,0.4,2.3,51,4,814,0.2,7.3,1.9,1.1,2.1,Jason Terry,40,Jason Terry,SG
2.2,1.8,7.1,.541,4.8,.617,6.7,.310,0.7,2.2,9.0,2.3,6.0,63,3,936,3.5,12.7,1.2,2.2,10.5,Daniel Theis,25,Daniel Theis,C
6.4,0.1,2.1,.373,6.6,.438,9.7,.293,2.3,7.9,17.6,4.9,2.4,32,15,862,0.7,20.3,0.6,4.0,2.8,Isaiah Thomas,28,Isaiah Thomas,PG
6.0,0.2,2.1,.361,6.2,.449,9.5,.253,2.0,7.7,17.2,5.2,2.2,15,14,406,0.6,19.6,0.8,3.6,2.7,Isaiah Thomas,28,Isaiah Thomas,PG
6.7,0.1,2.1,.383,6.9,.429,9.9,.327,2.6,8.0,17.9,4.6,2.6,17,1,456,0.8,20.9,0.5,4.3,2.8,Isaiah Thomas,28,Isaiah Thomas,PG
1.2,0.4,3.5,.382,2.7,.364,3.8,.403,1.3,3.3,7.1,1.2,3.6,73,31,1353,1.2,7.9,0.8,1.1,4.7,Lance Thomas,29,Lance Thomas,PF
2.7,0.5,3.5,.488,8.3,.526,9.5,.440,3.3,7.5,16.9,1.2,1.7,73,73,2506,0.4,21.0,0.8,1.8,4.0,Klay Thompson,27,Klay Thompson,SG
1.1,0.6,7.6,.562,4.4,.562,7.9,,0.0,0.0,7.9,1.4,3.4,53,22,1072,4.2,10.3,0.5,1.2,11.8,Tristan Thompson,26,Tristan Thompson,C
,,,,,,,,,,,,,,,,,,,,,,,,
2.1,0.8,3.3,.429,3.1,.448,5.4,.377,0.7,1.9,7.3,1.8,3.9,73,17,1156,1.0,8.8,1.5,1.7,4.4,Sindarius Thornwell,23,Sindarius Thornwell,SG
1.8,0.4,3.9,.464,4.5,.561,2.2,.436,3.3,7.5,9.7,2.2,3.0,79,14,1757,1.0,14.4,0.7,1.2,4.9,Anthony Tolliver,32,Anthony Tolliver,PF
2.5,1.4,9.5,.545,7.9,.585,10.9,.421,1.5,3.5,14.5,4.3,3.5,82,82,2918,2.9,21.5,0.8,2.0,12.5,Karl-Anthony Towns,22,Karl-Anthony Towns,C
1.2,0.4,5.7,.390,2.7,.435,2.1,.371,1.8,4.9,7.0,0.7,3.2,82,34,2281,1.5,7.9,1.2,1.2,7.2,P.J. Tucker,32,P.J. Tucker,PF
3.1,0.5,3.8,.447,4.6,.485,7.9,.318,0.7,2.3,10.2,1.6,2.9,79,40,2034,0.5,11.5,0.8,1.8,4.3,Evan Turner,29,Evan Turner,SF
1.7,2.3,6.4,.479,6.0,.519,9.5,.357,1.1,3.1,12.5,3.1,3.6,65,62,1836,1.8,16.2,0.7,1.9,8.2,Myles Turner,21,Myles Turner,C
2.4,3.3,3.6,.500,2.7,.504,5.3,.000,0.0,0.0,5.3,1.9,4.7,63,3,810,3.0,7.2,1.9,0.9,6.7,Ekpe Udoh,30,Ekpe Udoh,C
6.8,0.2,2.3,.388,4.6,.425,8.8,.288,0.9,3.2,12.0,1.8,2.6,71,43,1658,0.5,12.0,1.5,2.8,2.8,Tyler Ulis,22,Tyler Ulis,PG
1.7,1.4,9.9,.568,8.1,.587,12.8,.405,0.6,1.5,14.3,3.5,4.0,77,77,1727,3.8,20.4,0.6,2.4,13.8,Jonas Valančiūnas,25,Jonas Valančiūnas,C
4.2,0.2,5.9,.417,5.2,.450,6.0,.386,2.5,6.4,12.4,0.7,3.2,77,37,2095,0.8,13.5,1.1,1.7,6.8,Denzel Valentine,24,Denzel Valentine,SG
5.8,0.5,3.8,.426,5.5,.437,6.7,.414,2.6,6.2,12.9,2.0,3.1,76,0,1520,0.6,15.5,1.6,1.8,4.4,Fred VanVleet,23,Fred VanVleet,PG
2.2,0.5,3.1,.411,3.9,.474,3.2,.378,2.4,6.3,9.5,0.7,2.5,28,0,212,0.5,10.9,0.8,1.0,3.6,Rashad Vaughn,21,Rashad Vaughn,SG
2.5,0.6,3.1,.420,4.4,.533,3.1,.371,2.7,7.3,10.4,0.8,2.5,22,0,173,0.4,12.3,0.8,0.8,3.5,Rashad Vaughn,21,Rashad Vaughn,SG
9.0,0.0,0.0,,0.0,,0.0,,0.0,0.0,0.0,0.0,9.0,1,0,4,0.0,0.0,0.0,0.0,0.0,Rashad Vaughn,21,Rashad Vaughn,SG
0.0,0.0,3.1,.333,2.1,.250,4.1,.500,1.0,2.1,6.2,0.0,2.1,5,0,35,1.0,5.1,1.0,2.1,4.1,Rashad Vaughn,21,Rashad Vaughn,SG
1.4,0.7,9.9,.444,4.3,.500,6.9,.303,0.8,2.7,9.6,1.5,2.8,54,16,875,2.9,10.9,0.8,1.3,12.8,Noah Vonleh,22,Noah Vonleh,PF
1.0,0.8,10.0,.490,3.6,.500,6.8,.333,0.2,0.5,7.3,1.7,3.2,33,12,476,2.6,9.0,0.5,1.1,12.6,Noah Vonleh,22,Noah Vonleh,PF
1.9,0.5,9.8,.413,5.1,.500,7.0,.300,1.6,5.4,12.5,1.2,2.3,21,4,399,3.2,13.1,1.2,1.4,13.0,Noah Vonleh,22,Noah Vonleh,PF
4.1,1.3,9.0,.475,8.5,.527,13.6,.314,1.4,4.4,18.0,1.6,3.1,57,57,1683,2.2,20.1,1.2,2.3,11.2,Nikola Vučević,27,Nikola Vučević,C
5.3,1.1,4.7,.438,7.0,.468,13.4,.288,0.7,2.6,16.0,3.2,2.9,67,3,1536,1.2,17.9,1.4,3.3,5.9,Dwyane Wade,36,Dwyane Wade,SG
5.5,1.1,4.8,.455,6.7,.479,12.3,.329,0.8,2.4,14.6,3.2,2.8,46,3,1069,1.3,17.3,1.4,3.1,6.1,Dwyane Wade,36,Dwyane Wade,SG
5.0,1.2,4.6,.409,7.8,.447,15.9,.220,0.7,3.2,19.0,3.2,3.1,21,0,467,0.8,19.4,1.5,3.7,5.5,Dwyane Wade,36,Dwyane Wade,SG
4.4,0.4,2.7,.398,6.4,.463,9.4,.306,2.0,6.7,16.1,2.0,2.4,30,30,918,0.3,16.8,0.9,2.7,3.0,Dion Waiters,26,Dion Waiters,SG
5.8,0.3,2.8,.431,7.7,.469,10.0,.384,3.0,7.9,17.9,4.8,1.3,80,80,2736,0.4,23.3,1.2,2.4,3.3,Kemba Walker,27,Kemba Walker,PG
10.0,1.1,3.3,.420,7.1,.436,12.8,.371,1.6,4.3,17.0,4.5,2.0,41,41,1410,0.6,20.3,1.5,4.0,3.8,John Wall,27,John Wall,PG
3.0,0.5,3.6,.445,4.7,.483,8.8,.250,0.4,1.7,10.4,2.6,3.5,30,19,851,0.9,12.3,1.1,1.9,4.4,Tyrone Wallace,23,Tyrone Wallace,PG
3.1,0.6,5.0,.426,6.1,.461,7.6,.385,2.6,6.7,14.2,2.2,2.5,82,82,2464,0.7,16.9,1.2,2.8,5.7,Taurean Waller-Prince,23,Taurean Waller-Prince,SF
,,,,,,,,,,,,,,,,,,,,,,,,
3.9,0.7,3.4,.320,2.0,.125,2.0,.412,1.7,4.2,6.1,1.5,1.7,16,0,147,0.5,7.1,1.7,0.5,3.9,Derrick Walton,22,Derrick Walton,PG
0.0,0.0,6.7,.583,9.3,.583,16.0,,0.0,0.0,16.0,4.0,2.7,3,0,27,5.3,22.7,0.0,1.3,12.0,Jameel Warney,24,Jameel Warney,PF
1.4,0.7,3.5,.498,8.9,.523,16.4,.222,0.3,1.5,17.9,3.2,2.5,65,65,2142,2.1,21.4,1.1,1.4,5.6,T.J. Warren,24,T.J. Warren,SF
1.1,0.8,6.0,.347,3.9,.320,3.9,.362,2.7,7.4,11.4,1.3,4.7,17,0,228,0.0,11.8,0.6,0.9,6.0,Travis Wear,27,Travis Wear,SF
1.2,0.0,4.8,.250,1.8,.400,1.5,.211,1.2,5.7,7.2,0.0,3.0,10,0,120,2.4,4.8,0.3,1.2,7.2,James Webb,24,James Webb,SF
3.3,0.8,4.1,.442,2.9,.469,4.9,.364,0.6,1.7,6.5,1.2,4.3,18,0,237,1.2,7.6,2.7,2.3,5.3,Briante Weber,25,Briante Weber,PG
4.0,0.9,4.6,.409,2.7,.385,4.0,.444,1.2,2.7,6.7,1.2,5.5,13,0,118,0.9,7.9,3.1,2.1,5.5,Briante Weber,25,Briante Weber,PG
2.7,0.6,3.6,.476,3.0,.526,5.7,.000,0.0,0.6,6.4,1.2,3.0,5,0,119,1.5,7.3,2.4,2.4,5.1,Briante Weber,25,Briante Weber,PG
5.0,2.7,6.3,.571,7.8,.576,13.3,.375,0.1,0.3,13.6,2.2,4.3,73,0,999,2.3,17.8,1.7,2.9,8.6,David West,37,David West,C
10.1,0.2,8.1,.449,9.4,.485,16.8,.298,1.2,4.0,20.8,5.2,2.5,80,80,2914,1.9,25.1,1.8,4.7,9.9,Russell Westbrook,29,Russell Westbrook,PG
1.0,0.2,5.2,.342,4.3,.292,4.1,.367,3.1,8.4,12.6,0.2,2.1,15,0,209,0.7,11.9,0.5,1.4,5.9,Andrew White,24,Andrew White,SF
2.3,0.8,5.4,.485,4.1,.400,5.2,.615,2.1,3.4,8.5,3.6,2.1,17,0,139,1.3,14.0,1.0,1.6,6.7,Derrick White,23,Derrick White,PG
0.9,0.5,3.6,.438,3.2,.600,2.3,.364,1.8,5.0,7.2,0.9,2.7,6,4,80,1.4,9.0,0.5,0.5,5.0,Okaro White,25,Okaro White,PF
4.0,0.4,4.4,.465,8.0,.485,13.6,.389,1.4,3.6,17.2,2.6,4.6,16,0,180,0.8,20.0,1.6,4.8,5.2,Isaiah Whitehead,22,Isaiah Whitehead,PG
1.4,2.5,11.7,.540,8.2,.538,15.2,1.000,0.1,0.1,15.3,3.4,3.5,54,54,1364,4.6,19.9,1.0,2.4,16.3,Hassan Whiteside,28,Hassan Whiteside,C
1.9,0.6,3.3,.438,6.9,.475,11.6,.331,1.4,4.1,15.7,2.4,2.0,82,82,2979,1.0,17.5,1.1,1.7,4.3,Andrew Wiggins,22,Andrew Wiggins,SF
2.2,0.0,9.8,.250,1.1,.000,2.2,.500,1.1,2.2,4.4,1.1,4.4,5,0,33,2.2,4.4,1.1,0.0,12.0,Jacob Wiley,23,Jacob Wiley,PF
2.1,0.2,2.6,.333,3.1,.429,5.0,.222,0.9,4.3,9.2,0.7,1.7,19,1,152,1.2,7.8,0.5,1.2,3.8,Damien Wilkins,38,Damien Wilkins,SF
4.1,0.5,9.8,.389,3.6,.389,9.3,,0.0,0.0,9.3,3.1,6.7,5,0,70,1.5,10.3,2.6,3.6,11.3,Alan Williams,25,Alan Williams,PF
2.2,0.7,2.2,.442,4.4,.546,6.1,.282,1.1,4.0,10.0,0.7,3.2,38,17,707,0.6,10.6,1.6,1.0,2.9,C.J. Williams,27,C.J. Williams,SG
0.0,0.0,4.0,.250,4.0,.500,8.0,.000,0.0,8.0,16.0,0.0,0.0,2,0,9,0.0,8.0,0.0,0.0,4.0,Derrick Williams,26,Derrick Williams,PF
5.8,0.3,2.2,.435,8.1,.484,11.4,.359,2.6,7.2,18.6,6.0,1.5,79,19,2589,0.6,24.8,1.2,3.3,2.8,Lou Williams,31,Lou Williams,SG
,,,,,,,,,,,,,,,,,,,,,,,,
1.7,0.7,5.3,.458,4.6,.512,4.6,.413,2.3,5.5,10.1,1.8,2.1,78,78,2006,1.3,13.4,1.0,1.2,6.6,Marvin Williams,31,Marvin Williams,PF
0.0,0.0,3.3,.333,6.5,1.000,3.3,.200,3.3,16.4,19.6,0.0,3.3,3,0,11,0.0,16.4,0.0,3.3,3.3,Matt Williams,24,Matt Williams,SG
1.9,0.5,4.8,.468,6.0,.563,8.3,.289,1.3,4.5,12.8,2.3,4.0,21,1,307,2.6,15.6,2.3,2.2,7.4,Troy Williams,23,Troy Williams,SF
2.1,0.0,6.4,.222,4.2,.500,8.5,.000,0.0,10.6,19.1,2.1,4.2,4,0,17,2.1,10.6,2.1,2.1,8.5,Troy Williams,23,Troy Williams,SF
1.9,0.5,4.7,.490,6.1,.567,8.3,.333,1.4,4.1,12.4,2.4,4.0,17,1,290,2.6,15.9,2.4,2.2,7.3,Troy Williams,23,Troy Williams,SF
1.5,0.5,4.1,.563,4.6,.636,5.6,.400,1.0,2.5,8.1,0.5,3.5,22,0,71,1.0,10.6,1.5,2.0,5.1,D.J. Wilson,21,D.J. Wilson,PF
1.3,1.1,3.8,.469,5.0,.611,2.4,.429,3.5,8.3,10.6,0.3,4.5,15,10,274,0.4,13.8,0.7,1.1,4.2,Jamil Wilson,27,Jamil Wilson,SF
3.2,0.7,6.6,.424,4.4,.440,7.7,.380,1.0,2.8,10.5,1.4,3.0,68,25,1680,1.4,11.3,1.2,1.6,7.9,Justise Winslow,21,Justise Winslow,PF
0.0,2.8,8.3,.375,5.5,.667,5.5,.200,1.8,9.2,14.8,0.9,2.8,9,0,39,0.9,13.8,0.0,1.8,9.2,Jeff Withey,27,Jeff Withey,C
1.9,0.0,1.9,.167,1.9,.167,11.4,,0.0,0.0,11.4,0.0,1.9,5,0,19,1.9,3.8,0.0,0.0,3.8,Nate Wolters,26,Nate Wolters,PG
1.2,2.5,5.9,.578,5.6,.578,9.6,,0.0,0.0,9.6,2.0,3.0,28,1,381,3.1,13.1,1.2,0.8,9.0,Brandan Wright,30,Brandan Wright,PF
1.3,2.5,6.0,.576,5.6,.576,9.7,,0.0,0.0,9.7,2.1,2.9,27,1,366,3.1,13.3,1.3,0.8,9.1,Brandan Wright,30,Brandan Wright,PF
0.0,2.4,2.4,.667,4.8,.667,7.2,,0.0,0.0,7.2,0.0,7.2,1,0,15,2.4,9.6,0.0,0.0,4.8,Brandan Wright,30,Brandan Wright,PF
5.0,0.8,3.8,.465,5.0,.520,7.0,.366,1.4,3.8,10.9,2.4,2.0,69,4,1433,1.1,13.9,1.8,2.0,5.0,Delon Wright,25,Delon Wright,PG
2.5,0.8,5.4,.426,4.0,.583,3.7,.324,1.8,5.7,9.3,2.3,3.5,33,4,235,2.6,12.1,0.6,1.8,8.0,Guerschon Yabusele,22,Guerschon Yabusele,PF
1.2,0.0,1.2,.357,3.0,.500,2.4,.300,1.8,5.9,8.3,2.4,2.4,6,0,61,0.0,10.0,0.0,0.6,1.2,James Young,22,James Young,SG
2.5,0.1,3.3,.430,5.2,.458,7.7,.379,1.6,4.3,12.0,1.4,2.5,53,1,558,0.8,13.4,0.9,1.7,4.1,Joe Young,25,Joe Young,PG
0.9,0.2,2.7,.412,5.2,.481,4.2,.377,3.2,8.4,12.6,1.4,2.6,80,8,1393,0.5,15.0,1.0,1.0,3.2,Nick Young,32,Nick Young,SG
2.1,0.5,4.5,.487,5.8,.531,9.4,.320,0.8,2.5,11.9,0.8,2.4,81,81,2607,2.5,13.2,1.9,1.4,7.1,Thaddeus Young,29,Thaddeus Young,PF
1.8,1.2,6.3,.545,4.9,.542,8.8,.667,0.1,0.2,9.0,3.5,4.7,33,0,627,3.8,13.4,0.8,1.9,10.2,Cody Zeller,25,Cody Zeller,C
1.5,1.1,6.3,.560,6.1,.578,9.9,.357,0.3,0.9,10.8,1.9,4.1,66,34,1109,3.6,14.3,0.5,1.5,9.9,Tyler Zeller,28,Tyler Zeller,C
1.4,1.1,6.7,.546,6.4,.567,10.4,.385,0.5,1.3,11.7,2.0,4.0,42,33,703,3.2,15.4,0.4,1.8,9.9,Tyler Zeller,28,Tyler Zeller,C
1.7,1.2,5.7,.590,5.5,.602,9.1,.000,0.0,0.2,9.3,1.5,4.3,24,1,406,4.2,12.5,0.6,1.1,9.8,Tyler Zeller,28,Tyler Zeller,C
2.0,0.7,5.2,.346,3.5,.355,5.4,.336,1.6,4.8,10.2,0.8,3.8,54,12,824,0.6,9.5,0.9,1.9,5.7,Paul Zipser,23,Paul Zipser,SF
0.8,2.2,6.1,.731,8.2,.731,11.3,,0.0,0.0,11.3,3.5,5.0,32,2,214,4.0,20.0,0.3,1.9,10.1,Ante Žižić,21,Ante Žižić,C
2.2,1.3,6.8,.500,5.4,.504,10.6,.000,0.0,0.1,10.7,3.4,4.1,43,0,410,4.0,14.1,0.7,2.3,10.8,Ivica Zubac,20,Ivica Zubac,C
