APP,BPP,DRB PP,FG %,FG PP,FG2 %,FG2 PP,FG2A PP,FG3 %,FG3 PP,FG3A PP,FGA PP,FT %,FT PP,FTA PP,Fouls PP,GP,GS,MP,ORB PP,Off. Ra,PPP,SPP,TO PP,TRB PP,Teams,age,name,position
1.6,0.5,3.4,.357,4.4,.500,1.2,2.4,.323,3.3,10.1,12.5,.923,1.0,1.0,4.2,31,2,588,0.4,103,13.1,1.3,1.1,3.8,Álex Abrines,25,Álex Abrines,SG
3.1,1.6,8.5,.222,1.6,.667,0.8,1.2,.133,0.8,5.8,7.0,.700,2.7,3.9,9.3,10,0,123,1.2,87,6.6,0.4,1.6,9.7,Quincy Acy,28,Quincy Acy,PF
7.0,0.5,5.3,.345,4.1,.361,1.4,3.9,.338,2.7,8.0,11.9,.778,0.8,1.0,4.9,34,1,428,1.2,99,11.7,1.5,3.0,6.5,Jaylen Adams,22,Jaylen Adams,PG
2.2,1.3,6.5,.595,8.4,.596,8.4,14.1,.000,0.0,0.0,14.1,.500,2.6,5.1,3.6,80,80,2669,6.8,120,19.4,2.0,2.4,13.3,Steven Adams,25,Steven Adams,C
4.7,1.7,11.0,.576,7.2,.588,7.1,12.0,.200,0.1,0.4,12.4,.735,4.2,5.8,5.2,82,28,1913,4.2,120,18.6,1.8,3.1,15.2,Bam Adebayo,21,Bam Adebayo,C
1.3,1.0,4.1,.306,2.8,.385,1.3,3.3,.261,1.5,5.9,9.2,1.000,1.0,1.0,3.3,19,3,194,0.8,85,8.2,0.3,1.5,4.9,Deng Adel,21,Deng Adel,SF
13.4,0.0,6.7,.300,6.7,.500,6.7,13.4,.000,0.0,8.9,22.3,.500,2.2,4.5,8.9,7,0,22,2.2,84,15.6,4.5,4.5,8.9,DeVaughn Akoon-Purcell,25,DeVaughn Akoon-Purcell,SG
3.5,1.9,9.0,.519,12.4,.528,12.3,23.2,.238,0.2,0.8,24.0,.847,6.3,7.5,3.3,81,81,2687,4.6,117,31.4,0.8,2.6,13.5,LaMarcus Aldridge,33,LaMarcus Aldridge,C
5.3,0.0,6.1,.333,5.3,.370,4.0,10.9,.250,1.2,4.8,15.8,.667,3.2,4.8,2.8,10,1,120,4.4,93,15.0,0.4,3.2,10.5,Rawle Alkins,21,Rawle Alkins,SG
2.9,0.7,2.3,.376,7.7,.443,4.0,9.1,.323,3.7,11.4,20.5,.750,5.2,6.9,5.4,38,2,416,0.3,95,24.3,0.7,3.8,2.6,Grayson Allen,23,Grayson Allen,SG
2.5,2.7,10.9,.590,7.6,.629,7.5,11.9,.133,0.1,1.0,12.9,.709,4.5,6.3,4.2,80,80,2096,4.3,123,19.8,1.0,2.3,15.3,Jarrett Allen,20,Jarrett Allen,C
8.8,0.5,5.0,.461,7.5,.457,5.6,12.2,.472,2.0,4.2,16.3,.778,4.9,6.3,5.3,19,1,416,0.9,116,21.9,1.9,3.0,5.9,Kadeem Allen,26,Kadeem Allen,SG
2.2,0.7,10.5,.433,5.4,.514,3.4,6.6,.343,2.0,5.9,12.5,.867,3.2,3.7,3.0,81,81,2292,2.4,118,16.1,1.4,1.5,12.9,Al-Farouq Aminu,28,Al-Farouq Aminu,PF
2.3,1.3,6.0,.408,6.4,.500,4.0,8.0,.312,2.4,7.7,15.7,.743,2.6,3.5,4.8,48,4,463,2.4,103,17.8,2.2,2.3,8.4,Justin Anderson,25,Justin Anderson,SF
5.0,1.4,7.9,.543,5.8,.583,5.5,9.4,.265,0.3,1.3,10.7,.578,1.4,2.5,4.3,43,40,1281,1.9,110,13.4,2.1,2.3,9.7,Kyle Anderson,25,Kyle Anderson,SF
2.8,0.1,5.4,.304,3.1,.414,1.8,4.3,.225,1.3,6.0,10.3,.750,1.8,2.4,3.7,25,8,322,2.7,90,9.4,0.6,2.1,8.0,Ryan Anderson,30,Ryan Anderson,PF
2.9,0.2,5.3,.317,3.3,.462,2.1,4.5,.206,1.2,5.8,10.3,.786,1.9,2.4,4.0,15,8,278,2.4,91,9.6,0.5,2.1,7.7,Ryan Anderson,30,Ryan Anderson,PF
2.2,0.0,5.6,.222,2.2,.000,0.0,3.3,.333,2.2,6.7,10.0,.500,1.1,2.2,2.2,10,0,44,4.4,86,7.8,1.1,2.2,10.0,Ryan Anderson,30,Ryan Anderson,PF
8.2,8.2,16.3,.000,0.0,.000,0.0,24.5,,0.0,0.0,24.5,,0.0,0.0,0.0,3,0,6,8.2,33,0.0,0.0,8.2,24.5,Ike Anigbogu,20,Ike Anigbogu,C
8.4,2.2,14.6,.578,14.2,.641,13.2,20.6,.256,1.0,4.0,24.6,.729,9.9,13.5,4.6,72,72,2358,3.1,121,39.3,1.8,5.3,17.7,Giannis Antetokounmpo,24,Giannis Antetokounmpo,PF
0.0,0.0,4.4,.000,0.0,.000,0.0,13.2,,0.0,0.0,13.2,.500,8.8,17.6,0.0,2,0,11,0.0,39,8.8,8.8,4.4,4.4,Kostas Antetokounmpo,21,Kostas Antetokounmpo,PF
0.8,1.2,7.5,.405,8.2,.491,4.7,9.5,.328,3.5,10.7,20.2,.682,2.5,3.7,5.3,10,2,294,1.5,103,22.4,0.7,1.3,9.0,Carmelo Anthony,34,Carmelo Anthony,PF
,,,,,,,,,,,,,,,,,,,,,,,,,,,,
1.7,0.8,4.9,.453,6.5,.574,4.1,7.2,.332,2.4,7.2,14.3,.581,1.3,2.2,5.0,67,6,1352,2.1,104,16.6,1.6,1.9,7.0,OG Anunoby,21,OG Anunoby,SF
6.7,0.1,4.7,.447,4.6,.527,2.6,5.0,.373,2.0,5.4,10.3,.873,2.2,2.5,4.2,81,32,1961,0.7,121,13.5,1.6,1.6,5.4,Ryan Arcidiacono,24,Ryan Arcidiacono,PG
5.1,0.4,6.5,.399,5.9,.493,3.0,6.1,.334,2.9,8.8,14.9,.793,2.6,3.3,2.6,69,69,2349,1.0,107,17.5,1.8,2.1,7.5,Trevor Ariza,33,Trevor Ariza,SF
4.7,0.4,7.0,.379,4.6,.409,1.9,4.8,.360,2.7,7.5,12.3,.837,1.9,2.3,2.4,26,26,884,0.9,104,13.9,2.1,2.1,7.8,Trevor Ariza,33,Trevor Ariza,SF
5.3,0.4,6.2,.409,6.7,.528,3.7,6.9,.322,3.1,9.5,16.5,.777,3.0,3.9,2.8,43,43,1465,1.1,109,19.6,1.7,2.2,7.3,Trevor Ariza,33,Trevor Ariza,SF
9.2,0.1,3.5,.470,6.9,.511,4.0,7.9,.421,2.8,6.7,14.6,.866,3.9,4.5,2.5,81,81,2269,0.9,122,20.4,1.1,2.8,4.4,D.J. Augustin,31,D.J. Augustin,PG
2.7,1.5,11.1,.585,11.1,.588,11.1,18.9,.000,0.0,0.1,19.0,.746,3.1,4.1,4.6,71,70,2183,4.9,117,25.4,1.3,2.8,15.9,Deandre Ayton,20,Deandre Ayton,C
3.0,0.3,5.2,.475,7.8,.494,5.4,10.9,.437,2.4,5.6,16.5,.739,2.2,2.9,4.6,43,13,759,0.5,114,20.2,0.8,1.2,5.7,Dwayne Bacon,23,Dwayne Bacon,SG
1.8,1.8,9.2,.504,10.6,.534,9.7,18.1,.313,0.9,2.9,21.0,.691,5.4,7.8,3.6,62,4,1567,4.8,111,27.4,1.0,2.9,14.0,Marvin Bagley,19,Marvin Bagley,PF
4.7,0.3,3.2,.200,1.3,.429,0.9,2.2,.077,0.3,4.1,6.3,.833,1.6,1.9,5.7,15,0,152,0.3,79,4.4,1.9,1.6,3.5,Ron Baker,25,Ron Baker,SG
5.9,0.0,2.7,.250,1.8,.429,1.4,3.2,.111,0.5,4.1,7.2,.833,2.3,2.7,7.2,11,0,107,0.5,94,6.3,2.3,1.4,3.2,Ron Baker,25,Ron Baker,SG
2.1,1.1,4.2,.000,0.0,,0.0,0.0,.000,0.0,4.2,4.2,,0.0,0.0,2.1,4,0,45,0.0,20,0.0,1.1,2.1,4.2,Ron Baker,25,Ron Baker,SG
6.2,1.0,6.7,.303,5.2,.333,4.1,12.4,.222,1.0,4.6,17.0,.727,4.1,5.7,5.7,16,0,94,1.0,74,15.5,0.5,7.2,7.7,Wade Baldwin,22,Wade Baldwin,PG
8.3,0.6,6.4,.406,6.0,.482,3.6,7.5,.329,2.5,7.5,14.9,.417,0.7,1.6,3.7,47,45,1423,1.8,100,15.2,2.3,3.4,8.2,Lonzo Ball,21,Lonzo Ball,PG
2.5,4.1,10.8,.481,7.5,.555,6.1,11.1,.300,1.3,4.5,15.5,.587,2.4,4.0,6.5,47,1,766,4.1,105,18.7,0.8,2.7,14.9,Mohamed Bamba,20,Mohamed Bamba,C
13.6,0.1,5.3,.418,10.4,.479,7.9,16.6,.297,2.5,8.3,24.8,.705,3.5,5.0,3.2,38,0,752,0.8,105,26.8,1.4,4.6,6.1,J.J. Barea,34,J.J. Barea,PG
2.2,0.2,5.7,.420,8.1,.439,4.8,11.0,.395,3.3,8.3,19.4,.824,4.3,5.2,2.3,77,77,2533,1.1,108,23.8,0.9,1.8,6.8,Harrison Barnes,26,Harrison Barnes,PF-SF
1.9,0.3,5.2,.404,8.9,.416,5.2,12.4,.389,3.7,9.5,22.0,.833,5.1,6.1,2.4,49,49,1584,1.1,106,26.5,1.0,2.1,6.3,Harrison Barnes,26,Harrison Barnes,PF
2.6,0.1,6.5,.455,6.9,.489,4.3,8.8,.408,2.6,6.4,15.2,.800,3.1,3.9,2.1,28,28,949,1.0,115,19.6,0.8,1.5,7.6,Harrison Barnes,26,Harrison Barnes,SF
5.1,0.9,6.9,.402,7.6,.447,4.9,10.9,.342,2.8,8.1,19.0,.770,2.4,3.1,3.4,43,38,1189,1.3,102,20.4,0.7,2.7,8.2,Will Barton,28,Will Barton,SG
1.6,1.3,6.4,.423,5.7,.522,4.5,8.6,.250,1.2,5.0,13.5,.643,1.7,2.7,2.8,30,3,503,1.5,100,14.4,1.7,1.3,7.9,Keita Bates-Diop,23,Keita Bates-Diop,SF
5.1,0.9,6.6,.450,5.2,.519,2.8,5.5,.389,2.4,6.2,11.6,.865,1.6,1.8,2.9,75,72,2354,1.5,112,14.4,1.5,2.4,8.1,Nicolas Batum,30,Nicolas Batum,SF
8.7,0.1,3.7,.357,6.0,.402,3.9,9.6,.296,2.1,7.1,16.8,.571,1.2,2.0,4.1,34,6,657,0.8,98,15.2,1.3,2.3,4.5,Jerryd Bayless,30,Jerryd Bayless,PG
3.3,2.0,8.9,.471,6.2,.519,4.9,9.5,.344,1.2,3.6,13.1,.855,3.1,3.6,7.3,51,18,821,5.2,118,16.7,0.7,2.3,14.1,Aron Baynes,32,Aron Baynes,C
4.3,1.2,6.3,.402,7.8,.465,5.1,11.0,.320,2.7,8.4,19.4,.726,3.6,4.9,4.8,67,35,1643,1.0,98,21.9,2.5,3.4,7.3,Kent Bazemore,29,Kent Bazemore,SG
7.0,0.9,5.0,.475,11.9,.548,8.7,15.8,.351,3.3,9.3,25.2,.808,5.7,7.0,3.5,82,82,3028,1.4,113,32.8,1.9,3.5,6.4,Bradley Beal,25,Bradley Beal,SG
,,,,,,,,,,,,,,,,,,,,,,,,,,,,
2.5,0.3,4.3,.474,9.1,.560,4.9,8.7,.402,4.3,10.6,19.3,.848,1.5,1.7,3.0,81,18,1879,0.9,117,24.0,1.4,1.4,5.2,Malik Beasley,22,Malik Beasley,SG
4.2,1.7,7.9,.490,12.6,.529,12.1,22.8,.176,0.5,2.9,25.7,.718,4.7,6.6,7.1,26,2,277,2.2,99,30.4,1.5,4.5,10.1,Michael Beasley,30,Michael Beasley,PF
3.6,0.2,4.9,.413,7.7,.468,3.7,7.9,.372,4.0,10.6,18.6,.903,3.0,3.3,3.3,79,1,1815,0.4,109,22.3,0.9,1.9,5.3,Marco Belinelli,32,Marco Belinelli,SG
4.6,3.1,7.8,.516,6.0,.521,6.0,11.5,.000,0.0,0.1,11.6,.610,1.5,2.5,4.8,68,3,788,3.3,109,13.5,1.2,2.5,11.1,Jordan Bell,24,Jordan Bell,C
4.8,1.0,7.3,.446,6.6,.508,5.4,10.6,.289,1.2,4.1,14.7,.640,2.1,3.3,4.5,82,15,1931,1.3,97,16.4,2.5,3.4,8.6,DeAndre' Bembry,24,DeAndre' Bembry,SG
3.2,1.3,8.6,.447,5.1,.688,3.8,5.5,.218,1.3,5.8,11.4,.593,1.8,3.1,5.2,46,27,826,2.0,102,13.3,1.0,2.1,10.6,Dragan Bender,21,Dragan Bender,PF
2.8,0.0,1.9,.255,3.3,.154,0.6,3.6,.294,2.8,9.5,13.1,,0.0,0.0,1.9,12,0,167,0.6,86,9.5,0.3,0.6,2.5,Dairis Bertāns,29,Dairis Bertāns,SG
3.0,1.0,7.2,.450,6.1,.513,1.8,3.4,.429,4.3,10.1,13.6,.883,1.6,1.8,4.0,76,12,1632,0.7,122,18.1,1.0,1.3,7.9,Dāvis Bertāns,26,Dāvis Bertāns,PF
6.6,0.9,6.9,.407,4.3,.421,1.8,4.3,.397,2.5,6.2,10.5,.780,2.1,2.7,5.9,78,49,2137,1.7,119,13.2,1.5,1.9,8.6,Patrick Beverley,30,Patrick Beverley,PG
2.9,2.2,8.4,.603,6.9,.607,6.9,11.4,.000,0.0,0.1,11.5,.699,4.4,6.3,5.5,50,1,643,6.0,134,18.3,1.4,1.5,14.5,Khem Birch,26,Khem Birch,C
2.0,2.5,10.3,.571,5.5,.571,5.5,9.7,,0.0,0.0,9.7,.637,3.6,5.7,6.4,54,32,783,5.0,121,14.7,0.7,2.1,15.3,Bismack Biyombo,26,Bismack Biyombo,C
3.8,1.5,8.3,.479,7.4,.539,4.7,8.7,.401,2.7,6.7,15.4,.761,1.8,2.4,5.1,77,70,1788,3.3,117,19.3,1.4,2.1,11.6,Nemanja Bjelica,30,Nemanja Bjelica,PF
2.5,0.5,5.8,.419,9.7,.426,7.6,17.8,.396,2.1,5.3,23.2,.658,2.9,4.4,2.4,57,3,829,0.4,94,24.5,0.7,2.0,6.2,Antonio Blakeney,22,Antonio Blakeney,SG
8.8,0.6,5.7,.484,9.6,.582,7.1,12.2,.329,2.5,7.7,19.9,.750,3.6,4.8,3.2,78,78,2272,1.7,116,25.4,2.4,3.4,7.4,Eric Bledsoe,29,Eric Bledsoe,PG
1.5,0.9,8.1,.443,5.3,.552,4.2,7.6,.256,1.1,4.4,12.0,.769,1.1,1.5,2.3,27,4,439,2.9,108,12.9,0.8,1.2,11.1,Jaron Blossomgame,25,Jaron Blossomgame,SF
6.4,0.4,4.9,.418,8.6,.462,5.4,11.7,.360,3.2,8.9,20.6,.827,3.2,3.9,3.4,70,17,1947,1.0,107,23.7,1.7,2.8,5.8,Bogdan Bogdanović,26,Bogdan Bogdanović,SG
3.1,0.0,5.7,.497,9.9,.538,6.8,12.6,.425,3.1,7.3,20.0,.807,4.7,5.8,2.6,81,81,2573,0.6,114,27.6,1.3,2.5,6.3,Bojan Bogdanović,29,Bojan Bogdanović,SF
3.9,2.8,15.3,.500,6.4,.500,6.4,12.8,,0.0,0.0,12.8,1.000,1.1,1.1,7.8,11,5,134,4.3,107,13.8,1.1,2.8,19.5,Andrew Bogut,34,Andrew Bogut,C
3.0,2.9,8.7,.494,5.9,.697,3.4,4.9,.354,2.5,7.1,12.0,.481,1.0,2.0,7.3,44,10,639,3.5,111,15.3,1.3,2.7,12.2,Jonah Bolden,23,Jonah Bolden,PF
5.8,1.6,6.2,.152,1.9,.200,1.9,9.7,.000,0.0,3.1,12.8,.600,3.5,5.8,3.5,22,0,120,3.5,73,7.4,3.5,2.3,9.7,Isaac Bonga,19,Isaac Bonga,PG
,,,,,,,,,,,,,,,,,,,,,,,,,,,,
9.2,0.3,4.8,.467,12.5,.536,9.6,17.9,.326,2.9,8.8,26.7,.866,8.4,9.7,4.3,64,64,2242,0.8,109,36.2,1.2,5.6,5.6,Devin Booker,22,Devin Booker,SG
0.6,7.1,11.8,.447,10.0,.564,6.5,11.5,.324,3.5,10.9,22.3,.867,3.8,4.4,9.1,28,0,163,4.7,112,27.3,1.8,2.1,16.5,Chris Boucher,26,Chris Boucher,PF
3.8,0.4,3.3,.408,6.2,.446,4.1,9.1,.351,2.2,6.1,15.2,.860,1.1,1.3,4.2,63,63,1905,1.1,98,15.7,1.0,2.2,4.4,Avery Bradley,28,Avery Bradley,SG
3.1,0.5,3.1,.383,5.2,.415,3.3,8.0,.337,1.9,5.5,13.5,.800,0.6,0.8,4.3,49,49,1463,1.1,93,12.9,0.9,2.0,4.2,Avery Bradley,28,Avery Bradley,SG
6.3,0.0,4.0,.463,9.8,.513,6.6,12.9,.384,3.1,8.2,21.1,.920,2.6,2.8,3.8,14,14,442,0.9,107,25.3,1.6,3.1,4.9,Avery Bradley,28,Avery Bradley,SG
1.3,2.7,8.0,.500,10.6,.500,10.6,21.3,,0.0,0.0,21.3,.500,1.3,2.7,8.0,3,0,36,12.0,105,22.6,2.7,4.0,19.9,Tony Bradley,21,Tony Bradley,C
3.7,0.7,4.7,.431,5.0,.494,3.7,7.5,.318,1.3,4.2,11.7,.721,2.9,4.1,6.0,31,3,492,2.5,112,14.3,3.0,1.8,7.2,Corey Brewer,32,Corey Brewer,SF
3.4,0.7,4.4,.408,6.7,.457,5.4,11.8,.286,1.3,4.7,16.5,.692,3.0,4.4,5.4,7,3,140,1.3,96,17.9,4.0,2.7,5.7,Corey Brewer,32,Corey Brewer,SF
3.8,0.7,4.9,.446,4.4,.523,3.0,5.8,.333,1.3,4.0,9.8,.733,2.9,4.0,6.2,24,0,352,2.9,121,13.0,2.6,1.5,7.8,Corey Brewer,32,Corey Brewer,SF
3.4,0.8,4.1,.430,4.8,.548,2.7,4.9,.335,2.1,6.2,11.1,.805,1.9,2.3,4.0,82,56,2417,1.1,112,13.5,2.5,1.4,5.2,Mikal Bridges,22,Mikal Bridges,SF
2.7,1.4,7.3,.464,6.8,.553,4.9,8.9,.325,1.9,5.7,14.7,.753,1.7,2.2,3.2,80,25,1696,1.9,111,17.1,1.6,1.4,9.3,Miles Bridges,20,Miles Bridges,SF
7.6,0.2,6.0,.399,4.8,.423,3.9,9.1,.324,1.0,3.0,12.1,.577,1.3,2.3,5.8,39,0,559,0.4,96,11.9,1.0,2.7,6.5,Isaiah Briscoe,22,Isaiah Briscoe,PG
2.4,0.4,5.9,.452,6.1,.576,2.0,3.5,.409,4.1,10.0,13.5,.789,1.6,2.0,3.7,42,0,453,0.9,116,17.9,0.6,1.7,6.7,Ryan Broekhoff,28,Ryan Broekhoff,SG
5.2,0.3,5.7,.505,9.6,.544,7.0,12.8,.426,2.6,6.2,19.0,.928,3.6,3.9,2.6,64,64,1832,1.6,121,25.4,1.2,2.3,7.3,Malcolm Brogdon,26,Malcolm Brogdon,SG
2.4,0.6,3.3,.402,7.4,.415,5.1,12.3,.375,2.3,6.0,18.4,.733,3.3,4.5,7.5,18,0,330,1.4,94,20.3,1.5,2.9,4.7,Dillon Brooks,23,Dillon Brooks,SF
3.2,0.5,4.2,.450,9.8,.530,7.8,14.8,.278,1.9,6.9,21.7,.697,3.0,4.2,4.2,29,0,387,1.5,98,24.4,1.2,2.7,5.8,MarShon Brooks,30,MarShon Brooks,SG
3.1,1.2,4.7,.398,4.3,.457,3.4,7.5,.258,0.8,3.2,10.7,.750,1.5,2.0,6.1,74,56,1449,1.6,100,10.9,1.4,1.6,6.3,Bruce Brown,22,Bruce Brown,SG
2.5,0.8,6.2,.465,9.3,.529,6.9,13.0,.344,2.4,6.9,19.9,.658,3.3,5.1,4.7,74,25,1913,1.6,104,24.3,1.7,2.5,7.9,Jaylen Brown,22,Jaylen Brown,SG
6.3,1.1,5.9,.324,5.2,.395,3.8,9.7,.214,1.4,6.3,16.1,1.000,0.7,0.7,5.0,26,0,212,1.1,82,12.4,2.7,3.6,7.0,Lorenzo Brown,28,Lorenzo Brown,PG
3.8,0.4,7.0,.465,6.5,.558,4.1,7.4,.361,2.4,6.6,14.0,.690,1.3,1.9,4.0,58,7,1034,1.3,109,16.7,1.1,2.1,8.3,Sterling Brown,23,Sterling Brown,SG
5.2,0.3,7.1,.415,6.3,.455,4.9,10.7,.319,1.4,4.5,15.2,.681,2.1,3.0,3.6,52,10,730,2.3,105,16.1,1.4,1.9,9.4,Troy Brown,19,Troy Brown,SF
7.0,0.1,4.4,.467,8.0,.523,6.1,11.7,.348,1.9,5.5,17.2,.725,2.7,3.7,3.9,73,38,1591,0.8,110,20.7,1.1,2.7,5.2,Jalen Brunson,22,Jalen Brunson,PG
2.9,2.1,10.8,.616,9.8,.685,8.7,12.8,.333,1.0,3.1,15.9,.781,3.4,4.3,4.0,72,53,1496,3.6,130,24.0,0.8,1.9,14.4,Thomas Bryant,21,Thomas Bryant,C
3.3,0.3,3.9,.412,6.3,.483,2.5,5.2,.377,3.8,10.1,15.3,.859,1.9,2.2,2.8,63,60,1879,0.6,111,18.4,1.0,1.7,4.5,Reggie Bullock,27,Reggie Bullock,SG
4.0,0.2,3.7,.413,6.6,.463,2.5,5.3,.388,4.1,10.7,16.0,.875,2.0,2.3,2.9,44,44,1355,0.7,113,19.4,0.9,2.0,4.5,Reggie Bullock,27,Reggie Bullock,SG
1.8,0.6,4.3,.412,5.6,.537,2.6,4.8,.343,3.0,8.8,13.6,.810,1.5,1.9,2.7,19,16,524,0.2,107,15.7,1.4,1.0,4.4,Reggie Bullock,27,Reggie Bullock,SG
,,,,,,,,,,,,,,,,,,,,,,,,,,,,
6.8,0.3,3.0,.431,10.1,.463,7.7,16.7,.352,2.4,6.8,23.5,.831,4.4,5.3,2.5,58,8,1125,1.2,110,27.1,1.4,2.1,4.3,Trey Burke,26,Trey Burke,PG
6.6,0.3,3.3,.413,10.4,.434,8.3,19.0,.349,2.1,6.0,25.0,.827,4.3,5.2,2.3,33,7,689,1.0,106,27.1,1.5,2.0,4.3,Trey Burke,26,Trey Burke,PG
7.2,0.2,2.7,.463,9.8,.530,6.9,13.0,.356,2.9,8.1,21.1,.837,4.6,5.5,2.8,25,1,436,1.4,119,27.0,1.3,2.2,4.1,Trey Burke,26,Trey Burke,PG
4.6,0.7,7.3,.405,6.8,.428,4.7,10.9,.363,2.2,6.0,16.9,.823,4.1,5.0,3.2,64,24,1375,1.1,106,20.0,1.4,2.3,8.4,Alec Burks,27,Alec Burks,SG
3.6,0.7,4.4,.412,8.4,.437,5.5,12.6,.372,2.8,7.6,20.3,.868,5.9,6.8,3.9,17,0,269,0.4,106,25.4,1.1,2.7,4.8,Alec Burks,27,Alec Burks,SG
5.0,0.8,8.1,.400,6.9,.412,4.6,11.2,.378,2.3,6.0,17.2,.806,4.0,5.0,3.1,34,24,979,1.3,107,20.1,1.3,2.3,9.4,Alec Burks,27,Alec Burks,SG
3.7,0.4,7.3,.450,3.3,.643,3.3,5.1,.000,0.0,2.2,7.3,.800,1.5,1.8,2.6,13,0,127,0.7,103,8.1,2.9,1.5,8.1,Alec Burks,27,Alec Burks,SG
1.8,1.6,4.7,.402,6.4,.455,4.9,10.7,.296,1.6,5.3,15.9,.667,1.6,2.3,6.0,32,0,240,0.8,94,15.9,1.2,1.8,5.4,Deonte Burton,25,Deonte Burton,SG
5.7,0.8,4.8,.462,9.1,.494,7.6,15.4,.347,1.5,4.2,19.6,.855,6.8,7.9,2.4,65,65,2185,2.6,121,26.3,2.7,2.1,7.4,Jimmy Butler,29,Jimmy Butler,SF-SG
5.7,1.3,4.8,.471,9.8,.509,7.6,14.9,.378,2.3,6.0,20.8,.787,6.4,8.1,2.4,10,10,361,2.1,122,28.3,3.2,1.9,6.9,Jimmy Butler,29,Jimmy Butler,SG
5.7,0.8,4.8,.461,8.9,.491,7.6,15.5,.338,1.3,3.8,19.3,.868,6.8,7.9,2.4,55,55,1824,2.7,120,25.9,2.6,2.1,7.5,Jimmy Butler,29,Jimmy Butler,SF
3.1,2.1,7.2,.427,6.0,.505,3.0,5.9,.369,3.0,8.1,14.0,.840,2.6,3.1,5.0,34,19,800,2.6,109,17.5,0.9,2.4,9.8,Bruno Caboclo,23,Bruno Caboclo,SF
9.0,0.2,3.8,.375,3.5,.492,2.4,4.9,.246,1.1,4.4,9.4,.818,0.7,0.9,5.0,49,0,632,0.9,102,8.8,1.2,2.7,4.7,José Calderón,37,José Calderón,PG
2.5,0.3,4.3,.430,7.4,.542,4.0,7.3,.347,3.5,9.9,17.3,.867,3.1,3.6,3.1,82,23,2035,1.1,113,21.4,1.7,1.5,5.4,Kentavious Caldwell-Pope,25,Kentavious Caldwell-Pope,SG
6.4,0.2,3.9,.390,4.9,.441,2.3,5.2,.354,2.6,7.3,12.4,.792,1.4,1.8,3.9,30,16,629,0.5,102,13.7,1.1,2.7,4.4,Isaiah Canaan,27,Isaiah Canaan,PG
5.9,0.0,4.2,.395,4.8,.456,2.5,5.4,.347,2.4,6.8,12.2,.750,1.4,1.9,4.4,19,15,503,0.5,100,13.5,1.1,2.8,4.7,Isaiah Canaan,27,Isaiah Canaan,PG
9.6,0.5,2.5,.379,5.5,.400,2.0,5.0,.368,3.5,9.6,14.6,1.000,2.0,2.0,2.0,7,1,95,0.0,117,16.6,1.0,2.0,2.5,Isaiah Canaan,27,Isaiah Canaan,PG
4.5,1.5,4.5,.333,3.0,.000,0.0,1.5,.400,3.0,7.5,9.0,,0.0,0.0,3.0,4,0,31,1.5,95,9.0,0.0,3.0,6.0,Isaiah Canaan,27,Isaiah Canaan,PG
2.1,2.2,12.0,.648,10.3,.648,10.3,16.0,,0.0,0.0,16.0,.636,3.6,5.7,3.7,67,67,2249,6.5,133,24.3,1.0,2.1,18.5,Clint Capela,24,Clint Capela,C
2.4,0.3,7.9,.395,6.3,.457,3.4,7.4,.342,3.0,8.7,16.1,.760,5.1,6.8,3.2,67,8,1703,1.9,110,20.8,0.9,2.0,9.8,DeMarre Carroll,32,DeMarre Carroll,PF
5.9,0.9,4.5,.303,4.8,.265,1.9,7.1,.333,2.9,8.8,15.9,.813,2.2,2.8,4.7,39,3,577,1.2,90,14.8,2.2,2.8,5.7,Jevon Carter,23,Jevon Carter,PG
3.0,0.9,5.7,.419,6.8,.480,2.5,5.3,.389,4.3,11.0,16.3,.712,1.6,2.3,4.9,76,9,1330,1.1,112,19.5,1.5,1.7,6.7,Vince Carter,42,Vince Carter,SF
3.4,2.5,9.6,.485,7.9,.513,7.6,14.8,.188,0.3,1.4,16.2,.795,3.9,4.9,6.6,44,44,1110,3.8,107,19.9,1.1,2.8,13.4,Wendell Carter,19,Wendell Carter,C
9.2,2.0,6.7,.374,6.1,.424,4.7,11.2,.263,1.3,5.0,16.2,.604,4.2,7.0,6.3,28,1,372,2.5,106,17.6,2.6,2.6,9.2,Michael Carter-Williams,27,Michael Carter-Williams,PG
7.1,2.0,3.4,.410,8.5,.429,6.1,14.2,.368,2.4,6.4,20.6,.462,4.1,8.8,9.1,16,1,145,1.0,99,23.3,3.0,3.4,4.4,Michael Carter-Williams,27,Michael Carter-Williams,PG
10.6,1.9,8.8,.339,4.5,.419,3.9,9.3,.158,0.6,4.1,13.4,.741,4.3,5.8,4.5,12,0,227,3.4,111,14.0,2.4,2.2,12.3,Michael Carter-Williams,27,Michael Carter-Williams,PG
6.7,0.8,4.1,.445,6.7,.431,4.6,10.8,.480,2.1,4.4,15.2,.797,4.5,5.6,4.7,25,4,531,1.8,109,20.1,2.1,3.7,5.9,Alex Caruso,24,Alex Caruso,PG
2.5,0.9,9.4,.534,8.2,.602,6.8,11.3,.349,1.4,4.1,15.4,.672,3.7,5.5,3.3,36,0,520,1.6,112,21.6,1.9,2.2,11.0,Omri Casspi,30,Omri Casspi,SF
4.1,1.1,10.5,.556,8.7,.556,8.6,15.5,.500,0.0,0.0,15.6,.551,2.9,5.3,4.8,81,81,2213,3.8,118,20.3,2.0,1.8,14.3,Willie Cauley-Stein,25,Willie Cauley-Stein,C
12.2,0.0,6.1,.500,12.2,.400,6.1,15.3,.667,6.1,9.2,24.5,,0.0,0.0,0.0,4,0,16,3.1,144,30.6,3.1,0.0,9.2,Troy Caupain,23,Troy Caupain,PG
1.2,0.0,6.1,.300,3.7,.400,2.5,6.1,.200,1.2,6.1,12.3,1.000,2.5,2.5,3.7,11,0,39,3.7,97,11.0,0.0,1.2,9.8,Tyler Cavanaugh,24,Tyler Cavanaugh,PF
2.0,1.2,11.5,.616,3.3,.622,3.3,5.2,.000,0.0,0.1,5.3,.586,2.7,4.6,5.9,55,6,875,4.9,120,9.2,1.1,2.2,16.4,Tyson Chandler,36,Tyson Chandler,C
3.2,0.5,17.2,.667,4.3,.667,4.3,6.4,,0.0,0.0,6.4,.556,5.4,9.7,11.3,7,0,89,3.8,111,13.9,1.1,3.8,20.9,Tyson Chandler,36,Tyson Chandler,C
1.8,1.3,10.8,.609,3.1,.616,3.1,5.1,.000,0.0,0.1,5.2,.594,2.4,4.1,5.3,48,6,786,5.0,121,8.7,1.1,2.1,15.9,Tyson Chandler,36,Tyson Chandler,C
,,,,,,,,,,,,,,,,,,,,,,,,,,,,
3.3,0.8,6.7,.418,4.6,.478,2.2,4.6,.373,2.4,6.3,11.0,.720,0.7,1.0,4.9,51,33,1177,1.9,107,12.2,1.0,1.8,8.6,Wilson Chandler,31,Wilson Chandler,PF-SF
3.6,0.9,6.2,.440,4.5,.506,2.2,4.4,.390,2.3,5.9,10.3,.722,0.6,0.9,4.7,36,32,951,2.2,111,12.0,1.1,1.9,8.3,Wilson Chandler,31,Wilson Chandler,PF
2.1,0.6,9.0,.348,4.8,.385,2.1,5.4,.325,2.7,8.4,13.8,.714,1.0,1.5,6.1,15,1,226,0.8,94,13.4,0.6,1.5,9.8,Wilson Chandler,31,Wilson Chandler,SF
6.1,0.0,0.0,.333,6.1,.333,6.1,18.2,,0.0,0.0,18.2,,0.0,0.0,6.1,1,0,8,0.0,86,12.2,0.0,0.0,0.0,Joe Chealey,23,Joe Chealey,PG
5.9,1.5,4.5,.250,3.0,.000,0.0,4.5,.400,3.0,7.4,11.9,,0.0,0.0,3.0,7,0,33,1.5,97,8.9,1.5,1.5,5.9,Chris Chiozza,23,Chris Chiozza,PG
2.2,1.1,10.1,.372,6.7,.472,5.1,10.7,.222,1.6,7.1,17.9,.711,3.2,4.5,8.0,43,2,499,4.0,92,18.1,1.7,3.6,14.1,Marquese Chriss,21,Marquese Chriss,PF
2.8,1.9,9.9,.324,5.2,.526,4.7,9.0,.067,0.5,7.1,16.0,.857,2.8,3.3,8.0,16,0,104,3.3,75,13.7,0.9,5.7,13.2,Marquese Chriss,21,Marquese Chriss,PF
2.0,0.9,10.2,.384,7.0,.461,5.2,11.2,.263,1.9,7.2,18.4,.684,3.3,4.8,8.0,27,2,395,4.1,96,19.2,1.9,3.0,14.3,Marquese Chriss,21,Marquese Chriss,PF
1.4,2.0,7.0,.331,3.8,.692,0.7,1.0,.297,3.1,10.6,11.6,1.000,0.5,0.5,3.6,51,2,641,1.8,108,11.3,1.5,0.5,8.9,Gary Clark,24,Gary Clark,PF
4.5,0.4,3.6,.394,7.2,.470,4.1,8.6,.327,3.2,9.6,18.3,.892,1.6,1.8,4.5,60,6,973,0.6,98,19.2,1.1,2.8,4.3,Ian Clark,27,Ian Clark,SG
4.4,0.3,4.2,.448,11.9,.524,8.6,16.5,.324,3.2,10.0,26.5,.844,3.6,4.3,2.5,81,0,2214,1.8,107,30.6,1.3,3.0,6.1,Jordan Clarkson,26,Jordan Clarkson,SG
3.1,1.0,9.5,.560,11.7,.609,10.4,17.0,.348,1.4,4.0,21.0,.763,5.1,6.7,5.0,61,59,1829,5.5,122,30.0,0.6,3.0,15.0,John Collins,21,John Collins,PF
2.5,2.4,7.7,.473,6.8,.534,5.3,10.0,.331,1.4,4.3,14.3,.746,3.4,4.5,6.2,77,0,1356,3.9,112,18.3,0.9,2.8,11.6,Zach Collins,21,Zach Collins,C
10.5,0.2,4.5,.467,7.0,.492,5.2,10.6,.407,1.8,4.4,15.0,.832,3.6,4.3,3.1,76,76,2143,0.8,118,19.5,2.5,2.9,5.3,Darren Collison,31,Darren Collison,PG
1.4,0.5,10.4,.333,6.2,.444,3.8,8.5,.238,2.4,10.0,18.5,.889,3.8,4.3,1.4,8,2,98,3.8,100,18.5,2.4,1.4,14.2,Bonzie Colson,23,Bonzie Colson,SF
9.5,0.5,4.2,.438,10.4,.483,7.1,14.7,.364,3.3,9.0,23.8,.845,7.3,8.6,2.6,70,70,2342,0.8,117,31.4,2.0,2.8,5.1,Mike Conley,31,Mike Conley,PG
4.5,0.9,7.3,.466,6.0,.647,3.6,5.5,.330,2.4,7.4,12.9,.725,1.1,1.5,3.0,61,2,1261,2.2,122,15.5,1.2,1.2,9.5,Pat Connaughton,26,Pat Connaughton,SG
5.2,0.1,6.1,.465,9.2,.515,5.5,10.7,.405,3.6,9.0,19.7,.769,0.9,1.2,4.1,74,10,1059,1.0,110,22.9,0.9,2.2,7.1,Quinn Cook,25,Quinn Cook,PG
6.6,2.7,12.6,.480,11.0,.551,9.4,17.0,.274,1.6,5.9,22.9,.736,6.5,8.9,6.7,30,30,771,2.7,109,30.1,2.5,4.4,15.2,DeMarcus Cousins,28,DeMarcus Cousins,C
1.8,1.9,6.5,.431,6.2,.518,2.8,5.4,.378,3.4,8.9,14.3,.764,2.7,3.5,5.0,35,35,1203,1.1,110,18.4,2.9,1.9,7.6,Robert Covington,28,Robert Covington,SF
1.5,2.5,6.4,.427,5.4,.500,2.1,4.3,.390,3.2,8.3,12.6,.739,1.8,2.5,4.8,13,13,440,0.8,102,15.8,2.6,2.4,7.2,Robert Covington,28,Robert Covington,SF
2.0,1.5,6.6,.433,6.7,.526,3.2,6.1,.372,3.5,9.3,15.4,.773,3.2,4.1,5.1,22,22,763,1.3,115,20.0,3.1,1.6,7.9,Robert Covington,28,Robert Covington,SF
1.9,0.5,5.5,.367,5.8,.342,1.6,4.8,.378,4.1,10.9,15.7,.732,1.7,2.4,4.3,43,20,1133,0.7,100,17.4,1.0,1.9,6.2,Allen Crabbe,26,Allen Crabbe,SG
2.4,1.5,5.7,.442,5.2,.569,3.2,5.7,.324,2.0,6.1,11.8,.700,1.6,2.3,5.7,75,37,1503,2.9,114,14.1,1.2,1.4,8.6,Torrey Craig,28,Torrey Craig,SF
9.0,0.5,3.0,.397,6.9,.453,4.2,9.3,.332,2.6,8.0,17.3,.845,3.7,4.3,3.0,64,0,1211,0.3,102,20.0,1.3,3.9,3.4,Jamal Crawford,38,Jamal Crawford,SG
6.0,0.0,6.0,.500,7.9,.571,7.9,13.9,.000,0.0,2.0,15.9,.714,5.0,7.0,3.0,5,0,48,6.0,129,20.9,2.0,1.0,11.9,Mitch Creek,26,Mitch Creek,SF
6.6,0.0,6.6,.500,6.6,.556,6.6,11.9,.000,0.0,1.3,13.2,.714,6.6,9.3,4.0,4,0,36,6.6,145,19.8,1.3,0.0,13.2,Mitch Creek,26,Mitch Creek,SF
4.0,0.0,4.0,.500,12.0,.600,12.0,20.0,.000,0.0,4.0,24.0,,0.0,0.0,0.0,1,0,12,4.0,96,24.0,4.0,4.0,8.0,Mitch Creek,26,Mitch Creek,SF
,,,,,,,,,,,,,,,,,,,,,,,,,,,,
2.9,0.7,7.2,.399,7.0,.527,3.2,6.1,.331,3.8,11.5,17.6,.721,3.1,4.4,3.8,80,11,2166,1.3,107,21.0,1.4,1.9,8.5,Jae Crowder,28,Jae Crowder,SF
2.6,0.7,7.4,.475,3.9,.484,2.4,4.9,.462,1.6,3.4,8.3,.778,0.7,0.9,3.7,64,21,928,2.5,121,10.2,1.4,1.2,9.9,Dante Cunningham,31,Dante Cunningham,PF
2.3,0.4,3.2,.456,7.3,.463,3.4,7.4,.450,3.9,8.7,16.1,.846,1.5,1.8,3.4,74,2,1399,0.9,113,20.1,1.2,2.1,4.2,Seth Curry,28,Seth Curry,SG
7.4,0.5,6.6,.472,12.9,.525,5.7,10.8,.437,7.2,16.5,27.3,.916,5.4,5.9,3.4,69,69,2331,0.9,120,38.4,1.9,3.9,7.5,Stephen Curry,30,Stephen Curry,PG
1.6,0.3,3.8,.411,7.1,.481,2.5,5.1,.381,4.6,12.2,17.3,.783,1.1,1.4,5.0,51,1,760,0.8,104,20.0,1.6,1.7,4.6,Troy Daniels,27,Troy Daniels,SG
5.5,3.4,12.5,.517,13.3,.547,12.1,22.1,.331,1.2,3.6,25.8,.794,8.6,10.9,3.3,56,56,1850,4.4,122,36.5,2.2,2.8,16.9,Anthony Davis,25,Anthony Davis,C
2.0,2.0,10.2,.682,5.9,.714,5.9,8.2,.000,0.0,0.4,8.6,.600,2.3,3.9,4.7,9,0,118,3.9,136,14.1,1.2,1.2,14.1,Deyonta Davis,22,Deyonta Davis,C
2.0,1.1,15.7,.616,6.1,.620,6.1,9.9,.000,0.0,0.1,9.9,.617,3.3,5.3,7.4,81,1,1446,7.1,129,15.5,1.2,2.1,22.8,Ed Davis,29,Ed Davis,C
0.0,0.0,0.0,.000,0.0,.000,0.0,46.7,,0.0,0.0,46.7,,0.0,0.0,0.0,1,0,1,46.7,65,0.0,0.0,0.0,46.7,Tyler Davis,21,Tyler Davis,C
2.6,2.0,10.8,.492,7.4,.570,5.1,8.9,.382,2.4,6.2,15.1,.814,2.6,3.2,6.1,64,52,1609,3.0,115,19.9,2.0,2.4,13.8,Dewayne Dedmon,29,Dewayne Dedmon,C
2.8,0.4,5.8,.469,7.3,.521,6.1,11.8,.306,1.2,3.8,15.5,.609,1.7,2.8,2.9,47,5,788,3.2,109,17.4,2.3,1.5,9.0,Sam Dekker,24,Sam Dekker,PF
2.6,0.0,7.1,.458,6.5,.486,5.0,10.3,.385,1.5,3.8,14.1,.800,2.4,2.9,3.8,9,5,169,2.6,114,16.8,3.2,1.5,9.7,Sam Dekker,24,Sam Dekker,PF
2.8,0.5,5.4,.471,7.5,.528,6.4,12.2,.286,1.1,3.7,15.9,.556,1.5,2.8,2.6,38,0,619,3.4,108,17.6,2.1,1.5,8.8,Sam Dekker,24,Sam Dekker,PF
0.0,0.0,6.3,.200,3.1,.200,3.1,15.7,,0.0,0.0,15.7,.500,3.1,6.3,6.3,2,0,15,6.3,78,9.4,3.1,0.0,12.6,Ángel Delgado,24,Ángel Delgado,C
11.0,0.1,4.3,.405,5.9,.482,3.3,6.8,.338,2.7,7.9,14.7,.808,2.5,3.2,4.6,48,0,812,0.4,107,17.1,0.8,4.1,4.7,Matthew Dellavedova,28,Matthew Dellavedova,PG
13.9,0.0,4.8,.316,2.9,.250,1.0,3.8,.364,1.9,5.3,9.1,1.000,1.9,1.9,4.3,12,0,97,0.0,99,9.6,1.0,5.3,4.8,Matthew Dellavedova,28,Matthew Dellavedova,PG
10.6,0.1,4.2,.413,6.4,.500,3.6,7.2,.336,2.8,8.3,15.5,.792,2.6,3.3,4.6,36,0,715,0.4,107,18.2,0.8,4.0,4.7,Matthew Dellavedova,28,Matthew Dellavedova,PG
2.2,1.0,6.5,.500,7.2,.608,5.5,9.0,.318,1.7,5.4,14.4,.714,3.1,4.3,2.9,22,2,392,2.4,117,19.2,1.8,1.7,8.9,Luol Deng,33,Luol Deng,SF
8.6,0.7,7.4,.481,11.5,.492,11.3,23.0,.156,0.1,0.8,23.9,.830,6.6,8.0,3.2,77,77,2688,1.0,110,29.7,1.6,3.6,8.4,DeMar DeRozan,29,DeMar DeRozan,SG
0.7,0.7,3.6,.485,11.4,.462,4.3,9.2,.500,7.1,14.2,23.4,.800,2.8,3.6,6.4,11,0,67,5.7,123,32.7,0.0,2.1,9.2,Marcus Derrickson,22,Marcus Derrickson,PF
1.7,1.7,13.3,.620,8.7,.625,8.7,13.8,.250,0.1,0.2,14.1,.746,2.6,3.5,5.9,64,1,896,3.9,119,20.1,1.5,2.5,17.2,Cheick Diallo,22,Cheick Diallo,PF
1.5,0.9,5.2,.455,6.7,.504,6.3,12.5,.167,0.4,2.1,14.6,.610,3.2,5.2,6.8,51,3,526,3.4,103,16.9,1.9,2.0,8.6,Hamidou Diallo,20,Hamidou Diallo,SG
3.3,1.9,10.7,.501,8.8,.530,7.9,14.9,.339,0.9,2.6,17.5,.830,4.1,4.9,6.2,76,2,1031,3.8,114,22.5,2.2,2.6,14.5,Gorgui Dieng,29,Gorgui Dieng,C
7.7,0.4,3.5,.442,9.1,.528,6.0,11.4,.335,3.1,9.2,20.6,.806,7.1,8.9,4.7,68,4,1914,0.6,114,28.4,1.0,3.8,4.1,Spencer Dinwiddie,25,Spencer Dinwiddie,PG
,,,,,,,,,,,,,,,,,,,,,,,,,,,,
3.5,0.7,5.5,.403,5.7,.683,3.2,4.6,.265,2.5,9.4,14.0,.750,1.0,1.4,4.3,27,0,411,1.8,102,14.8,1.5,2.1,7.3,Donte DiVincenzo,22,Donte DiVincenzo,SG
9.0,0.5,10.0,.427,10.6,.503,7.1,14.1,.327,3.5,10.8,24.8,.713,7.2,10.1,2.9,72,72,2318,1.8,107,31.9,1.6,5.2,11.8,Luka Dončić,19,Luka Dončić,SG
3.9,0.1,6.0,.405,7.4,.477,4.4,9.2,.333,3.1,9.2,18.3,.623,2.6,4.2,3.7,48,11,698,1.9,104,20.5,1.0,1.9,7.8,Tyler Dorsey,22,Tyler Dorsey,SG
3.1,0.2,6.3,.360,5.9,.440,4.1,9.2,.256,1.8,7.2,16.4,.615,2.9,4.8,3.7,27,0,251,1.7,96,16.6,1.3,1.8,7.9,Tyler Dorsey,22,Tyler Dorsey,SG
4.3,0.1,5.8,.429,8.3,.500,4.6,9.1,.366,3.8,10.3,19.5,.629,2.4,3.9,3.7,21,11,447,2.0,108,22.9,0.8,1.9,7.8,Tyler Dorsey,22,Tyler Dorsey,SG
3.2,0.2,5.5,.415,7.0,.461,3.9,8.6,.368,3.0,8.2,16.8,.745,1.8,2.4,3.2,73,40,2004,0.8,105,18.7,1.4,1.7,6.3,Damyean Dotson,24,Damyean Dotson,SG
4.7,0.0,10.4,.381,7.6,.462,5.7,12.3,.250,1.9,7.6,19.8,.500,0.9,1.9,1.9,6,0,51,5.7,112,17.9,1.9,0.0,16.1,PJ Dozier,22,PJ Dozier,SG
8.6,0.2,4.5,.413,8.8,.454,6.0,13.3,.348,2.8,8.1,21.3,.782,3.9,5.0,4.0,36,22,991,1.0,106,24.4,1.5,3.5,5.5,Goran Dragić,32,Goran Dragić,PG
2.1,2.6,15.1,.533,10.4,.548,10.4,18.9,.132,0.1,0.7,19.6,.590,4.5,7.7,5.1,79,79,2647,7.9,113,25.5,2.5,3.3,22.9,Andre Drummond,25,Andre Drummond,C
3.2,0.6,4.7,.423,3.9,.545,1.9,3.4,.351,2.1,5.9,9.3,.696,1.2,1.8,5.1,59,25,1220,1.3,110,11.2,1.4,1.7,6.0,Jared Dudley,33,Jared Dudley,PF
9.7,0.7,5.9,.425,7.5,.441,6.3,14.3,.354,1.2,3.4,17.7,.797,1.9,2.4,5.8,46,44,1389,0.7,99,18.1,2.4,3.6,6.5,Kris Dunn,24,Kris Dunn,PG
8.0,1.5,8.2,.521,12.7,.587,10.3,17.5,.353,2.4,6.8,24.4,.885,7.9,8.9,2.7,78,78,2702,0.6,121,35.7,1.0,4.0,8.8,Kevin Durant,30,Kevin Durant,SF
15.5,0.0,7.7,.667,15.5,.500,7.7,15.5,1.000,7.7,7.7,23.2,,0.0,0.0,0.0,3,0,6,0.0,179,38.7,0.0,0.0,7.7,Trevon Duval,20,Trevon Duval,PG
0.0,0.0,3.1,.250,3.1,,0.0,0.0,.250,3.1,12.3,12.3,,0.0,0.0,0.0,2,0,16,3.1,95,9.2,0.0,0.0,6.1,Vince Edwards,22,Vince Edwards,SF
3.0,0.4,11.4,.411,7.3,.386,4.1,10.6,.447,3.2,7.1,17.7,.760,3.5,4.7,5.0,19,0,259,0.9,108,21.3,1.3,1.7,12.3,Henry Ellenson,22,Henry Ellenson,PF
2.0,0.0,17.7,.400,7.9,.333,3.9,11.8,.500,3.9,7.9,19.7,1.000,3.9,3.9,3.9,2,0,25,0.0,120,23.7,0.0,0.0,17.7,Henry Ellenson,22,Henry Ellenson,PF
3.1,0.4,10.7,.412,7.2,.392,4.1,10.5,.441,3.1,7.0,17.5,.739,3.5,4.7,5.1,17,0,234,1.0,107,21.0,1.4,1.9,11.7,Henry Ellenson,22,Henry Ellenson,PF
2.7,0.2,3.5,.403,7.0,.541,1.7,3.2,.371,5.2,14.1,17.3,.796,1.5,1.9,3.5,53,38,1297,0.5,112,20.6,2.0,1.5,4.1,Wayne Ellington,31,Wayne Ellington,SG
2.7,0.3,3.8,.375,6.3,.414,1.1,2.7,.368,5.2,14.2,16.9,.875,1.3,1.5,3.7,25,12,533,0.6,110,19.2,2.2,1.3,4.3,Wayne Ellington,31,Wayne Ellington,SG
2.8,0.2,3.4,.421,7.4,.607,2.2,3.6,.373,5.2,14.0,17.6,.758,1.6,2.1,3.4,28,26,764,0.5,114,21.7,1.9,1.7,3.9,Wayne Ellington,31,Wayne Ellington,SG
5.1,2.7,15.6,.484,12.7,.535,11.0,20.5,.300,1.7,5.8,26.3,.804,11.4,14.2,4.6,64,64,2154,3.5,114,38.6,1.0,5.0,19.1,Joel Embiid,24,Joel Embiid,C
1.6,0.9,4.8,.469,5.5,.601,3.3,5.5,.353,2.2,6.2,11.6,.716,2.3,3.2,5.9,58,27,1230,2.4,119,15.4,1.6,1.3,7.2,James Ennis,28,James Ennis,SF
1.4,0.8,4.1,.493,5.4,.659,3.1,4.7,.367,2.3,6.2,10.9,.724,2.2,3.0,5.7,40,25,949,1.9,124,15.2,2.0,1.2,6.0,James Ennis,28,James Ennis,SF
2.4,1.2,7.1,.410,5.7,.489,3.9,7.9,.306,1.8,6.1,13.9,.696,2.7,3.9,6.6,18,2,281,3.9,108,16.0,0.5,1.8,10.9,James Ennis,28,James Ennis,SF
3.0,2.2,12.1,.577,6.5,.577,6.5,11.2,,0.0,0.0,11.2,.846,4.8,5.6,4.8,23,0,113,2.6,114,17.7,0.9,3.5,14.7,Drew Eubanks,21,Drew Eubanks,PF
5.4,0.7,4.4,.340,4.2,.368,3.3,8.9,.267,0.9,3.5,12.4,.000,0.0,0.2,6.5,30,1,204,1.4,85,9.3,1.2,2.6,5.8,Jacob Evans,21,Jacob Evans,SG
7.3,0.0,8.1,.214,2.2,.273,2.2,8.1,.000,0.0,2.2,10.3,,0.0,0.0,5.9,8,0,65,0.7,58,4.4,2.2,4.4,8.8,Jawun Evans,22,Jawun Evans,PG
7.5,0.0,8.2,.231,2.2,.273,2.2,8.2,.000,0.0,1.5,9.7,,0.0,0.0,6.0,7,0,64,0.7,60,4.5,2.2,4.5,9.0,Jawun Evans,22,Jawun Evans,PG
0.0,0.0,0.0,.000,0.0,,0.0,0.0,.000,0.0,46.7,46.7,,0.0,0.0,0.0,1,0,1,0.0,0,0.0,0.0,0.0,0.0,Jawun Evans,22,Jawun Evans,PG
5.8,0.6,5.9,.389,9.0,.405,6.3,15.5,.356,2.7,7.5,23.0,.719,4.0,5.6,4.1,69,18,1402,1.2,94,24.6,2.0,4.1,7.0,Tyreke Evans,29,Tyreke Evans,SG
,,,,,,,,,,,,,,,,,,,,,,,,,,,,
7.9,0.4,3.7,.419,7.3,.464,6.0,12.9,.290,1.3,4.5,17.4,.791,4.9,6.2,5.0,42,1,664,1.2,104,20.8,1.0,3.7,4.9,Dante Exum,23,Dante Exum,PG
1.3,1.5,10.3,.589,10.5,.617,9.9,16.1,.320,0.5,1.7,17.8,.646,4.3,6.6,5.5,37,13,728,6.5,125,25.7,1.1,2.2,16.8,Kenneth Faried,29,Kenneth Faried,C
0.8,1.6,11.7,.595,10.1,.649,9.7,14.9,.200,0.4,2.0,16.9,.625,4.0,6.5,3.2,12,0,118,6.1,120,24.6,0.8,2.4,17.7,Kenneth Faried,29,Kenneth Faried,C
1.4,1.5,10.0,.587,10.5,.611,10.0,16.3,.350,0.6,1.6,17.9,.651,4.3,6.7,6.0,25,13,610,6.6,126,26.0,1.2,2.2,16.6,Kenneth Faried,29,Kenneth Faried,C
2.4,2.9,9.6,.586,9.8,.640,9.4,14.7,.218,0.5,2.1,16.8,.675,4.2,6.2,4.4,76,70,1766,5.6,124,24.3,1.5,2.3,15.2,Derrick Favors,27,Derrick Favors,C
2.4,0.5,9.0,.531,6.2,.543,6.2,11.4,.000,0.0,0.3,11.6,.685,3.3,4.7,4.5,60,0,746,5.1,116,15.6,0.7,2.1,14.2,Cristiano Felício,26,Cristiano Felício,C
6.4,0.7,3.7,.407,6.8,.473,4.3,9.1,.328,2.5,7.5,16.6,.923,1.5,1.6,3.6,33,0,379,0.5,110,17.5,1.2,1.7,4.2,Raymond Felton,34,Raymond Felton,PG
1.7,0.4,2.6,.429,4.5,.560,1.9,3.4,.366,2.6,7.0,10.4,.725,0.9,1.2,5.6,74,74,1931,0.8,112,12.4,1.0,1.1,3.4,Terrance Ferguson,20,Terrance Ferguson,SG
6.0,0.2,4.2,.435,6.7,.488,4.3,8.9,.362,2.4,6.5,15.4,.896,2.6,2.9,2.8,71,3,1067,0.6,114,18.3,1.6,1.7,4.8,Yogi Ferrell,25,Yogi Ferrell,PG
2.3,0.9,6.1,.432,5.6,.544,3.6,6.7,.311,1.9,6.2,12.9,.709,1.8,2.5,4.5,81,26,1985,3.4,109,14.9,1.7,1.8,9.5,Dorian Finney-Smith,25,Dorian Finney-Smith,SF
3.7,0.1,4.7,.456,7.7,.489,3.9,8.1,.426,3.7,8.8,16.8,.885,1.5,1.7,3.4,82,81,2293,0.4,113,20.6,1.0,1.7,5.1,Bryn Forbes,25,Bryn Forbes,SG
5.7,0.2,4.2,.438,9.0,.509,6.0,11.9,.340,2.9,8.6,20.5,.806,2.6,3.3,4.3,81,81,2553,0.7,104,23.5,1.4,3.0,4.9,Evan Fournier,26,Evan Fournier,SG
10.8,0.8,4.8,.458,9.2,.482,7.7,15.9,.371,1.6,4.2,20.1,.727,5.5,7.6,3.7,81,81,2546,0.8,110,25.6,2.4,4.1,5.6,De'Aaron Fox,21,De'Aaron Fox,PG
1.1,0.0,2.2,.333,7.8,.467,7.8,16.7,.000,0.0,6.7,23.4,.250,1.1,4.4,6.7,10,0,44,3.3,75,16.7,1.1,1.1,5.6,Melvin Frazier,22,Melvin Frazier,SG
10.3,0.2,5.3,.444,4.8,.494,3.3,6.6,.366,1.5,4.2,10.8,.759,1.7,2.2,4.6,59,19,1120,1.7,114,12.9,1.2,3.2,7.0,Tim Frazier,28,Tim Frazier,PG
10.5,0.2,5.4,.451,4.5,.517,3.1,6.0,.351,1.4,3.9,10.0,.780,1.6,2.1,4.8,47,17,909,1.6,115,12.0,1.3,3.1,7.0,Tim Frazier,28,Tim Frazier,PG
9.3,0.2,4.8,.424,6.2,.429,4.0,9.3,.417,2.2,5.3,14.5,.692,2.0,2.9,4.2,12,2,211,2.0,109,16.5,1.1,3.5,6.8,Tim Frazier,28,Tim Frazier,PG
5.9,0.0,4.4,.276,5.9,.500,5.9,11.8,.000,0.0,9.5,21.3,1.000,4.4,4.4,3.7,6,0,65,0.7,75,16.2,2.2,3.7,5.1,Jimmer Fredette,29,Jimmer Fredette,SG
2.9,0.7,7.0,.368,6.3,.289,1.6,5.5,.405,4.7,11.5,17.0,.786,1.6,2.0,6.4,36,6,341,0.6,104,18.8,0.9,1.9,7.6,Channing Frye,35,Channing Frye,C
6.5,0.6,4.9,.419,7.2,.433,6.7,15.6,.286,0.4,1.5,17.1,.568,2.3,4.1,5.8,19,15,427,2.9,99,17.1,1.9,2.8,7.7,Markelle Fultz,20,Markelle Fultz,SG
4.1,0.5,8.3,.463,9.4,.484,5.7,11.7,.433,3.7,8.5,20.3,.904,8.4,9.3,3.0,68,68,2059,1.2,125,30.9,1.1,2.3,9.6,Danilo Gallinari,30,Danilo Gallinari,SF
2.4,0.2,3.4,.388,6.4,.449,2.6,5.8,.355,3.8,10.7,16.6,.844,2.3,2.7,3.8,80,4,1745,1.4,115,19.0,1.0,0.7,4.8,Langston Galloway,27,Langston Galloway,SG
5.4,0.8,2.3,.407,8.4,.579,8.4,14.5,.000,0.0,6.1,20.7,1.000,3.1,3.1,2.3,4,0,63,0.0,97,19.9,0.8,1.5,2.3,Billy Garrett,24,Billy Garrett,SG
7.1,1.7,11.1,.448,7.9,.487,5.9,12.1,.363,2.0,5.5,17.6,.759,3.9,5.1,4.4,79,72,2436,1.6,108,21.6,1.7,3.1,12.7,Marc Gasol,34,Marc Gasol,C
6.9,1.8,11.1,.444,8.4,.491,6.3,12.8,.344,2.1,6.1,19.0,.756,4.2,5.6,4.1,53,53,1788,1.6,106,23.2,1.7,3.3,12.6,Marc Gasol,34,Marc Gasol,C
7.5,1.7,10.9,.465,6.4,.474,4.7,10.0,.442,1.7,3.8,13.8,.769,3.0,3.8,5.2,26,19,648,1.8,116,17.5,1.8,2.7,12.7,Marc Gasol,34,Marc Gasol,C
,,,,,,,,,,,,,,,,,,,,,,,,,,,,
7.0,2.0,15.5,.447,5.7,.444,4.9,10.9,.462,0.8,1.8,12.7,.700,3.8,5.4,3.9,30,6,360,3.0,116,15.9,0.7,2.2,18.5,Pau Gasol,38,Pau Gasol,C
7.4,2.1,15.5,.466,6.1,.462,5.3,11.5,.500,0.7,1.5,13.0,.711,4.0,5.6,4.1,27,6,330,3.3,120,16.9,0.7,2.1,18.8,Pau Gasol,38,Pau Gasol,C
3.1,1.5,15.5,.167,1.5,.000,0.0,4.6,.333,1.5,4.6,9.3,.500,1.5,3.1,1.5,3,0,30,0.0,59,6.2,0.0,3.1,15.5,Pau Gasol,38,Pau Gasol,C
4.8,0.9,10.8,.504,10.0,.537,8.0,14.9,.402,2.0,4.9,19.8,.816,3.2,3.9,4.2,69,51,1842,1.7,111,25.1,1.4,3.0,12.5,Rudy Gay,32,Rudy Gay,PF
5.2,0.6,8.6,.438,11.6,.484,6.8,14.1,.386,4.8,12.4,26.5,.839,7.4,8.9,3.5,77,77,2841,1.7,116,35.5,2.8,3.4,10.3,Paul George,28,Paul George,SF
2.4,1.1,8.1,.566,8.6,.583,8.3,14.3,.324,0.3,1.0,15.3,.757,3.8,5.0,5.3,70,57,1686,4.9,123,21.4,1.5,2.1,13.0,Taj Gibson,33,Taj Gibson,PF
4.8,1.2,8.9,.503,9.9,.512,9.9,19.4,.000,0.0,0.3,19.8,.637,3.3,5.2,8.5,58,0,820,3.7,102,23.2,1.8,4.1,12.6,Harry Giles,20,Harry Giles,PF
5.9,1.0,3.8,.476,7.4,.503,6.3,12.5,.367,1.1,3.0,15.5,.800,3.4,4.2,3.8,82,73,2174,1.2,108,19.3,2.1,3.1,5.0,Shai Gilgeous-Alexander,20,Shai Gilgeous-Alexander,PG
3.0,3.5,13.6,.669,8.8,.669,8.8,13.2,,0.0,0.0,13.2,.636,6.2,9.7,4.3,81,80,2577,5.7,133,23.8,1.2,2.4,19.3,Rudy Gobert,26,Rudy Gobert,C
12.1,0.0,1.7,.261,5.2,.235,3.4,14.6,.333,1.7,5.2,19.8,.818,7.8,9.5,6.0,16,0,57,0.9,103,19.8,0.0,2.6,2.6,Brandon Goodwin,23,Brandon Goodwin,PG
5.4,1.0,8.3,.449,8.7,.499,6.5,13.0,.349,2.2,6.4,19.4,.731,3.4,4.7,3.2,78,78,2633,2.4,107,23.2,1.1,3.0,10.7,Aaron Gordon,23,Aaron Gordon,PF
2.9,0.6,3.0,.409,8.7,.497,3.8,7.7,.360,4.9,13.6,21.3,.783,2.7,3.5,3.3,68,53,2158,0.4,108,25.1,0.9,2.0,3.4,Eric Gordon,30,Eric Gordon,SG
4.1,1.5,12.2,.532,6.2,.532,6.2,11.7,,0.0,0.0,11.7,.729,2.2,3.0,5.8,47,43,751,4.2,110,14.6,0.4,3.1,16.4,Marcin Gortat,34,Marcin Gortat,C
8.7,0.1,3.8,.343,5.3,.421,2.9,6.8,.281,2.4,8.7,15.5,.761,2.5,3.3,3.5,46,3,676,0.7,104,15.6,1.7,2.2,4.5,Devonte' Graham,23,Devonte' Graham,PG
2.3,0.5,5.6,.335,4.3,.413,1.7,4.2,.297,2.5,8.5,12.7,.818,1.2,1.5,4.5,35,21,715,1.5,99,12.2,0.9,1.1,7.1,Treveon Graham,25,Treveon Graham,SG
1.4,1.8,5.7,.497,7.3,.555,5.3,9.5,.392,2.1,5.2,14.7,.710,2.8,3.9,3.8,80,77,2612,1.7,119,19.5,1.1,1.2,7.5,Jerami Grant,24,Jerami Grant,PF
8.1,0.3,4.1,.418,4.8,.473,2.7,5.7,.364,2.1,5.7,11.5,.650,1.4,2.1,4.1,60,1,939,1.0,108,13.0,2.3,2.7,5.1,Jerian Grant,26,Jerian Grant,PG
0.0,0.0,0.0,.000,0.0,,0.0,0.0,.000,0.0,46.7,46.7,,0.0,0.0,0.0,3,0,2,0.0,0,0.0,0.0,0.0,0.0,Donte Grantham,23,Donte Grantham,SF
2.7,1.1,5.6,.465,6.3,.487,2.1,4.2,.455,4.3,9.4,13.6,.841,0.8,1.0,3.7,80,80,2216,1.3,119,17.8,1.6,1.6,6.9,Danny Green,31,Danny Green,SG
10.5,1.6,9.7,.445,4.3,.549,3.2,5.9,.285,1.1,3.8,9.7,.692,1.5,2.1,4.5,66,66,2065,1.4,108,11.2,2.2,3.9,11.1,Draymond Green,28,Draymond Green,PF
1.3,0.9,5.1,.400,7.7,.547,2.5,4.6,.354,5.2,14.7,19.2,.838,1.9,2.3,4.2,73,0,1473,1.0,107,22.5,1.1,1.8,6.1,Gerald Green,33,Gerald Green,SG
1.8,1.2,10.9,.483,8.2,.530,5.7,10.7,.403,2.5,6.3,16.9,.792,2.8,3.6,6.9,65,6,1371,3.7,108,21.8,1.6,3.1,14.6,JaMychal Green,28,JaMychal Green,PF
2.0,1.4,9.9,.484,8.3,.523,6.2,11.9,.396,2.1,5.3,17.2,.788,3.5,4.4,6.8,41,4,900,4.0,105,22.3,1.8,3.5,13.9,JaMychal Green,28,JaMychal Green,PF
1.4,0.8,12.5,.482,7.9,.548,4.6,8.4,.413,3.3,8.0,16.4,.810,1.7,2.1,7.0,24,2,471,3.2,113,20.8,1.2,2.3,15.7,JaMychal Green,28,JaMychal Green,PF
,,,,,,,,,,,,,,,,,,,,,,,,,,,,
3.1,0.9,5.7,.475,7.4,.586,4.9,8.3,.347,2.5,7.2,15.5,.888,4.1,4.7,3.6,77,44,2097,1.3,115,21.4,1.0,2.3,7.0,Jeff Green,32,Jeff Green,PF
7.6,0.5,8.7,.462,11.6,.525,8.1,15.4,.362,3.6,9.8,25.2,.753,7.8,10.3,3.7,75,75,2622,1.9,113,34.6,1.0,4.8,10.6,Blake Griffin,29,Blake Griffin,PF
5.0,0.2,8.4,.383,5.2,.405,3.4,8.4,.348,1.8,5.2,13.6,.500,0.7,1.4,4.3,19,3,204,2.3,91,12.9,1.4,3.6,10.6,Daniel Hamilton,23,Daniel Hamilton,SG
9.6,0.0,1.9,.250,5.7,.429,5.7,13.4,.000,0.0,9.6,22.9,1.000,3.8,3.8,1.9,2,0,26,0.0,78,15.3,1.9,1.9,1.9,Dusty Hannahs,25,Dusty Hannahs,SG
3.7,0.2,4.4,.393,9.2,.442,5.4,12.1,.340,3.8,11.2,23.3,.841,5.4,6.5,3.3,65,63,2057,0.8,105,27.6,1.3,2.5,5.2,Tim Hardaway,26,Tim Hardaway,SG
3.9,0.2,4.3,.388,9.1,.424,5.3,12.5,.347,3.8,10.8,23.3,.854,6.4,7.5,3.4,46,46,1499,0.8,106,28.3,1.4,2.6,5.2,Tim Hardaway,26,Tim Hardaway,SG
3.2,0.2,4.7,.404,9.4,.496,5.5,11.0,.321,3.9,12.2,23.2,.767,2.9,3.7,3.0,19,17,558,0.6,102,25.6,1.0,2.1,5.3,Tim Hardaway,26,Tim Hardaway,SG
10.0,1.0,7.7,.442,14.4,.528,8.0,15.1,.368,6.5,17.6,32.7,.879,12.9,14.7,4.2,78,78,2867,1.1,118,48.2,2.7,6.6,8.9,James Harden,29,James Harden,PG
2.5,1.8,6.6,.487,6.5,.582,5.3,9.2,.275,1.1,4.1,13.3,.671,1.7,2.5,5.6,60,53,1415,2.6,114,15.7,2.3,1.5,9.2,Maurice Harkless,25,Maurice Harkless,SF
3.5,2.4,7.7,.615,11.9,.623,11.9,19.0,.176,0.1,0.4,19.4,.643,5.8,9.1,5.6,82,5,2158,4.0,122,29.8,1.6,2.9,11.7,Montrezl Harrell,25,Montrezl Harrell,C
5.5,0.7,4.5,.380,6.0,.476,3.2,6.7,.310,2.8,9.1,15.7,.761,4.6,6.1,6.0,68,2,1071,0.5,107,19.4,1.6,2.5,5.1,Devin Harris,35,Devin Harris,PG
3.8,0.6,3.6,.424,8.1,.476,5.6,11.8,.339,2.5,7.3,19.1,.799,3.4,4.3,3.4,57,48,1639,1.2,108,22.1,1.6,2.0,4.8,Gary Harris,24,Gary Harris,SG
3.8,0.4,5.0,.500,7.8,.528,4.0,7.5,.474,3.8,8.0,15.5,.827,2.3,2.8,3.8,76,76,2293,1.1,119,21.6,0.8,2.5,6.0,Joe Harris,27,Joe Harris,SG
3.8,0.6,9.6,.487,10.1,.528,7.5,14.3,.397,2.6,6.5,20.8,.866,4.4,5.1,3.1,82,82,2847,1.1,114,27.3,0.8,2.5,10.7,Tobias Harris,26,Tobias Harris,PF
3.7,0.6,9.8,.496,10.5,.523,7.7,14.8,.434,2.8,6.4,21.2,.877,4.8,5.4,3.1,55,55,1903,0.9,115,28.6,1.0,2.7,10.7,Tobias Harris,26,Tobias Harris,PF
4.0,0.7,9.1,.469,9.4,.542,7.2,13.2,.326,2.2,6.8,20.0,.841,3.7,4.4,3.1,27,27,944,1.6,112,24.6,0.6,2.1,10.7,Tobias Harris,26,Tobias Harris,PF
6.3,0.5,3.7,.302,4.2,.393,2.9,7.3,.200,1.3,6.5,13.9,.944,4.5,4.7,8.9,17,0,187,1.6,95,14.1,1.0,3.1,5.2,Andrew Harrison,24,Andrew Harrison,PG
0.0,0.0,0.0,.500,9.9,1.000,9.9,9.9,.000,0.0,9.9,19.9,,0.0,0.0,9.9,1,0,5,0.0,97,19.9,0.0,0.0,0.0,Andrew Harrison,24,Andrew Harrison,PG
5.9,0.7,3.8,.308,4.1,.360,3.1,8.6,.214,1.0,4.8,13.5,1.000,5.5,5.5,9.0,10,0,144,1.4,97,14.8,1.4,3.4,5.2,Andrew Harrison,24,Andrew Harrison,PG
8.6,0.0,3.7,.250,3.7,.500,1.2,2.4,.200,2.4,12.2,14.7,.500,1.2,2.4,8.6,6,0,38,2.4,91,11.0,0.0,2.4,6.1,Andrew Harrison,24,Andrew Harrison,PG
4.7,1.0,6.4,.432,6.2,.475,5.4,11.4,.270,0.8,3.0,14.4,.667,2.8,4.2,4.2,73,11,1430,1.1,101,16.1,3.0,2.0,7.5,Shaquille Harrison,25,Shaquille Harrison,PG
2.5,1.1,5.8,.407,5.1,.511,2.6,5.2,.336,2.5,7.4,12.6,.688,1.5,2.2,4.0,67,22,1715,0.9,103,14.2,1.7,1.6,6.7,Josh Hart,23,Josh Hart,SG
3.3,2.7,5.8,.488,4.4,.514,4.0,7.8,.333,0.4,1.3,9.1,.786,2.4,3.1,12.4,28,0,221,4.7,114,11.8,1.6,2.9,10.4,Isaiah Hartenstein,20,Isaiah Hartenstein,PF
1.3,0.0,15.8,.333,7.3,.524,7.3,13.9,.000,0.0,7.9,21.8,.750,2.0,2.6,5.9,10,1,74,2.0,77,16.5,0.0,2.0,17.8,Udonis Haslem,38,Udonis Haslem,C
6.3,0.6,7.0,.466,7.7,.542,5.7,10.4,.333,2.0,6.0,16.4,.834,4.0,4.8,2.7,72,18,1863,1.3,114,21.3,1.6,2.7,8.3,Gordon Hayward,28,Gordon Hayward,PF
3.5,2.7,13.6,.463,7.7,.556,4.9,8.9,.355,2.7,7.7,16.6,.600,1.5,2.5,4.0,14,0,188,4.0,108,19.5,1.7,3.0,17.6,John Henson,28,John Henson,C
2.0,0.9,7.3,.439,5.0,.541,2.6,4.8,.365,2.4,6.5,11.4,.767,2.4,3.1,3.4,70,25,1358,2.3,118,14.8,1.0,1.3,9.6,Juan Hernangómez,23,Juan Hernangómez,PF
,,,,,,,,,,,,,,,,,,,,,,,,,,,,
3.6,1.2,11.6,.519,9.2,.539,8.3,15.3,.385,0.9,2.3,17.7,.694,6.0,8.6,5.9,58,3,812,7.0,118,25.2,1.0,3.5,18.6,Willy Hernangómez,24,Willy Hernangómez,C
3.5,0.3,8.4,.412,7.6,.478,6.0,12.5,.276,1.7,6.1,18.5,.763,3.5,4.6,4.4,58,24,1206,1.1,94,20.4,2.3,3.5,9.6,Mario Hezonja,23,Mario Hezonja,SF
3.0,4.5,7.5,.500,6.0,.500,6.0,12.0,,0.0,0.0,12.0,.800,6.0,7.5,7.5,3,0,32,3.0,123,18.1,1.5,1.5,10.5,Isaiah Hicks,24,Isaiah Hicks,PF
3.6,0.6,5.4,.458,11.1,.487,6.1,12.6,.427,4.9,11.6,24.2,.886,3.0,3.4,3.6,82,82,2615,1.9,113,30.2,1.0,2.6,7.3,Buddy Hield,26,Buddy Hield,SG
2.4,0.0,5.9,.400,4.7,.600,3.5,5.9,.200,1.2,5.9,11.8,.000,0.0,2.4,1.2,5,0,40,0.0,83,10.6,1.2,1.2,5.9,Haywood Highsmith,22,Haywood Highsmith,SF
2.3,1.3,8.0,.517,5.4,.531,5.4,10.2,.000,0.0,0.3,10.4,.660,2.8,4.2,7.8,42,2,546,3.1,122,13.6,1.6,1.0,11.1,Nenê Hilário,36,Nenê Hilário,C
4.9,0.3,4.0,.452,6.2,.547,4.4,8.1,.314,1.7,5.6,13.7,.824,2.5,3.1,3.7,60,13,1302,1.4,114,16.6,1.9,1.9,5.4,George Hill,32,George Hill,PG
5.2,0.1,2.2,.514,7.9,.532,6.1,11.4,.464,1.9,4.0,15.4,.850,2.5,2.9,5.1,13,13,344,1.7,115,20.2,1.7,2.9,3.9,George Hill,32,George Hill,PG
4.8,0.3,4.6,.428,5.6,.556,3.9,7.0,.280,1.7,6.1,13.0,.815,2.6,3.2,3.3,47,0,958,1.3,113,15.4,1.9,1.5,5.9,George Hill,32,George Hill,PG
2.9,0.5,5.2,.382,3.6,.468,1.9,4.1,.317,1.7,5.3,9.4,.719,1.2,1.7,4.2,44,15,878,1.8,103,10.1,1.2,1.6,7.0,Solomon Hill,27,Solomon Hill,SF
6.6,1.0,4.7,.401,8.0,.459,4.7,10.2,.339,3.3,9.6,19.8,.820,3.1,3.8,5.4,50,0,646,0.4,102,22.3,1.6,3.0,5.1,Aaron Holiday,22,Aaron Holiday,PG
10.0,1.0,5.0,.472,10.6,.539,8.3,15.4,.325,2.3,7.0,22.4,.768,4.0,5.2,2.9,67,67,2402,1.5,111,27.5,2.1,4.1,6.5,Jrue Holiday,28,Jrue Holiday,SG
2.7,0.7,5.2,.386,5.6,.442,2.6,5.9,.348,3.0,8.8,14.6,.896,1.8,2.0,3.1,82,77,2607,0.9,100,16.1,2.3,2.0,6.1,Justin Holiday,29,Justin Holiday,SG
3.1,0.8,5.5,.383,5.5,.435,2.0,4.5,.359,3.6,9.9,14.4,.891,1.5,1.7,2.9,38,38,1325,0.7,103,16.1,2.5,1.7,6.2,Justin Holiday,29,Justin Holiday,SG
2.4,0.6,4.9,.389,5.8,.447,3.3,7.3,.333,2.5,7.6,14.8,.900,2.1,2.3,3.3,44,39,1282,1.0,96,16.2,2.1,2.2,6.0,Justin Holiday,29,Justin Holiday,SG
0.0,0.0,0.0,,0.0,,0.0,0.0,,0.0,0.0,0.0,,0.0,0.0,0.0,1,0,1,0.0,,0.0,0.0,0.0,0.0,John Holland,30,John Holland,SF
3.7,1.0,8.8,.411,7.7,.436,7.4,16.9,.184,0.3,1.9,18.8,.645,4.6,7.1,4.1,59,21,1234,3.2,99,20.3,1.7,2.6,12.0,Rondae Hollis-Jefferson,24,Rondae Hollis-Jefferson,SF
2.4,3.2,8.7,.608,9.0,.608,9.0,14.7,,0.0,0.0,14.7,.731,5.2,7.1,7.8,70,4,1184,4.6,127,23.1,1.7,2.1,13.3,Richaun Holmes,25,Richaun Holmes,C
3.3,0.3,3.4,.435,7.6,.478,5.4,11.3,.356,2.2,6.1,17.5,.884,3.6,4.0,3.8,72,49,1893,0.7,112,20.9,1.5,1.4,4.1,Rodney Hood,26,Rodney Hood,SG
3.7,0.2,3.8,.427,7.8,.460,5.6,12.2,.362,2.2,6.1,18.3,.912,4.2,4.6,4.1,45,45,1234,0.7,113,22.0,1.5,1.4,4.5,Rodney Hood,26,Rodney Hood,SG
2.5,0.5,2.8,.452,7.2,.519,5.1,9.8,.345,2.1,6.2,15.9,.805,2.4,3.0,3.3,27,4,659,0.5,112,19.0,1.5,1.4,3.3,Rodney Hood,26,Rodney Hood,SG
6.9,2.1,8.3,.535,9.4,.604,7.7,12.7,.360,1.8,5.0,17.7,.821,1.9,2.3,3.1,68,68,1973,2.9,122,22.6,1.4,2.5,11.2,Al Horford,32,Al Horford,C
2.0,0.6,5.8,.468,5.9,.595,2.2,3.7,.416,3.7,8.9,12.6,.789,2.8,3.6,4.0,39,13,979,1.3,123,18.3,1.1,1.8,7.0,Danuel House,25,Danuel House,SF
0.8,0.8,12.1,.623,8.9,.623,8.9,14.2,,0.0,0.0,14.2,.604,6.0,9.9,7.0,9,9,230,4.9,116,23.7,1.4,3.3,17.1,Dwight Howard,33,Dwight Howard,C
4.8,0.6,4.2,.419,6.2,.457,3.1,6.9,.385,3.1,8.0,14.8,.732,0.9,1.3,3.5,75,59,2048,1.4,106,16.4,1.5,2.5,5.5,Kevin Huerter,20,Kevin Huerter,SG
0.0,0.0,5.8,.286,5.0,.300,2.5,8.3,.273,2.5,9.1,17.3,,0.0,0.0,5.8,5,1,56,3.3,87,12.4,0.8,0.0,9.1,Isaac Humphries,21,Isaac Humphries,C
,,,,,,,,,,,,,,,,,,,,,,,,,,,,
5.6,0.0,3.7,.462,11.1,.667,3.7,5.6,.400,7.4,18.5,24.1,.500,1.9,3.7,5.6,1,0,26,1.9,131,31.5,1.9,0.0,5.6,R.J. Hunter,25,R.J. Hunter,SG
1.8,0.3,8.3,.459,5.2,.516,4.4,8.6,.280,0.8,2.7,11.3,.605,1.2,2.1,3.2,44,14,895,1.7,101,12.4,1.2,1.4,10.0,Chandler Hutchison,22,Chandler Hutchison,SF
2.4,2.5,10.6,.529,11.1,.586,9.9,16.9,.290,1.2,4.0,20.9,.763,3.2,4.2,5.0,74,51,2010,3.7,113,26.5,0.7,2.7,14.3,Serge Ibaka,29,Serge Ibaka,C
6.5,1.5,6.2,.500,4.6,.652,3.1,4.8,.333,1.4,4.3,9.1,.582,1.2,2.0,2.9,68,13,1578,1.4,124,11.7,1.8,1.6,7.6,Andre Iguodala,35,Andre Iguodala,SF
2.0,0.8,7.9,.438,6.3,.493,4.1,8.3,.363,2.2,6.0,14.4,.824,2.3,2.8,6.5,67,7,1231,3.5,112,17.1,1.2,1.8,11.4,Ersan İlyasova,31,Ersan İlyasova,PF
8.7,0.4,5.5,.448,6.7,.533,3.2,5.9,.391,3.5,9.0,14.9,.707,1.6,2.3,3.4,82,82,2568,0.7,110,18.5,1.8,3.6,6.1,Joe Ingles,31,Joe Ingles,PF
0.0,0.0,3.1,.000,0.0,.000,0.0,9.3,.000,0.0,9.3,18.6,,0.0,0.0,0.0,4,0,15,3.1,12,0.0,3.1,3.1,6.2,Andre Ingram,33,Andre Ingram,SG
4.1,0.8,6.0,.497,9.6,.521,8.8,16.8,.330,0.8,2.5,19.3,.675,5.2,7.6,3.9,52,52,1760,1.1,104,25.1,0.7,3.4,7.1,Brandon Ingram,21,Brandon Ingram,SF
10.1,0.7,5.7,.487,13.1,.533,9.4,17.6,.401,3.8,9.4,27.0,.873,4.7,5.3,3.6,67,67,2214,1.5,118,34.7,2.2,3.7,7.3,Kyrie Irving,26,Kyrie Irving,PG
2.0,2.4,7.6,.429,6.4,.510,4.3,8.5,.323,2.1,6.5,15.0,.815,2.7,3.3,3.5,75,64,1996,2.4,107,17.7,1.4,1.8,10.1,Jonathan Isaac,21,Jonathan Isaac,PF
2.9,0.9,5.8,.412,4.5,.431,3.3,7.7,.367,1.2,3.1,10.9,.816,3.3,4.1,4.9,68,13,1233,1.5,107,13.5,1.1,1.7,7.3,Wesley Iwundu,24,Wesley Iwundu,SF
6.1,0.0,1.2,.533,9.7,.667,7.3,10.9,.333,2.4,7.3,18.2,1.000,4.8,4.8,4.8,6,0,39,2.4,138,26.6,2.4,1.2,3.6,Demetrius Jackson,24,Demetrius Jackson,PG
2.7,0.1,4.3,.434,7.7,.507,5.6,11.1,.314,2.1,6.7,17.8,.740,2.1,2.9,3.7,61,16,1169,1.0,102,19.7,1.0,1.9,5.3,Frank Jackson,20,Frank Jackson,PG
2.1,2.7,6.5,.506,9.8,.553,8.1,14.7,.359,1.7,4.7,19.3,.766,5.0,6.5,7.2,58,56,1515,2.4,108,26.2,1.7,3.2,8.9,Jaren Jackson,19,Jaren Jackson,PF
4.4,1.3,6.7,.413,8.3,.445,6.6,14.8,.324,1.8,5.4,20.2,.671,3.4,5.1,5.0,79,29,1988,1.6,91,21.9,1.8,4.2,8.3,Josh Jackson,21,Josh Jackson,SG
2.8,0.4,4.9,.447,6.3,.542,3.8,7.0,.355,2.5,7.2,14.2,.785,1.8,2.3,2.9,81,14,1614,1.3,117,17.0,0.9,0.8,6.2,Justin Jackson,23,Justin Jackson,SF
2.9,0.6,5.2,.424,5.4,.515,3.0,5.8,.346,2.4,6.8,12.7,.820,1.8,2.1,2.9,52,3,1083,1.1,114,14.9,1.0,0.9,6.3,Justin Jackson,23,Justin Jackson,SF
2.6,0.1,4.3,.484,8.4,.577,5.5,9.5,.372,2.9,7.9,17.4,.724,1.9,2.6,2.9,29,11,531,1.7,121,21.6,0.8,0.6,6.0,Justin Jackson,23,Justin Jackson,SF
7.4,0.2,3.7,.421,9.5,.464,5.8,12.4,.369,3.7,10.1,22.6,.864,4.4,5.1,4.5,82,82,2289,1.0,111,27.1,1.2,3.2,4.7,Reggie Jackson,28,Reggie Jackson,PG
10.9,0.8,9.8,.510,13.4,.582,10.7,18.4,.339,2.7,7.9,26.3,.665,6.7,10.0,2.3,55,55,1937,1.4,114,36.2,1.7,4.7,11.2,LeBron James,34,LeBron James,SF
2.2,2.2,10.8,.625,7.2,.625,7.2,11.5,,0.0,0.0,11.5,.875,5.0,5.8,5.8,12,0,68,4.3,146,19.4,2.2,0.7,15.1,Amile Jefferson,25,Amile Jefferson,PF
3.2,0.3,4.5,.400,6.1,.426,2.9,6.8,.379,3.2,8.4,15.2,.833,2.2,2.6,1.4,26,0,333,0.9,109,17.5,0.0,1.3,5.4,John Jenkins,27,John Jenkins,SG
3.4,0.0,3.4,1.000,6.8,,0.0,0.0,1.000,6.8,6.8,6.8,,0.0,0.0,0.0,4,0,14,0.0,285,20.3,0.0,0.0,3.4,John Jenkins,27,John Jenkins,SG
3.2,0.3,4.5,.388,6.0,.426,3.0,7.1,.357,3.0,8.5,15.6,.833,2.3,2.7,1.5,22,0,319,0.9,107,17.4,0.0,1.4,5.4,John Jenkins,27,John Jenkins,SG
,,,,,,,,,,,,,,,,,,,,,,,,,,,,
3.7,0.7,8.4,.459,6.4,.563,3.7,6.5,.367,2.7,7.3,13.9,.800,2.5,3.1,5.4,73,6,1218,2.8,120,17.9,1.1,1.7,11.2,Jonas Jerebko,31,Jonas Jerebko,PF
0.8,2.3,11.5,.250,3.1,.214,2.3,10.7,.500,0.8,1.5,12.2,.500,3.1,6.1,5.4,14,0,64,3.1,86,9.9,0.8,0.0,14.5,Alize Johnson,22,Alize Johnson,PF
5.4,1.2,8.9,.503,7.1,.573,6.0,10.4,.300,1.1,3.6,14.0,.756,2.8,3.7,8.8,51,6,529,4.2,109,17.9,1.4,4.0,13.1,Amir Johnson,31,Amir Johnson,C
0.0,0.0,5.7,.500,8.5,.545,5.7,10.4,.429,2.8,6.6,17.0,1.000,1.9,1.9,3.8,7,0,49,1.9,111,21.7,1.9,1.9,7.6,B.J. Johnson,23,B.J. Johnson,SF
0.0,0.0,6.4,.500,8.6,.500,5.4,10.7,.500,3.2,6.4,17.2,1.000,2.1,2.1,3.2,6,0,43,2.1,112,22.6,2.1,2.1,8.6,B.J. Johnson,23,B.J. Johnson,SF
0.0,0.0,0.0,.500,7.8,1.000,7.8,7.8,.000,0.0,7.8,15.5,,0.0,0.0,7.8,1,0,6,0.0,101,15.5,0.0,0.0,0.0,B.J. Johnson,23,B.J. Johnson,SF
5.7,1.1,6.5,.433,6.9,.496,4.8,9.7,.336,2.1,6.3,15.9,.714,2.1,2.9,4.8,55,33,1164,0.9,102,18.0,1.5,3.1,7.4,James Johnson,31,James Johnson,PF
3.5,0.6,7.4,.389,6.9,.484,4.4,9.1,.288,2.5,8.7,17.7,.781,2.0,2.6,4.6,66,7,1208,1.4,94,18.3,2.4,3.3,8.7,Stanley Johnson,22,Stanley Johnson,SF
3.1,0.7,7.7,.381,6.8,.488,4.2,8.6,.282,2.6,9.3,17.9,.804,2.1,2.6,4.7,48,7,961,1.3,95,18.4,2.5,2.8,9.0,Stanley Johnson,22,Stanley Johnson,SF
5.3,0.2,6.2,.418,7.2,.474,5.1,10.7,.324,2.1,6.4,17.1,.692,1.7,2.4,4.1,18,0,247,1.7,90,18.1,2.3,4.9,7.9,Stanley Johnson,22,Stanley Johnson,SF
5.3,0.9,4.4,.413,6.9,.477,4.0,8.4,.346,2.9,8.3,16.7,.748,3.0,4.0,3.1,57,22,1529,1.1,107,19.7,1.7,2.4,5.5,Tyler Johnson,26,Tyler Johnson,PG
4.9,0.9,4.4,.426,7.4,.503,4.3,8.6,.353,3.1,8.9,17.4,.693,2.7,3.8,3.1,44,10,1123,0.8,105,20.7,1.7,2.7,5.3,Tyler Johnson,26,Tyler Johnson,PG
6.4,0.7,4.4,.368,5.4,.406,3.3,8.1,.321,2.1,6.6,14.7,.872,4.0,4.6,2.9,13,12,406,1.8,112,16.9,1.6,1.6,6.1,Tyler Johnson,26,Tyler Johnson,PG
2.0,1.1,5.3,.352,3.9,.385,1.8,4.6,.329,2.2,6.7,11.2,.684,1.1,1.7,5.5,38,13,534,1.1,94,11.2,1.2,1.6,6.3,Wesley Johnson,31,Wesley Johnson,SF
2.0,0.9,5.4,.398,4.3,.421,2.0,4.7,.380,2.3,6.2,10.8,.667,0.7,1.1,5.5,26,13,377,1.2,102,11.7,1.5,1.5,6.7,Wesley Johnson,31,Wesley Johnson,SF
2.1,1.5,4.8,.250,3.0,.286,1.2,4.2,.231,1.8,7.8,12.1,.700,2.1,3.0,5.4,12,0,157,0.6,77,10.0,0.6,1.8,5.4,Wesley Johnson,31,Wesley Johnson,SF
11.4,1.1,12.5,.511,12.1,.569,10.5,18.4,.307,1.6,5.3,23.7,.821,5.7,6.9,4.5,80,80,2504,4.5,119,31.5,2.1,4.9,17.0,Nikola Jokić,23,Nikola Jokić,C
3.2,2.9,5.1,.716,6.1,.716,6.1,8.6,,0.0,0.0,8.6,.649,2.8,4.3,7.3,24,22,410,3.6,137,15.1,1.4,1.9,8.7,Damian Jones,23,Damian Jones,C
1.6,1.8,6.1,.494,6.8,.567,5.6,9.9,.308,1.2,3.9,13.7,.607,3.1,5.2,5.2,60,14,1153,4.1,113,17.9,1.9,1.8,10.2,Derrick Jones,21,Derrick Jones,SF
1.6,0.5,5.3,.419,6.0,.471,3.7,7.9,.357,2.3,6.5,14.4,.704,4.4,6.3,6.3,16,0,214,2.6,111,18.8,2.1,1.9,7.9,Jalen Jones,25,Jalen Jones,SF
4.2,1.6,10.7,.364,3.9,.435,3.3,7.5,.200,0.7,3.3,10.7,.500,0.3,0.7,3.3,6,2,143,5.2,102,8.8,2.3,1.6,15.9,Jemerrio Jones,23,Jemerrio Jones,SF
0.0,0.0,39.2,.250,9.8,.500,9.8,19.6,.000,0.0,19.6,39.2,.000,0.0,9.8,9.8,2,0,5,0.0,38,19.6,0.0,9.8,39.2,Terrence Jones,27,Terrence Jones,PF
10.0,0.2,3.4,.415,5.7,.453,4.5,9.8,.317,1.2,3.9,13.7,.841,1.8,2.1,2.4,68,23,1560,0.7,116,14.4,2.5,1.4,4.1,Tyus Jones,22,Tyus Jones,PG
3.7,1.7,16.0,.641,6.8,.641,6.8,10.6,,0.0,0.0,10.6,.705,4.4,6.2,4.0,69,69,2047,5.3,122,17.9,1.0,3.6,21.3,DeAndre Jordan,30,DeAndre Jordan,C
3.1,1.7,16.4,.644,6.5,.644,6.5,10.1,,0.0,0.0,10.1,.682,4.2,6.2,3.9,50,50,1554,5.0,121,17.2,1.0,3.5,21.4,DeAndre Jordan,30,DeAndre Jordan,C
5.6,2.0,14.9,.634,7.6,.634,7.6,12.0,,0.0,0.0,12.0,.773,5.0,6.5,4.1,19,19,493,6.3,125,20.2,0.9,4.1,21.1,DeAndre Jordan,30,DeAndre Jordan,C
7.6,0.5,5.7,.412,5.4,.454,4.1,8.9,.322,1.3,4.1,13.0,.698,0.7,1.0,3.1,82,9,2063,0.9,105,12.7,2.2,1.9,6.6,Cory Joseph,27,Cory Joseph,PG
4.1,0.8,8.0,.463,8.9,.553,5.7,10.2,.360,3.2,9.0,19.2,.738,5.1,6.9,4.4,47,0,755,2.5,115,26.1,0.8,2.6,10.5,Frank Kaminsky,25,Frank Kaminsky,C
3.4,0.8,11.8,.549,11.0,.562,10.7,19.1,.294,0.3,1.0,20.1,.787,4.6,5.8,4.9,67,31,1640,7.6,118,26.9,0.9,3.5,19.4,Enes Kanter,26,Enes Kanter,C
3.6,0.7,12.4,.536,10.7,.547,10.4,19.1,.318,0.3,0.9,20.0,.814,4.5,5.5,4.5,44,23,1128,7.3,117,26.2,0.8,3.4,19.7,Enes Kanter,26,Enes Kanter,C
3.0,0.9,10.6,.577,11.7,.596,11.4,19.2,.250,0.3,1.1,20.3,.735,4.7,6.4,5.8,23,8,512,8.1,122,28.5,1.3,3.7,18.7,Enes Kanter,26,Enes Kanter,C
3.9,0.3,5.9,.438,7.8,.486,4.2,8.6,.394,3.6,9.2,17.8,.836,1.7,2.1,3.2,63,10,1437,0.4,110,21.0,0.9,2.0,6.3,Luke Kennard,22,Luke Kennard,SG
,,,,,,,,,,,,,,,,,,,,,,,,,,,,
2.5,1.6,6.5,.476,6.5,.498,5.9,11.8,.340,0.7,1.9,13.7,.772,3.9,5.1,6.4,64,3,1179,3.6,115,17.6,1.3,1.8,10.1,Michael Kidd-Gilchrist,25,Michael Kidd-Gilchrist,PF
0.0,0.0,8.0,,0.0,,0.0,0.0,,0.0,0.0,0.0,,0.0,0.0,0.0,1,0,6,0.0,,0.0,0.0,0.0,8.0,George King,25,George King,SF
2.3,2.5,7.7,.453,5.7,.583,3.2,5.4,.353,2.5,7.0,12.5,.784,1.9,2.4,4.6,71,18,1502,2.9,115,15.7,1.2,1.7,10.6,Maxi Kleber,27,Maxi Kleber,PF
4.8,0.1,3.3,.381,6.7,.443,3.9,8.8,.318,2.8,8.7,17.5,.794,1.8,2.3,4.2,39,26,736,0.7,101,17.9,1.4,2.0,4.0,Brandon Knight,27,Brandon Knight,PG
3.7,0.0,3.3,.234,4.6,.400,2.5,6.2,.156,2.1,13.3,19.5,.818,3.7,4.6,5.8,12,0,118,0.4,78,15.0,0.8,2.1,3.7,Brandon Knight,27,Brandon Knight,PG
5.0,0.2,3.3,.413,7.1,.448,4.2,9.3,.371,2.9,7.8,17.1,.783,1.4,1.8,3.9,27,26,618,0.7,106,18.5,1.5,2.0,4.0,Brandon Knight,27,Brandon Knight,PG
1.8,0.5,6.1,.370,7.5,.387,4.8,12.3,.343,2.8,8.1,20.4,.717,3.6,5.0,3.9,75,57,2158,1.4,93,21.5,1.0,2.5,7.5,Kevin Knox,19,Kevin Knox,PF
3.6,0.1,6.3,.400,6.8,.505,3.5,7.0,.326,3.3,10.0,17.0,.818,2.5,3.1,4.3,48,7,679,1.1,108,19.4,2.0,1.7,7.4,Furkan Korkmaz,21,Furkan Korkmaz,SG
3.3,2.6,6.6,.378,6.6,.411,2.3,5.5,.363,4.3,11.9,17.4,.826,2.3,2.8,2.5,46,18,784,1.7,110,19.8,1.7,1.5,8.3,Luke Kornet,23,Luke Kornet,PF
2.9,0.4,5.5,.416,7.3,.467,2.3,4.9,.397,5.0,12.6,17.4,.822,2.2,2.6,3.8,70,0,1334,0.3,109,21.7,0.9,2.1,5.9,Kyle Korver,37,Kyle Korver,SG-PF
3.4,0.4,5.7,.461,6.9,.455,2.0,4.4,.463,4.9,10.7,15.0,.813,2.6,3.2,4.4,16,0,251,0.0,112,21.4,0.6,3.4,5.7,Kyle Korver,37,Kyle Korver,PF
2.8,0.4,5.5,.408,7.3,.469,2.3,5.0,.384,5.0,13.0,18.0,.825,2.1,2.5,3.7,54,0,1083,0.4,109,21.7,1.0,1.9,5.9,Kyle Korver,37,Kyle Korver,SG
3.3,1.7,11.6,.477,6.8,.477,6.8,14.2,,0.0,0.0,14.2,.417,0.9,2.2,6.3,42,1,502,4.8,101,14.5,1.4,2.5,16.4,Kosta Koufos,29,Kosta Koufos,C
1.9,0.9,7.0,.450,7.4,.543,5.3,9.7,.315,2.1,6.8,16.5,.783,2.6,3.4,5.4,63,46,1294,2.1,102,19.6,1.5,2.8,9.0,Rodions Kurucs,20,Rodions Kurucs,SF
3.6,0.5,6.5,.456,10.0,.553,7.4,13.4,.303,2.6,8.5,21.9,.752,3.8,5.0,3.4,70,68,2314,1.2,106,26.3,0.8,2.7,7.7,Kyle Kuzma,23,Kyle Kuzma,PF
3.0,1.6,9.1,.531,7.0,.556,5.4,9.7,.462,1.6,3.5,13.1,.529,2.4,4.6,7.8,22,1,176,2.4,108,18.0,1.3,3.0,11.5,Skal Labissière,22,Skal Labissière,PF
2.5,1.2,8.2,.433,5.4,.474,3.7,7.8,.364,1.6,4.5,12.4,.545,2.5,4.5,8.6,13,0,113,1.6,96,14.8,0.8,2.9,9.9,Skal Labissière,22,Skal Labissière,PF
3.8,2.3,10.8,.684,10.0,.647,8.5,13.1,1.000,1.5,1.5,14.6,.500,2.3,4.6,6.2,9,1,63,3.8,129,23.8,2.3,3.1,14.6,Skal Labissière,22,Skal Labissière,PF
3.7,0.7,8.0,.440,9.3,.487,6.8,14.0,.348,2.5,7.1,21.2,.888,5.0,5.6,3.0,79,55,2250,1.4,113,26.1,1.9,1.7,9.4,Jeremy Lamb,26,Jeremy Lamb,SG
6.3,0.6,5.7,.467,11.8,.504,9.2,18.2,.374,2.7,7.2,25.4,.832,7.0,8.4,3.1,63,62,2171,0.9,106,33.3,1.3,4.8,6.6,Zach LaVine,23,Zach LaVine,SG
1.9,1.1,5.9,.509,7.9,.646,5.7,8.9,.326,2.2,6.6,15.5,.704,1.8,2.6,4.2,71,33,1327,2.0,118,19.7,1.1,1.7,7.9,Jake Layman,24,Jake Layman,SF
2.2,1.8,7.7,.541,9.3,.599,8.5,14.2,.258,0.7,2.9,17.1,.613,1.8,2.9,3.3,58,1,522,4.0,119,21.1,0.8,1.1,11.7,T.J. Leaf,21,T.J. Leaf,PF
4.2,0.3,5.1,.411,6.0,.500,4.2,8.4,.291,1.8,6.2,14.6,.667,1.6,2.4,3.6,34,6,428,1.0,103,15.4,2.4,1.6,6.1,Courtney Lee,33,Courtney Lee,SG
4.8,0.6,6.3,.447,6.3,.516,4.8,9.3,.313,1.5,4.8,14.2,.643,2.7,4.2,3.9,12,2,160,1.8,112,16.9,2.4,1.5,8.1,Courtney Lee,33,Courtney Lee,SG
3.8,0.2,4.3,.390,5.8,.488,3.8,7.8,.282,2.0,7.1,14.8,.714,0.9,1.3,3.4,22,4,268,0.5,97,14.5,2.4,1.6,4.9,Courtney Lee,33,Courtney Lee,SG
1.6,0.0,7.1,.441,7.1,.492,3.7,7.5,.397,3.4,8.6,16.1,.864,2.4,2.8,3.6,32,0,375,1.0,112,20.0,1.6,1.4,8.1,Damion Lee,26,Damion Lee,SG
8.7,0.3,6.7,.437,11.0,.439,10.5,23.8,.400,0.6,1.5,25.3,.727,2.3,3.2,4.1,6,3,167,1.2,98,25.0,3.2,2.9,7.8,Walt Lemon,26,Walt Lemon,PG
2.6,2.1,8.0,.494,9.6,.554,7.4,13.3,.363,2.2,6.1,19.4,.648,4.2,6.5,6.0,77,31,1544,4.7,113,25.6,0.8,2.9,12.7,Alex Len,25,Alex Len,C
,,,,,,,,,,,,,,,,,,,,,,,,,,,,
4.7,0.6,8.5,.496,13.2,.542,10.5,19.4,.371,2.6,7.1,26.5,.854,8.6,10.0,2.0,60,60,2040,1.8,119,37.5,2.5,2.8,10.3,Kawhi Leonard,27,Kawhi Leonard,SF
4.1,0.5,10.1,.545,7.3,.626,4.5,7.2,.450,2.8,6.1,13.3,.843,2.4,2.8,5.8,61,2,878,2.7,129,19.7,0.7,2.4,12.9,Meyers Leonard,26,Meyers Leonard,C
1.7,0.5,8.6,.584,8.1,.637,8.0,12.5,.091,0.1,1.3,13.9,.742,2.8,3.8,7.4,41,1,402,3.3,113,19.1,1.5,2.8,11.9,Jon Leuer,29,Jon Leuer,PF
7.0,0.6,5.2,.429,9.3,.483,7.1,14.7,.312,2.1,6.9,21.6,.691,3.8,5.5,3.4,40,25,1063,1.6,105,24.5,1.9,3.1,6.8,Caris LeVert,24,Caris LeVert,SF
9.4,0.6,5.2,.444,11.6,.499,7.6,15.2,.369,4.0,11.0,26.2,.912,8.0,8.8,2.5,80,80,2838,1.2,121,35.3,1.5,3.6,6.3,Damian Lillard,28,Damian Lillard,PG
7.5,0.4,5.1,.440,7.7,.517,6.0,11.5,.294,1.8,6.1,17.6,.838,5.7,6.8,4.7,74,4,1436,0.7,108,23.0,1.5,4.0,5.8,Jeremy Lin,30,Jeremy Lin,PG
8.3,0.3,4.7,.466,8.3,.535,6.3,11.7,.333,2.0,6.1,17.8,.845,6.5,7.7,4.4,51,1,1003,0.7,112,25.2,1.8,4.5,5.5,Jeremy Lin,30,Jeremy Lin,PG
5.5,0.7,6.0,.374,6.4,.470,5.2,11.1,.200,1.2,6.1,17.2,.810,3.8,4.6,5.3,23,3,433,0.7,96,17.8,1.0,2.9,6.6,Jeremy Lin,30,Jeremy Lin,PG
5.6,1.3,3.7,.519,5.4,.524,5.4,10.2,.000,0.0,0.1,10.3,.784,2.0,2.5,3.6,64,0,967,2.1,118,12.7,1.5,1.9,5.8,Shaun Livingston,33,Shaun Livingston,PG
0.0,0.0,0.0,.000,0.0,,0.0,0.0,.000,0.0,12.3,12.3,,0.0,0.0,0.0,1,0,4,0.0,0,0.0,12.3,12.3,0.0,Zach Lofton,26,Zach Lofton,SG
4.0,1.7,7.2,.625,7.0,.641,6.9,10.8,.100,0.0,0.3,11.1,.619,2.1,3.4,6.8,80,24,1481,6.2,135,16.1,1.5,1.6,13.4,Kevon Looney,22,Kevon Looney,C
2.0,3.6,7.3,.452,7.1,.613,3.4,5.5,.365,3.7,10.2,15.7,.842,2.2,2.7,3.8,81,81,2322,0.7,113,20.2,1.0,1.6,7.9,Brook Lopez,30,Brook Lopez,C
2.7,2.4,4.4,.568,9.2,.589,9.0,15.2,.226,0.2,0.9,16.2,.724,2.7,3.7,3.7,74,36,1606,4.2,113,21.3,0.3,2.9,8.6,Robin Lopez,30,Robin Lopez,C
4.0,0.4,17.1,.385,9.1,.412,4.7,11.3,.361,4.4,12.2,23.5,.904,8.6,9.5,4.5,22,21,598,2.7,112,31.1,0.5,3.5,19.9,Kevin Love,30,Kevin Love,PF
12.2,0.7,5.9,.411,6.6,.514,3.2,6.2,.347,3.4,9.8,16.0,.830,3.5,4.2,3.6,65,65,2213,0.9,115,20.1,2.0,3.9,6.8,Kyle Lowry,32,Kyle Lowry,PG
5.2,0.0,7.0,.444,7.0,.400,3.5,8.7,.500,3.5,7.0,15.7,.818,7.8,9.6,4.4,12,0,55,0.9,130,25.3,0.0,1.7,7.8,Jordan Loyd,25,Jordan Loyd,PG
8.2,0.0,24.6,.000,0.0,,0.0,0.0,.000,0.0,8.2,8.2,1.000,16.4,16.4,8.2,1,0,6,0.0,140,16.4,0.0,0.0,24.6,Kalin Lucas,29,Kalin Lucas,PG
1.9,0.6,6.2,.376,5.9,.451,3.3,7.3,.310,2.6,8.3,15.7,.756,2.2,3.0,5.3,50,7,669,0.8,97,16.6,1.4,1.5,7.0,Timothé Luwawu-Cabarrot,23,Timothé Luwawu-Cabarrot,SF
1.5,0.4,5.3,.302,4.9,.381,3.0,8.0,.227,1.9,8.3,16.3,.667,1.5,2.3,5.3,21,1,123,1.5,82,13.3,1.5,1.9,6.8,Timothé Luwawu-Cabarrot,23,Timothé Luwawu-Cabarrot,SF
2.0,0.6,6.4,.394,6.1,.469,3.4,7.2,.330,2.8,8.3,15.5,.771,2.4,3.1,5.2,29,6,546,0.6,101,17.4,1.3,1.4,7.0,Timothé Luwawu-Cabarrot,23,Timothé Luwawu-Cabarrot,SF
3.1,0.0,5.7,.500,4.7,.625,2.6,4.2,.400,2.1,5.2,9.4,.333,0.5,1.6,5.2,25,0,94,3.7,116,12.0,1.0,2.1,9.4,Tyler Lydon,22,Tyler Lydon,PF
3.8,1.0,8.9,.418,9.1,.529,6.8,12.9,.255,2.2,8.8,21.7,.698,3.6,5.1,4.1,64,2,1120,1.9,100,23.9,1.3,3.0,10.8,Trey Lyles,23,Trey Lyles,PF
7.3,0.0,0.0,.667,9.8,.600,7.3,12.2,1.000,2.4,2.4,14.7,1.000,2.4,2.4,4.9,4,0,19,0.0,165,24.5,2.4,0.0,0.0,Scott Machado,28,Scott Machado,PG
7.3,0.2,3.4,.404,6.5,.429,4.7,10.9,.354,1.8,5.2,16.1,.690,2.3,3.3,3.3,57,3,1246,0.7,100,17.1,1.9,2.6,4.1,Shelvin Mack,28,Shelvin Mack,PG
7.5,0.2,3.5,.414,6.6,.441,4.7,10.8,.359,1.9,5.3,16.1,.707,2.2,3.1,3.3,53,3,1204,0.7,102,17.4,1.9,2.6,4.2,Shelvin Mack,28,Shelvin Mack,PG
1.2,0.0,2.3,.143,2.3,.167,2.3,13.9,.000,0.0,2.3,16.2,.556,5.8,10.4,3.5,4,0,42,0.0,47,10.4,2.3,4.6,2.3,Shelvin Mack,28,Shelvin Mack,PG
,,,,,,,,,,,,,,,,,,,,,,,,,,,,
3.8,0.0,5.4,.370,5.4,.313,2.7,8.6,.455,2.7,5.9,14.6,.571,2.2,3.8,4.3,8,0,90,1.1,92,15.6,0.5,3.2,6.5,Daryl Macon,23,Daryl Macon,SG
5.7,0.0,8.6,.333,8.6,.600,8.6,14.3,.000,0.0,11.4,25.7,,0.0,0.0,0.0,2,0,17,0.0,81,17.2,0.0,0.0,8.6,J.P. Macura,23,J.P. Macura,SG
2.4,1.5,7.6,.452,4.5,.500,4.2,8.4,.188,0.3,1.5,9.9,.689,4.0,5.8,8.0,34,6,498,4.6,113,13.2,2.4,2.0,12.2,Ian Mahinmi,32,Ian Mahinmi,C
2.2,2.5,8.0,.407,5.4,.522,3.0,5.7,.320,2.4,7.6,13.3,.667,2.8,4.2,5.2,64,5,972,2.0,108,16.0,1.0,1.6,10.0,Thon Maker,21,Thon Maker,C-PF
2.0,2.0,9.0,.440,6.7,.589,3.7,6.4,.333,3.0,8.9,15.2,.541,2.3,4.2,6.2,35,0,409,1.9,112,18.6,1.1,1.0,10.9,Thon Maker,21,Thon Maker,C
2.4,2.9,7.2,.373,4.4,.458,2.4,5.2,.307,2.0,6.6,11.7,.766,3.2,4.1,4.4,29,5,563,2.1,104,13.9,1.0,2.1,9.3,Thon Maker,21,Thon Maker,PF
3.7,1.9,12.3,.615,11.1,.624,10.8,17.3,.400,0.3,0.7,18.0,.748,6.8,9.1,6.2,58,12,681,6.0,123,29.3,1.1,4.1,18.4,Boban Marjanović,30,Boban Marjanović,C
2.8,2.1,12.2,.607,10.7,.616,10.7,17.3,.000,0.0,0.3,17.6,.758,9.0,11.9,7.2,36,9,376,6.9,122,30.4,1.4,4.6,19.1,Boban Marjanović,30,Boban Marjanović,C
5.0,1.5,12.5,.625,11.6,.634,11.0,17.3,.500,0.6,1.2,18.6,.722,4.0,5.6,5.1,22,3,305,5.0,125,27.9,0.8,3.4,17.5,Boban Marjanović,30,Boban Marjanović,C
2.2,1.0,11.4,.430,9.9,.479,6.4,13.3,.361,3.5,9.6,22.9,.872,4.9,5.6,3.5,52,51,1682,2.1,107,28.1,1.1,2.5,13.6,Lauri Markkanen,21,Lauri Markkanen,PF
2.7,1.2,9.3,.413,6.4,.489,3.4,7.0,.351,3.0,8.5,15.5,.818,1.3,1.6,7.6,42,1,328,1.6,105,17.2,0.4,1.6,10.9,Jarell Martin,24,Jarell Martin,PF
9.0,0.4,4.0,.420,7.6,.543,6.1,11.2,.219,1.5,6.8,18.1,.684,4.2,6.1,3.6,38,0,435,0.6,102,20.9,1.7,3.9,4.6,Frank Mason,24,Frank Mason,PG
0.0,0.0,7.5,.250,3.8,.333,3.8,11.3,.000,0.0,3.8,15.0,,0.0,0.0,0.0,2,0,13,3.8,70,7.5,3.8,0.0,11.3,Yante Maten,22,Yante Maten,PF
3.7,0.4,3.2,.400,6.5,.437,3.0,6.9,.372,3.5,9.4,16.2,.810,3.1,3.8,3.7,69,68,2091,0.7,107,19.5,1.3,2.1,4.0,Wesley Matthews,32,Wesley Matthews,SF-SG
3.7,0.4,3.0,.414,7.2,.456,3.5,7.6,.380,3.7,9.7,17.3,.791,3.2,4.1,3.8,44,44,1312,0.7,109,21.3,1.2,2.1,3.8,Wesley Matthews,32,Wesley Matthews,SF
4.5,0.9,1.8,.211,3.6,.222,1.8,8.0,.200,1.8,8.9,17.0,.800,3.6,4.5,1.8,2,1,54,0.9,78,12.5,0.9,1.8,2.7,Wesley Matthews,32,Wesley Matthews,SG
3.7,0.3,3.6,.386,5.5,.413,2.2,5.4,.369,3.2,8.8,14.2,.854,2.8,3.2,3.8,23,23,725,0.7,106,16.9,1.3,2.1,4.4,Wesley Matthews,32,Wesley Matthews,SG
1.5,0.8,3.9,.444,6.2,.500,4.6,9.3,.333,1.5,4.6,13.9,.400,1.5,3.9,6.2,4,0,61,1.5,98,15.5,0.8,1.5,5.4,Luc Mbah a Moute,32,Luc Mbah a Moute,PF
0.0,0.0,5.9,.667,11.9,1.000,11.9,11.9,.000,0.0,5.9,17.8,.000,0.0,5.9,11.9,1,0,8,0.0,108,23.8,0.0,0.0,5.9,Tahjere McCall,24,Tahjere McCall,SG
3.5,0.2,5.0,.413,3.2,.486,2.1,4.2,.321,1.1,3.4,7.6,.867,1.6,1.8,4.6,29,1,397,0.8,102,9.0,2.8,2.1,5.8,Patrick McCaw,23,Patrick McCaw,SG
1.9,0.0,2.8,.222,1.9,.200,0.9,4.7,.250,0.9,3.7,8.4,,0.0,0.0,0.9,3,0,53,0.0,52,4.7,1.9,2.8,2.8,Patrick McCaw,23,Patrick McCaw,SG
3.8,0.3,5.3,.444,3.3,.533,2.2,4.2,.333,1.1,3.3,7.5,.867,1.8,2.1,5.2,26,1,344,1.0,110,9.6,2.9,2.0,6.3,Patrick McCaw,23,Patrick McCaw,SG
4.2,0.6,4.5,.459,11.6,.506,8.2,16.3,.375,3.4,9.1,25.3,.828,3.2,3.9,3.5,70,70,2375,1.3,113,29.9,1.1,2.2,5.8,CJ McCollum,27,CJ McCollum,SG
8.3,0.5,4.7,.525,7.1,.546,6.6,12.1,.333,0.4,1.3,13.5,.784,0.9,1.2,3.4,76,3,1470,0.9,110,15.5,2.5,2.9,5.6,T.J. McConnell,26,T.J. McConnell,PG
2.4,0.3,3.4,.491,7.6,.569,4.5,7.9,.408,3.1,7.5,15.4,.835,2.4,2.9,3.8,77,1,1340,0.6,117,20.6,0.7,1.5,4.0,Doug McDermott,27,Doug McDermott,SF
1.4,4.1,10.3,.624,11.1,.634,11.1,17.5,.083,0.0,0.3,17.9,.632,2.7,4.2,5.8,75,62,1671,5.4,117,25.0,1.3,3.0,15.8,JaVale McGee,31,JaVale McGee,C
3.5,0.4,5.6,.403,5.9,.453,3.4,7.4,.351,2.5,7.1,14.5,.722,1.6,2.3,3.6,66,45,1550,1.9,104,15.9,1.1,2.0,7.5,Rodney McGruder,27,Rodney McGruder,SG
1.5,0.7,7.9,.487,6.4,.586,4.4,7.4,.356,2.0,5.6,13.0,.563,1.3,2.3,6.4,72,5,1003,3.8,116,16.0,0.9,1.4,11.7,Alfonzo McKinnie,26,Alfonzo McKinnie,SF
1.2,0.9,4.1,.391,7.4,.348,2.4,6.8,.415,5.0,12.1,18.9,.667,2.4,3.5,6.5,19,0,158,0.9,105,22.1,1.8,1.5,5.0,Ben McLemore,25,Ben McLemore,SG
,,,,,,,,,,,,,,,,,,,,,,,,,,,,
4.3,1.0,4.8,.469,8.7,.537,7.3,13.5,.286,1.4,5.0,18.5,.800,4.0,5.0,3.7,27,0,333,0.9,109,22.8,1.8,2.1,5.7,Jordan McRae,27,Jordan McRae,SG
3.7,0.5,5.1,.538,9.7,.619,6.0,9.7,.444,3.7,8.3,18.0,1.000,0.5,0.5,2.3,8,0,104,0.5,127,23.5,0.5,0.9,5.5,Jodie Meeks,31,Jodie Meeks,SG
4.3,3.2,11.5,.491,6.7,.564,5.3,9.5,.324,1.3,4.1,13.6,.625,2.4,3.9,6.7,36,4,399,4.4,114,17.1,1.2,2.6,15.9,Salah Mejri,32,Salah Mejri,C
7.7,1.1,5.3,.391,4.9,.441,3.4,7.8,.305,1.4,4.6,12.4,.750,1.0,1.4,5.5,50,31,984,1.2,93,12.1,3.3,3.6,6.5,De'Anthony Melton,20,De'Anthony Melton,PG
4.4,0.7,9.1,.328,6.4,.339,6.4,18.9,.000,0.0,0.7,19.5,.765,4.4,5.7,4.7,29,0,145,3.0,79,17.2,2.0,5.1,12.1,Chimezie Metu,21,Chimezie Metu,PF
6.4,0.1,8.0,.441,9.8,.485,6.4,13.1,.378,3.5,9.2,22.3,.837,4.2,5.0,3.3,77,77,2393,1.0,109,27.3,1.6,3.4,9.0,Khris Middleton,27,Khris Middleton,SF
2.0,0.9,4.6,.360,6.3,.417,2.6,6.1,.330,3.8,11.5,17.6,.828,2.7,3.3,4.5,53,1,856,0.7,99,19.2,1.5,1.7,5.4,C.J. Miles,31,C.J. Miles,SF
1.9,0.9,4.8,.340,6.0,.391,2.3,5.9,.314,3.7,11.7,17.6,.795,3.0,3.8,5.3,40,1,562,1.0,97,18.6,1.5,1.8,5.8,C.J. Miles,31,C.J. Miles,SF
2.4,0.8,4.4,.400,7.1,.462,3.0,6.6,.364,4.1,11.2,17.7,.929,2.2,2.4,2.9,13,0,294,0.2,104,20.5,1.4,1.5,4.6,C.J. Miles,31,C.J. Miles,SF
3.9,0.6,3.0,.390,5.0,.467,1.5,3.2,.365,3.5,9.6,12.8,.789,1.5,1.9,4.4,69,15,1757,0.4,110,15.0,1.1,1.6,3.4,Darius Miller,28,Darius Miller,SF
0.7,0.7,2.9,.423,7.9,.200,0.7,3.6,.476,7.2,15.0,18.6,.750,2.1,2.9,3.6,10,0,67,0.7,122,25.0,0.7,0.7,3.6,Malcolm Miller,25,Malcolm Miller,SF
6.3,0.3,4.0,.425,7.2,.475,3.1,6.6,.394,4.1,10.3,17.0,.854,2.3,2.6,3.3,82,1,1908,0.6,112,20.8,1.3,2.4,4.7,Patty Mills,30,Patty Mills,PG
3.7,1.4,9.1,.484,8.3,.522,6.8,13.1,.365,1.5,4.1,17.2,.727,4.7,6.5,4.7,70,65,1895,4.0,116,22.9,2.2,2.5,13.1,Paul Millsap,33,Paul Millsap,PF
3.2,1.4,4.6,.391,6.0,.465,3.5,7.6,.318,2.5,7.8,15.3,.714,0.9,1.2,5.1,20,0,268,1.6,105,15.3,1.4,1.1,6.2,Shake Milton,22,Shake Milton,SG
2.1,1.3,10.4,.439,8.9,.545,4.6,8.4,.365,4.3,11.9,20.2,.847,3.9,4.6,4.0,46,25,1245,2.2,115,26.0,1.2,1.8,12.7,Nikola Mirotić,27,Nikola Mirotić,PF
1.8,1.3,11.0,.447,9.1,.551,4.9,8.8,.368,4.3,11.6,20.5,.842,4.3,5.1,4.3,32,22,925,2.3,116,26.8,1.1,1.9,13.3,Nikola Mirotić,27,Nikola Mirotić,PF
2.9,1.3,8.9,.415,8.1,.521,3.6,7.0,.356,4.5,12.6,19.6,.870,2.9,3.3,3.0,14,3,320,2.0,113,23.7,1.5,1.6,10.9,Nikola Mirotić,27,Nikola Mirotić,PF
5.9,0.6,4.7,.432,12.2,.468,8.7,18.6,.362,3.5,9.6,28.2,.806,5.9,7.3,3.8,77,77,2598,1.1,104,33.7,2.0,4.0,5.8,Donovan Mitchell,22,Donovan Mitchell,SG
8.5,0.6,2.8,.300,3.4,.444,2.3,5.1,.182,1.1,6.3,11.4,1.000,1.1,1.1,5.7,14,0,84,0.6,81,9.1,0.6,4.6,3.4,Naz Mitrou-Long,25,Naz Mitrou-Long,SG
4.5,0.7,4.7,.387,8.8,.461,4.6,9.9,.330,4.2,12.8,22.7,.882,3.5,3.9,4.1,73,0,1258,0.6,99,25.2,1.4,3.3,5.3,Malik Monk,20,Malik Monk,SG
2.4,0.8,10.5,.487,9.2,.495,9.1,18.3,.200,0.1,0.5,18.8,.625,4.5,7.2,6.6,43,2,480,6.7,107,22.9,1.4,3.2,17.1,Greg Monroe,28,Greg Monroe,C
1.8,0.9,10.9,.460,8.4,.471,8.4,17.8,.000,0.0,0.5,18.2,.574,4.0,6.9,6.9,38,2,423,6.8,101,20.7,1.5,3.5,17.7,Greg Monroe,28,Greg Monroe,C
9.6,0.0,0.0,.600,28.9,.600,28.9,48.2,,0.0,0.0,48.2,,0.0,0.0,0.0,2,0,5,28.9,142,57.8,0.0,0.0,28.9,Greg Monroe,28,Greg Monroe,C
6.4,0.0,8.2,.652,13.6,.636,12.7,20.0,1.000,0.9,0.9,20.9,.909,9.1,10.0,4.5,3,0,52,3.6,154,37.2,0.9,0.9,11.8,Greg Monroe,28,Greg Monroe,C
3.2,0.3,2.9,.481,8.1,.506,5.7,11.3,.432,2.4,5.6,16.9,.763,1.4,1.9,3.6,53,36,1463,1.1,110,20.1,1.3,1.9,4.0,E'Twaun Moore,29,E'Twaun Moore,SG
4.5,1.1,17.8,.429,3.3,.333,2.2,6.7,1.000,1.1,1.1,7.8,,0.0,0.0,10.0,5,0,43,4.5,86,7.8,1.1,5.6,22.3,Eric Moreland,27,Eric Moreland,PF
0.0,0.0,28.6,,0.0,,0.0,0.0,,0.0,0.0,0.0,,0.0,0.0,9.5,1,0,5,0.0,,0.0,0.0,0.0,28.6,Eric Moreland,27,Eric Moreland,PF
5.0,1.3,16.4,.429,3.8,.333,2.5,7.6,1.000,1.3,1.3,8.8,,0.0,0.0,10.1,4,0,38,5.0,86,8.8,1.3,6.3,21.4,Eric Moreland,27,Eric Moreland,PF
6.4,0.0,8.0,.400,6.4,.429,4.8,11.2,.333,1.6,4.8,16.0,.500,1.6,3.2,1.6,4,0,29,0.0,100,16.0,3.2,1.6,8.0,Jaylen Morris,23,Jaylen Morris,SG
,,,,,,,,,,,,,,,,,,,,,,,,,,,,
2.5,0.6,8.8,.447,8.7,.508,5.3,10.5,.375,3.4,9.0,19.4,.844,3.4,4.0,4.2,75,53,2091,1.8,110,24.1,1.0,2.1,10.6,Marcus Morris,29,Marcus Morris,PF
2.9,0.8,7.6,.421,7.6,.484,5.0,10.4,.335,2.5,7.5,18.0,.772,2.6,3.4,6.5,58,16,1270,2.3,106,20.3,1.3,2.0,9.8,Markieff Morris,29,Markieff Morris,PF
3.2,1.1,7.1,.436,7.7,.516,5.1,9.9,.333,2.6,7.7,17.6,.781,3.1,3.9,6.3,34,15,883,2.2,106,21.0,1.3,2.5,9.3,Markieff Morris,29,Markieff Morris,PF
2.3,0.2,8.6,.391,7.4,.423,4.9,11.7,.339,2.4,7.1,18.8,.737,1.7,2.3,7.0,24,1,387,2.4,106,18.8,1.3,0.8,11.0,Markieff Morris,29,Markieff Morris,PF
7.4,0.1,4.0,.493,8.6,.531,6.3,11.8,.414,2.3,5.7,17.5,.802,1.6,2.0,2.5,82,6,1970,0.9,124,21.2,1.8,1.3,4.8,Monte Morris,23,Monte Morris,PG
3.8,3.8,3.8,.500,11.3,.500,11.3,22.5,,0.0,0.0,22.5,.000,0.0,7.5,22.5,3,0,13,7.5,72,22.5,0.0,11.3,11.3,Donatas Motiejūnas,28,Donatas Motiejūnas,PF
3.3,0.9,10.0,.534,11.8,.557,11.8,21.2,.000,0.0,0.9,22.1,.600,7.3,12.1,8.2,22,0,156,5.4,106,30.9,1.5,4.8,15.4,Johnathan Motley,23,Johnathan Motley,PF
6.8,0.6,4.9,.446,9.9,.492,7.8,15.9,.329,2.1,6.3,22.2,.774,4.3,5.6,3.1,59,42,1607,1.0,102,26.2,1.3,4.2,5.9,Emmanuel Mudiay,22,Emmanuel Mudiay,PG
7.3,0.5,5.1,.437,10.3,.476,7.2,15.2,.367,3.1,8.3,23.5,.848,3.8,4.5,3.1,75,74,2447,1.3,110,27.4,1.3,3.2,6.4,Jamal Murray,21,Jamal Murray,PG
2.4,0.0,4.9,.409,11.0,.667,9.8,14.6,.100,1.2,12.2,26.8,.000,0.0,2.4,1.2,9,0,39,1.2,75,23.2,2.4,4.9,6.1,Džanan Musa,19,Džanan Musa,SG
2.7,1.4,6.7,.402,5.2,.533,2.0,3.8,.348,3.2,9.2,13.0,.824,2.5,3.1,4.7,64,10,1306,2.1,113,16.2,0.8,1.7,8.8,Mike Muscala,27,Mike Muscala,PF
2.8,1.2,6.8,.392,4.9,.519,1.9,3.6,.342,3.1,9.0,12.6,.818,2.9,3.5,5.1,47,6,1041,2.3,112,15.8,0.8,2.0,9.1,Mike Muscala,27,Mike Muscala,PF
2.5,1.9,6.7,.434,6.3,.577,2.6,4.6,.368,3.7,10.0,14.6,.875,1.2,1.4,3.2,17,4,265,1.1,117,17.6,0.7,0.9,7.7,Mike Muscala,27,Mike Muscala,PF
3.9,0.1,2.9,.329,4.9,.333,1.8,5.4,.326,3.1,9.4,14.8,.600,1.3,2.1,2.7,42,0,440,1.0,92,14.1,1.5,2.2,3.8,Sviatoslav Mykhailiuk,21,Sviatoslav Mykhailiuk,SF
3.7,0.1,2.9,.333,4.9,.362,1.9,5.2,.318,3.0,9.4,14.6,.600,1.3,2.2,2.8,39,0,420,0.9,91,14.1,1.4,2.2,3.8,Sviatoslav Mykhailiuk,21,Sviatoslav Mykhailiuk,SF
9.9,0.0,2.5,.250,4.9,.000,0.0,9.9,.500,4.9,9.9,19.7,,0.0,0.0,0.0,3,0,20,2.5,96,14.8,2.5,2.5,4.9,Sviatoslav Mykhailiuk,21,Sviatoslav Mykhailiuk,SF
1.3,0.8,6.9,.423,6.1,.513,4.0,7.7,.320,2.2,6.7,14.5,.750,1.8,2.4,4.6,61,1,694,0.9,102,16.2,1.3,1.7,7.8,Abdel Nader,25,Abdel Nader,SF
5.9,1.1,10.6,.520,6.9,.567,6.0,10.5,.337,0.9,2.7,13.3,.716,2.7,3.7,5.3,67,30,1795,4.6,120,17.3,2.8,2.7,15.3,Larry Nance,26,Larry Nance,C
6.9,0.8,4.0,.389,8.2,.449,4.5,10.0,.333,3.7,11.0,21.1,.833,5.6,6.7,3.2,56,2,983,0.9,109,25.6,2.0,3.2,4.8,Shabazz Napier,27,Shabazz Napier,PG
9.4,0.4,5.7,.460,7.5,.535,5.5,10.2,.333,2.0,6.1,16.3,.848,2.8,3.3,4.9,37,1,474,0.6,111,19.8,1.4,3.5,6.3,Raul Neto,26,Raul Neto,PG
3.2,0.6,7.0,.475,8.0,.566,4.0,7.0,.410,4.0,9.7,16.8,.833,1.9,2.2,5.3,59,0,516,1.0,115,21.8,0.9,2.1,8.1,Georges Niang,25,Georges Niang,PF
6.4,2.2,12.9,.516,7.9,.519,7.9,15.2,.000,0.0,0.1,15.3,.716,5.6,7.8,6.9,42,1,693,4.2,113,21.4,1.4,3.6,17.1,Joakim Noah,33,Joakim Noah,C
2.0,4.2,8.8,.587,7.2,.587,7.2,12.2,,0.0,0.0,12.2,.684,2.4,3.5,7.3,77,2,1055,5.6,122,16.7,2.9,2.1,14.4,Nerlens Noel,24,Nerlens Noel,C
2.1,1.1,9.3,.359,8.2,.415,4.3,10.4,.312,3.9,12.5,22.9,.780,2.4,3.1,4.6,51,20,795,0.3,96,22.8,0.5,1.1,9.6,Dirk Nowitzki,40,Dirk Nowitzki,PF
6.5,0.7,4.0,.337,5.1,.371,3.3,8.9,.287,1.8,6.1,15.0,.767,1.2,1.6,5.5,43,16,904,0.6,88,13.1,1.6,3.0,4.6,Frank Ntilikina,20,Frank Ntilikina,PG
3.3,0.0,2.4,.353,5.7,.444,1.9,4.3,.320,3.8,11.8,16.1,1.000,1.9,1.9,4.7,15,0,102,0.0,110,17.1,0.5,0.5,2.4,James Nunnally,28,James Nunnally,SF
3.7,0.0,3.0,.429,6.7,.500,3.0,6.0,.385,3.7,9.7,15.7,1.000,3.0,3.0,3.0,13,0,64,0.0,124,20.2,0.7,0.7,3.0,James Nunnally,28,James Nunnally,SF
2.6,0.0,1.3,.231,3.9,.000,0.0,1.3,.250,3.9,15.5,16.8,,0.0,0.0,7.7,2,0,38,0.0,83,11.6,0.0,0.0,1.3,James Nunnally,28,James Nunnally,SF
,,,,,,,,,,,,,,,,,,,,,,,,,,,,
5.7,2.5,12.4,.508,10.3,.523,10.2,19.6,.103,0.1,0.7,20.3,.773,6.9,9.0,6.1,72,72,1974,6.0,116,27.6,1.7,4.1,18.4,Jusuf Nurkić,24,Jusuf Nurkić,C
2.7,0.9,6.2,.481,6.4,.545,5.1,9.4,.320,1.2,3.8,13.2,.682,2.9,4.3,5.4,51,14,984,2.1,115,16.9,1.8,1.5,8.2,David Nwaba,26,David Nwaba,SG
3.6,0.7,7.5,.475,4.7,.569,2.7,4.8,.386,1.9,5.0,9.8,.762,0.9,1.2,4.9,82,16,1671,0.6,108,12.2,1.5,2.0,8.2,Royce O'Neale,25,Royce O'Neale,SF
7.4,3.3,11.9,.507,9.1,.548,9.0,16.3,.083,0.1,1.6,17.9,.810,2.2,2.8,9.0,45,3,371,3.8,106,20.6,1.2,4.1,15.7,Kyle O'Quinn,28,Kyle O'Quinn,C
1.9,0.3,5.0,.424,5.4,.565,3.2,5.6,.315,2.3,7.2,12.8,.615,1.9,3.2,3.5,56,3,594,1.9,106,15.1,0.8,1.5,7.0,Semi Ojeleye,24,Semi Ojeleye,PF
2.0,2.0,9.7,.586,10.5,.591,10.5,17.7,.200,0.0,0.2,18.0,.663,2.9,4.4,4.8,59,24,935,4.1,115,24.1,0.7,2.6,13.8,Jahlil Okafor,23,Jahlil Okafor,C
6.3,0.3,4.3,.393,5.7,.475,3.7,7.9,.295,1.9,6.6,14.5,.787,1.8,2.3,5.4,53,16,958,0.6,94,15.2,1.6,3.4,4.9,Élie Okobo,21,Élie Okobo,PG
2.5,0.9,4.8,.386,5.3,.464,3.7,8.0,.279,1.6,5.9,13.9,.728,3.2,4.4,4.5,74,52,1757,1.1,101,15.5,2.4,1.7,5.9,Josh Okogie,20,Josh Okogie,SG
7.9,0.5,7.7,.423,10.6,.470,7.5,15.9,.343,3.2,9.2,25.1,.730,4.4,6.0,3.1,36,36,1147,0.9,104,28.8,2.6,3.5,8.6,Victor Oladipo,26,Victor Oladipo,SG
3.8,1.0,8.2,.463,7.0,.604,4.0,6.6,.354,3.0,8.6,15.2,.822,4.1,5.0,4.9,79,36,1812,1.9,114,21.2,1.4,3.1,10.1,Kelly Olynyk,27,Kelly Olynyk,PF
4.0,0.2,6.3,.427,7.3,.489,4.7,9.6,.348,2.6,7.6,17.2,.779,2.9,3.7,4.0,76,75,2444,0.9,106,20.1,1.2,2.3,7.3,Cedi Osman,23,Cedi Osman,SF
2.1,1.5,6.2,.445,9.2,.530,6.6,12.4,.320,2.7,8.3,20.7,.775,4.6,6.0,4.5,69,19,1935,1.7,105,25.8,2.1,2.5,8.0,Kelly Oubre,23,Kelly Oubre,SF
1.3,1.3,6.6,.433,8.3,.526,5.7,10.9,.311,2.6,8.3,19.1,.800,4.3,5.3,4.5,29,7,755,1.5,105,23.4,1.7,1.9,8.1,Kelly Oubre,23,Kelly Oubre,SF
2.6,1.6,6.0,.453,9.8,.532,7.1,13.4,.325,2.7,8.3,21.7,.761,4.9,6.4,4.5,40,12,1180,1.9,105,27.3,2.3,3.0,7.9,Kelly Oubre,23,Kelly Oubre,SF
5.1,1.0,9.3,.440,4.8,.450,4.8,10.6,.000,0.0,0.2,10.8,.782,5.4,7.0,8.5,68,3,878,5.6,114,15.0,1.7,3.2,14.9,Zaza Pachulia,34,Zaza Pachulia,C
4.2,0.8,9.5,.493,10.3,.556,8.6,15.4,.313,1.7,5.4,20.9,.712,3.7,5.1,4.0,64,17,1724,2.2,102,25.9,1.3,4.2,11.7,Jabari Parker,23,Jabari Parker,PF
3.9,0.7,9.3,.474,10.2,.523,8.5,16.3,.325,1.7,5.3,21.6,.731,3.7,5.0,4.0,39,17,1042,1.9,100,25.9,1.1,3.9,11.2,Jabari Parker,23,Jabari Parker,PF
4.7,1.1,9.9,.523,10.3,.613,8.7,14.2,.296,1.7,5.6,19.8,.684,3.6,5.3,4.0,25,0,682,2.6,105,26.0,1.6,4.7,12.5,Jabari Parker,23,Jabari Parker,PF
10.0,0.3,3.3,.460,10.3,.485,9.7,20.0,.255,0.6,2.5,22.4,.734,4.4,6.0,2.6,56,0,1003,0.7,106,25.7,1.0,3.6,4.0,Tony Parker,36,Tony Parker,PG
4.3,0.5,6.6,.374,6.8,.443,3.9,8.8,.309,2.9,9.4,18.2,.880,2.2,2.5,4.5,25,3,496,0.4,91,18.7,1.9,3.2,7.0,Chandler Parsons,30,Chandler Parsons,SF
1.7,0.7,5.7,.374,4.4,.439,2.0,4.4,.336,2.5,7.4,11.9,.633,1.0,1.6,2.5,63,5,861,2.3,106,12.4,0.9,1.2,8.0,Patrick Patterson,29,Patrick Patterson,PF
6.7,0.0,9.0,.286,4.5,.400,4.5,11.2,.000,0.0,4.5,15.7,.500,2.2,4.5,11.2,3,0,21,4.5,99,11.2,4.5,0.0,13.5,Justin Patton,21,Justin Patton,C
12.5,0.5,6.0,.419,8.0,.479,4.6,9.6,.358,3.4,9.4,19.0,.862,4.6,5.4,3.9,58,58,1857,1.0,118,23.9,3.0,4.0,7.0,Chris Paul,33,Chris Paul,PG
7.3,0.6,4.0,.430,6.6,.511,4.9,9.5,.298,1.7,5.8,15.3,.805,2.3,2.8,4.4,40,13,712,0.9,103,17.1,1.9,3.1,4.9,Cameron Payne,24,Cameron Payne,PG
7.5,0.5,3.9,.411,6.2,.486,4.8,9.9,.271,1.4,5.3,15.2,.880,2.0,2.3,4.4,31,12,536,0.9,99,15.9,1.8,3.1,4.8,Cameron Payne,24,Cameron Payne,PG
6.5,0.8,4.5,.491,7.6,.600,5.1,8.5,.360,2.5,7.1,15.5,.688,3.1,4.5,4.2,9,1,176,0.8,114,20.9,2.3,3.1,5.4,Cameron Payne,24,Cameron Payne,PG
,,,,,,,,,,,,,,,,,,,,,,,,,,,,
11.9,0.6,6.4,.434,6.7,.476,5.4,11.4,.314,1.2,3.9,15.3,.743,2.0,2.8,3.0,42,42,1250,1.8,106,16.6,1.6,4.2,8.2,Elfrid Payton,24,Elfrid Payton,PG
11.8,3.0,3.0,.625,14.8,.667,11.8,17.8,.500,3.0,5.9,23.7,,0.0,0.0,5.9,3,0,16,3.0,135,32.6,8.9,3.0,5.9,Gary Payton,26,Gary Payton,PG
4.7,0.0,7.2,.342,5.6,.481,2.9,6.1,.261,2.7,10.4,16.5,.864,4.3,5.0,3.4,18,0,211,0.9,94,18.3,1.4,4.1,8.1,Theo Pinson,23,Theo Pinson,SG
6.9,2.2,10.2,.593,7.4,.602,7.4,12.3,.200,0.1,0.3,12.5,.561,3.1,5.6,7.2,82,17,1731,4.7,117,18.1,1.9,3.6,14.9,Mason Plumlee,28,Mason Plumlee,C
4.5,1.1,6.1,.667,8.5,.667,8.5,12.8,,0.0,0.0,12.8,.533,4.3,8.0,3.7,18,0,173,4.3,125,21.4,1.6,2.7,10.4,Miles Plumlee,30,Miles Plumlee,C
3.6,2.6,8.9,.645,7.2,.645,7.2,11.1,,0.0,0.0,11.1,.533,1.9,3.5,4.8,77,24,1273,6.8,133,16.2,1.1,1.8,15.7,Jakob Pöltl,23,Jakob Pöltl,C
4.0,0.2,6.4,.500,4.9,.575,3.8,6.7,.333,1.0,3.0,9.7,.810,5.7,7.0,4.0,53,0,292,1.3,123,16.4,1.8,2.2,7.7,Quincy Pondexter,30,Quincy Pondexter,SF
3.4,0.9,7.4,.465,8.5,.504,5.5,11.0,.406,2.9,7.3,18.2,.813,2.2,2.7,3.1,56,43,1683,1.5,111,22.1,2.3,1.8,8.9,Otto Porter,25,Otto Porter,SF
3.2,0.9,7.6,.457,8.0,.515,5.4,10.6,.369,2.6,7.0,17.6,.766,1.9,2.5,3.1,41,28,1191,1.6,110,20.6,2.5,1.6,9.2,Otto Porter,25,Otto Porter,SF
3.9,0.9,6.8,.483,9.6,.479,5.7,11.9,.488,3.8,7.9,19.8,.906,2.9,3.2,2.9,15,15,492,1.4,115,25.8,1.8,2.5,8.2,Otto Porter,25,Otto Porter,SF
2.7,0.7,10.8,.444,10.3,.467,7.5,16.1,.393,2.8,7.0,23.1,.794,2.8,3.6,5.3,50,28,1299,4.0,104,26.1,1.3,2.7,14.8,Bobby Portis,23,Bobby Portis,PF
2.6,0.7,10.5,.450,11.1,.477,8.7,18.2,.375,2.5,6.6,24.8,.780,3.6,4.6,5.6,22,6,531,4.2,105,28.3,1.0,2.6,14.7,Bobby Portis,23,Bobby Portis,PF
2.7,0.7,11.0,.440,9.7,.458,6.7,14.7,.403,3.0,7.3,22.0,.809,2.3,2.9,5.2,28,22,768,3.9,104,24.7,1.5,2.8,14.9,Bobby Portis,23,Bobby Portis,PF
3.3,1.5,7.9,.597,8.5,.699,7.3,10.5,.307,1.1,3.7,14.2,.772,5.7,7.4,5.9,77,22,1662,4.1,135,23.8,1.3,2.0,12.0,Dwight Powell,27,Dwight Powell,C
3.9,0.6,5.2,.483,8.2,.543,5.3,9.8,.400,2.9,7.2,17.0,.827,2.6,3.2,4.1,60,3,1126,0.7,110,22.0,1.7,2.8,5.9,Norman Powell,25,Norman Powell,SG
2.6,1.5,7.1,.494,6.1,.534,4.7,8.8,.391,1.4,3.5,12.3,.621,2.7,4.4,7.1,21,1,305,4.4,117,16.2,0.6,2.0,11.5,Alex Poythress,25,Alex Poythress,PF
0.0,0.0,0.0,1.000,49.1,1.000,49.1,49.1,,0.0,0.0,49.1,,0.0,0.0,0.0,1,0,1,0.0,200,98.1,0.0,0.0,0.0,Zhou Qi,23,Zhou Qi,PF
3.7,1.0,9.4,.547,8.0,.574,7.8,13.6,.200,0.2,1.0,14.6,.710,3.4,4.8,6.2,49,13,721,4.8,117,19.6,1.2,2.4,14.2,Ivan Rabb,21,Ivan Rabb,PF
6.2,0.2,2.9,.419,5.8,.441,2.9,6.5,.400,2.9,7.3,13.8,.694,2.7,4.0,5.8,49,2,743,0.6,108,17.3,1.6,2.7,3.6,Chasson Randle,25,Chasson Randle,PG
4.8,0.9,9.8,.524,11.9,.564,10.5,18.6,.344,1.4,4.1,22.7,.731,7.4,10.1,5.1,73,49,2232,3.4,113,32.6,1.1,4.3,13.2,Julius Randle,24,Julius Randle,PF
4.1,0.3,3.3,.440,9.0,.502,4.2,8.4,.397,4.8,12.0,20.4,.894,4.5,5.1,2.6,76,63,2379,0.4,118,27.2,0.6,2.0,3.7,J.J. Redick,34,J.J. Redick,SG
3.1,0.0,4.2,.417,5.2,.375,3.1,8.3,.500,2.1,4.2,12.5,,0.0,0.0,3.1,10,0,47,2.1,107,12.5,1.0,1.0,6.2,Davon Reed,23,Davon Reed,SG
2.4,0.4,5.0,.423,6.1,.444,2.2,5.0,.412,3.9,9.4,14.4,.889,1.5,1.7,4.8,19,0,259,0.7,118,17.6,1.1,0.9,5.7,Cameron Reynolds,23,Cameron Reynolds,SG
5.7,0.7,4.0,.412,8.1,.458,5.0,10.9,.357,3.2,8.9,19.7,.861,3.8,4.4,3.8,73,73,2539,1.0,111,23.3,1.5,2.2,5.1,Josh Richardson,25,Josh Richardson,SG
,,,,,,,,,,,,,,,,,,,,,,,,,,,,
0.0,0.0,5.1,.310,4.2,.250,0.5,1.9,.320,3.7,11.6,13.5,.800,1.9,2.3,6.0,22,0,103,0.9,79,14.0,0.5,3.7,6.0,Malachi Richardson,23,Malachi Richardson,SG
4.0,0.5,3.3,.406,5.5,.522,3.1,5.9,.318,2.5,7.8,13.7,.526,1.2,2.3,4.9,76,15,2028,0.6,104,14.8,1.1,1.6,3.9,Austin Rivers,26,Austin Rivers,SG
4.0,0.7,4.2,.392,5.3,.489,3.0,6.1,.311,2.3,7.3,13.5,.543,1.7,3.2,5.0,29,2,683,0.7,95,14.6,1.2,2.5,4.9,Austin Rivers,26,Austin Rivers,SG
4.0,0.5,2.8,.413,5.7,.541,3.1,5.7,.321,2.6,8.1,13.8,.510,0.9,1.8,4.9,47,13,1345,0.5,109,14.9,1.1,1.2,3.3,Austin Rivers,26,Austin Rivers,SG
3.0,3.0,7.0,.594,9.5,.633,9.5,15.0,.000,0.0,1.0,16.0,.643,4.5,7.0,5.5,7,0,95,3.0,127,23.4,2.0,1.0,10.0,Devin Robinson,23,Devin Robinson,SF
1.5,0.0,5.2,.391,5.5,.727,2.4,3.3,.286,3.0,10.6,14.0,.667,1.2,1.8,3.3,15,1,161,0.6,102,15.2,1.5,1.2,5.8,Duncan Robinson,24,Duncan Robinson,PF
1.7,0.6,4.4,.420,6.0,.491,4.5,9.2,.290,1.5,5.0,14.2,.800,2.6,3.2,3.6,47,18,610,1.4,104,16.0,1.1,1.5,5.7,Glenn Robinson,25,Glenn Robinson,SF
2.8,0.4,5.6,.400,6.5,.491,3.8,7.8,.316,2.7,8.4,16.2,.667,0.9,1.3,6.8,33,0,320,0.4,96,16.5,1.6,1.9,6.0,Jerome Robinson,21,Jerome Robinson,SG
1.3,5.7,8.7,.694,7.2,.694,7.2,10.3,,0.0,0.0,10.3,.600,2.9,4.8,7.7,66,19,1360,6.3,140,17.2,1.8,1.2,15.0,Mitchell Robinson,20,Mitchell Robinson,C
12.5,0.2,7.1,.405,5.9,.428,4.2,9.9,.359,1.7,4.8,14.7,.639,0.8,1.2,3.4,46,29,1369,1.2,100,14.4,1.9,4.3,8.3,Rajon Rondo,32,Rajon Rondo,PG
7.6,0.4,3.7,.482,12.5,.509,10.6,20.9,.370,1.9,5.0,25.9,.856,4.7,5.5,2.0,51,13,1392,1.1,114,31.6,1.1,2.8,4.8,Derrick Rose,30,Derrick Rose,PG
3.1,0.7,5.8,.428,10.0,.484,5.1,10.5,.383,4.9,12.9,23.4,.875,2.9,3.3,2.7,81,0,2150,0.6,108,27.8,1.6,2.0,6.4,Terrence Ross,27,Terrence Ross,SG
6.2,0.6,7.4,.387,6.9,.422,3.7,8.8,.353,3.2,9.1,17.9,.785,2.0,2.5,2.7,79,14,1791,0.9,106,19.0,1.8,1.8,8.3,Terry Rozier,24,Terry Rozier,PG
10.5,0.3,5.3,.404,7.4,.454,5.4,12.0,.311,2.0,6.4,18.4,.855,4.9,5.7,4.5,68,67,1899,0.8,105,21.8,2.3,4.5,6.1,Ricky Rubio,28,Ricky Rubio,PG
10.9,0.4,5.1,.434,12.8,.482,8.3,17.1,.369,4.5,12.3,29.5,.780,3.1,4.0,2.7,81,81,2448,1.0,107,33.3,1.9,4.9,6.1,D'Angelo Russell,22,D'Angelo Russell,PG
5.6,0.8,13.4,.590,11.0,.592,10.8,18.2,.529,0.2,0.5,18.6,.715,5.5,7.7,6.4,74,5,1838,5.0,118,27.8,1.3,4.3,18.4,Domantas Sabonis,22,Domantas Sabonis,C
2.3,0.7,2.9,.467,6.3,.548,3.9,7.0,.379,2.5,6.6,13.6,.667,0.9,1.4,4.3,14,2,214,0.7,98,16.1,1.8,2.7,3.6,Brandon Sampson,21,Brandon Sampson,SG
1.5,1.1,10.3,.537,11.1,.600,9.2,15.3,.357,1.9,5.3,20.6,.810,6.5,8.0,3.1,4,0,127,1.9,123,30.5,1.5,1.5,12.2,JaKarr Sampson,25,JaKarr Sampson,SF
3.0,0.2,7.8,.437,7.2,.499,4.4,8.8,.365,2.8,7.6,16.4,.880,3.1,3.5,4.3,81,41,2023,3.0,113,20.3,1.1,2.3,10.8,Dario Šarić,24,Dario Šarić,PF
3.1,0.4,7.8,.364,5.7,.435,3.2,7.4,.300,2.5,8.3,15.7,.900,3.2,3.6,4.7,13,13,396,2.5,99,17.2,0.5,3.0,10.3,Dario Šarić,24,Dario Šarić,PF
3.0,0.2,7.8,.454,7.5,.511,4.7,9.2,.383,2.9,7.5,16.6,.875,3.1,3.5,4.2,68,28,1627,3.1,116,21.0,1.2,2.1,10.9,Dario Šarić,24,Dario Šarić,PF
8.7,0.3,4.3,.485,5.6,.524,4.2,8.1,.395,1.4,3.5,11.6,.819,2.9,3.5,3.8,80,54,2164,1.8,121,15.5,1.8,2.6,6.1,Tomáš Satoranský,27,Tomáš Satoranský,PG
6.5,0.2,5.0,.414,9.2,.450,6.7,14.9,.341,2.5,7.3,22.3,.819,3.8,4.6,3.8,79,14,2314,0.8,103,24.7,1.3,3.5,5.7,Dennis Schröder,25,Dennis Schröder,PG
2.2,0.4,7.9,.400,5.7,.399,2.3,5.7,.401,3.4,8.5,14.2,.667,0.7,1.1,5.3,79,3,1395,1.5,105,15.5,0.9,1.5,9.3,Mike Scott,30,Mike Scott,PF
2.8,0.5,9.5,.400,5.8,.412,2.5,6.1,.391,3.3,8.4,14.5,.667,0.8,1.1,5.6,52,0,748,1.5,104,15.6,1.1,1.7,11.0,Mike Scott,30,Mike Scott,PF
1.6,0.4,6.1,.400,5.5,.380,2.0,5.2,.412,3.6,8.7,13.9,.667,0.7,1.1,5.0,27,3,647,1.4,107,15.4,0.7,1.2,7.4,Mike Scott,30,Mike Scott,PF
,,,,,,,,,,,,,,,,,,,,,,,,,,,,
2.1,0.4,9.0,.477,5.6,.521,2.9,5.6,.436,2.7,6.1,11.7,.636,1.1,1.7,3.2,50,2,609,0.6,107,14.9,3.4,2.0,9.7,Thabo Sefolosha,34,Thabo Sefolosha,SF
3.7,0.4,4.9,.406,6.7,.456,4.8,10.5,.316,1.9,5.9,16.4,.728,2.3,3.1,4.4,75,13,1439,1.3,95,17.5,1.1,2.7,6.1,Wayne Selden,24,Wayne Selden,SG
3.9,0.7,3.1,.404,7.1,.459,4.9,10.7,.317,2.2,6.9,17.6,.759,2.4,3.2,5.2,32,0,455,1.7,98,18.8,1.1,2.5,4.8,Wayne Selden,24,Wayne Selden,SG
3.6,0.3,5.7,.407,6.5,.455,4.7,10.4,.315,1.7,5.5,15.9,.714,2.2,3.1,4.1,43,13,984,1.0,94,16.9,1.1,2.8,6.7,Wayne Selden,24,Wayne Selden,SG
4.6,0.1,3.4,.430,9.9,.440,7.6,17.4,.402,2.3,5.6,23.0,.839,4.1,4.9,3.5,82,72,2605,1.1,101,26.1,0.8,3.5,4.5,Collin Sexton,20,Collin Sexton,PG
3.1,0.3,3.0,.431,6.3,.453,1.9,4.2,.422,4.4,10.4,14.6,.806,2.0,2.4,4.1,79,27,1802,0.6,120,18.9,1.0,1.2,3.5,Landry Shamet,21,Landry Shamet,SG
2.5,0.3,2.7,.441,6.5,.529,2.3,4.3,.404,4.2,10.4,14.8,.815,1.9,2.3,4.5,54,4,1108,0.6,119,19.1,1.0,1.1,3.3,Landry Shamet,21,Landry Shamet,SG
3.9,0.1,3.3,.414,5.9,.322,1.3,4.0,.450,4.6,10.3,14.3,.795,2.1,2.7,3.3,25,23,694,0.5,120,18.6,0.9,1.3,3.8,Landry Shamet,21,Landry Shamet,SG
3.6,0.8,5.0,.374,5.3,.416,2.3,5.5,.348,3.0,8.7,14.2,.800,1.1,1.4,4.0,62,41,1481,0.9,103,14.8,1.9,1.6,5.8,Iman Shumpert,28,Iman Shumpert,SG
3.9,0.8,4.7,.382,5.6,.404,2.5,6.2,.366,3.1,8.6,14.7,.829,1.4,1.7,3.9,42,40,1099,0.8,105,15.8,2.0,1.6,5.5,Iman Shumpert,28,Iman Shumpert,SG
2.7,0.5,5.9,.347,4.4,.481,1.7,3.5,.296,2.7,9.1,12.6,.500,0.3,0.5,4.5,20,1,382,1.0,96,11.7,1.5,1.5,6.9,Iman Shumpert,28,Iman Shumpert,SG
4.7,1.0,8.0,.549,9.8,.602,8.3,13.7,.369,1.5,4.0,17.8,.785,4.5,5.7,4.5,80,79,2548,2.3,120,25.5,1.4,2.9,10.3,Pascal Siakam,24,Pascal Siakam,PF
0.0,0.0,0.0,1.000,11.6,,0.0,0.0,1.000,11.6,11.6,11.6,,0.0,0.0,0.0,1,0,4,0.0,300,34.7,0.0,0.0,0.0,Jordan Sibert,26,Jordan Sibert,SG
10.7,1.1,9.2,.563,9.4,.566,9.4,16.7,.000,0.0,0.1,16.8,.600,4.5,7.5,3.7,79,79,2700,3.0,114,23.4,2.0,4.8,12.2,Ben Simmons,22,Ben Simmons,PG
5.8,0.7,4.5,.380,6.1,.427,4.8,11.2,.269,1.3,4.7,16.0,.742,3.3,4.4,4.1,56,9,1064,1.2,95,16.7,1.3,3.1,5.8,Jonathon Simmons,29,Jonathon Simmons,SG-SF
5.5,0.8,4.5,.364,6.0,.419,4.9,11.8,.229,1.1,4.8,16.6,.778,3.2,4.2,3.9,41,9,845,1.3,91,16.4,1.0,3.2,5.8,Jonathon Simmons,29,Jonathon Simmons,SG
7.1,0.2,4.7,.453,6.3,.465,4.3,9.3,.429,1.9,4.5,13.8,.640,3.5,5.4,4.5,15,0,219,0.9,112,17.9,2.4,2.6,5.6,Jonathon Simmons,29,Jonathon Simmons,SF
0.0,0.0,0.0,,0.0,,0.0,0.0,,0.0,0.0,0.0,,0.0,0.0,0.0,1,0,2,0.0,,0.0,0.0,0.0,0.0,Kobi Simmons,21,Kobi Simmons,PG
4.5,0.0,3.4,.444,9.6,.529,6.2,11.7,.345,3.4,10.0,21.6,.563,3.1,5.5,3.1,20,1,141,1.0,102,25.8,0.3,3.8,4.5,Anfernee Simons,19,Anfernee Simons,SG
7.0,0.6,3.9,.422,5.2,.511,2.5,4.8,.364,2.8,7.6,12.4,.806,2.3,2.8,4.4,80,60,2200,1.2,113,15.5,3.1,2.7,5.1,Marcus Smart,24,Marcus Smart,SG
8.1,0.6,3.9,.428,8.9,.477,6.8,14.2,.322,2.1,6.7,20.9,.635,3.2,5.0,4.1,53,50,1508,1.0,96,23.2,2.1,4.9,5.0,Dennis Smith,21,Dennis Smith,PG
7.4,0.6,4.2,.440,8.4,.491,6.1,12.4,.344,2.3,6.7,19.1,.695,3.0,4.4,4.4,32,32,908,1.0,96,22.1,2.1,5.3,5.2,Dennis Smith,21,Dennis Smith,PG
9.2,0.7,3.5,.413,9.7,.462,7.8,16.9,.289,1.9,6.7,23.5,.568,3.4,5.9,3.8,21,18,600,1.1,96,24.7,2.2,4.3,4.7,Dennis Smith,21,Dennis Smith,PG
8.0,0.4,4.8,.419,8.1,.455,6.3,14.0,.326,1.7,5.3,19.3,.758,1.9,2.4,4.3,56,0,1251,0.9,105,19.7,1.1,2.4,5.7,Ish Smith,30,Ish Smith,PG
4.7,0.7,4.0,.342,6.0,.375,3.4,8.9,.308,2.7,8.7,17.7,.800,1.8,2.2,4.3,11,4,222,0.0,91,16.6,2.5,2.5,4.0,J.R. Smith,33,J.R. Smith,SG
3.5,1.7,8.9,.356,5.2,.364,3.0,8.2,.346,2.2,6.4,14.6,.875,3.5,4.0,7.4,20,1,190,4.0,100,16.1,0.7,3.2,12.9,Jason Smith,32,Jason Smith,PF-C
4.4,1.8,9.5,.405,5.5,.407,4.0,9.8,.400,1.5,3.6,13.5,.833,3.6,4.4,7.6,12,1,130,4.0,110,16.0,0.4,2.5,13.5,Jason Smith,32,Jason Smith,C
1.2,2.3,9.3,.308,4.6,.250,1.2,4.6,.333,3.5,10.5,15.1,1.000,2.3,2.3,7.0,6,0,40,3.5,80,15.1,2.3,5.8,12.8,Jason Smith,32,Jason Smith,PF
2.3,0.0,4.6,.222,4.6,.000,0.0,4.6,.286,4.6,16.3,20.9,1.000,4.6,4.6,7.0,2,0,20,4.6,93,18.6,0.0,2.3,9.3,Jason Smith,32,Jason Smith,C
4.3,0.9,4.3,.412,6.0,.444,3.4,7.7,.375,2.6,6.8,14.5,.750,2.6,3.4,3.4,6,2,111,1.3,105,17.0,0.9,2.6,5.5,Zhaire Smith,19,Zhaire Smith,SG
2.4,0.6,4.6,.452,5.8,.522,2.9,5.6,.397,2.9,7.3,12.9,.881,1.3,1.5,3.2,74,12,1304,1.0,119,15.8,0.9,0.8,5.6,Tony Snell,27,Tony Snell,SF
1.6,2.6,10.6,.532,8.1,.568,8.1,14.2,.000,0.0,1.0,15.2,.333,1.3,3.9,7.4,14,3,148,4.8,99,17.4,2.9,2.9,15.5,Ray Spalding,21,Ray Spalding,PF
0.0,0.0,0.0,,0.0,,0.0,0.0,,0.0,0.0,0.0,,0.0,0.0,0.0,1,0,1,0.0,,0.0,0.0,0.0,0.0,Ray Spalding,21,Ray Spalding,PF
1.6,2.6,10.7,.532,8.1,.568,8.1,14.3,.000,0.0,1.0,15.3,.333,1.3,3.9,7.5,13,3,147,4.9,99,17.5,2.9,2.9,15.6,Ray Spalding,21,Ray Spalding,PF
2.7,1.4,7.0,.402,5.6,.466,3.1,6.7,.344,2.5,7.3,14.0,.711,1.8,2.6,3.8,46,11,805,4.1,110,15.6,1.5,1.8,11.1,Omari Spellman,21,Omari Spellman,PF
,,,,,,,,,,,,,,,,,,,,,,,,,,,,
3.9,0.3,5.2,.402,6.5,.440,3.2,7.2,.372,3.4,9.0,16.3,.891,2.7,3.1,2.4,68,0,1015,0.9,108,19.2,1.0,2.5,6.1,Nik Stauskas,25,Nik Stauskas,SG
4.5,0.3,5.0,.419,6.9,.510,3.8,7.5,.344,3.1,9.0,16.5,.889,2.3,2.6,2.2,44,0,673,0.7,106,19.2,1.0,2.9,5.8,Nik Stauskas,25,Nik Stauskas,SG
2.8,0.4,5.7,.367,5.8,.283,1.9,6.7,.429,3.9,9.1,15.8,.893,3.6,4.1,2.8,24,0,342,1.2,111,19.2,1.0,1.6,6.8,Nik Stauskas,25,Nik Stauskas,SG
0.0,0.0,0.0,.500,7.1,.500,7.1,14.2,,0.0,0.0,14.2,,0.0,0.0,0.0,1,0,7,0.0,60,14.2,7.1,7.1,0.0,D.J. Stephens,28,D.J. Stephens,SG
5.8,0.3,7.6,.426,7.6,.472,4.6,9.7,.371,3.0,8.2,17.9,.685,2.1,3.0,4.6,68,3,1123,1.3,101,20.3,1.7,3.6,8.9,Lance Stephenson,28,Lance Stephenson,SG
2.3,1.2,3.5,.344,5.1,.405,3.5,8.6,.259,1.6,6.3,14.9,.625,3.5,5.6,6.1,23,2,210,2.1,91,15.4,2.8,2.3,5.6,Edmond Sumner,23,Edmond Sumner,PG
3.0,0.3,12.7,.340,4.9,.370,4.6,12.4,.143,0.3,1.9,14.3,.667,1.6,2.4,7.6,21,0,178,4.6,78,11.6,1.6,4.9,17.3,Caleb Swanigan,21,Caleb Swanigan,PF
2.3,0.0,13.0,.318,4.7,.333,4.3,13.0,.200,0.3,1.7,14.7,.857,2.0,2.3,7.3,18,0,145,4.3,75,11.7,1.3,5.3,17.4,Caleb Swanigan,21,Caleb Swanigan,PF
5.6,1.4,11.3,.444,5.6,.571,5.6,9.9,.000,0.0,2.8,12.7,.000,0.0,2.8,8.5,3,0,33,5.6,96,11.3,2.8,2.8,16.9,Caleb Swanigan,21,Caleb Swanigan,PF
3.3,1.1,8.0,.450,9.1,.483,6.9,14.2,.373,2.3,6.1,20.3,.855,3.8,4.5,3.3,79,79,2455,1.4,107,24.4,1.6,2.4,9.4,Jayson Tatum,20,Jayson Tatum,SF
13.0,0.7,3.4,.423,6.7,.453,5.3,11.8,.333,1.3,4.0,15.8,.804,4.7,5.8,3.4,42,41,1264,0.6,112,19.3,1.6,3.7,4.0,Jeff Teague,30,Jeff Teague,PG
2.5,0.7,4.5,.422,5.0,.515,2.8,5.5,.341,2.2,6.3,11.9,.748,1.9,2.6,4.9,75,55,2040,0.7,103,14.1,1.8,1.7,5.2,Garrett Temple,32,Garrett Temple,SG
2.2,0.8,4.4,.429,5.4,.520,3.0,5.7,.352,2.4,6.8,12.6,.750,1.9,2.5,4.4,49,49,1530,0.6,103,15.0,1.6,1.8,4.9,Garrett Temple,32,Garrett Temple,SG
3.4,0.5,5.0,.396,3.9,.500,2.4,4.8,.296,1.5,5.0,9.8,.742,2.1,2.9,6.5,26,6,510,0.9,106,11.4,2.4,1.5,5.9,Garrett Temple,32,Garrett Temple,SG
10.1,0.3,4.1,.425,5.3,.538,2.2,4.1,.370,3.1,8.5,12.6,.571,1.3,2.2,8.5,15,0,150,0.9,94,15.1,0.9,6.6,5.0,Miloš Teodosić,31,Miloš Teodosić,PG
5.2,0.9,2.2,.308,5.2,.364,3.5,9.5,.235,1.7,7.3,16.8,.500,1.3,2.6,6.9,14,0,111,0.4,74,13.4,1.3,4.3,2.6,Jared Terrell,23,Jared Terrell,SG
4.2,0.0,8.3,.571,8.3,.571,8.3,14.6,,0.0,0.0,14.6,.500,4.2,8.3,8.3,3,0,23,6.2,107,20.8,6.2,4.2,14.6,Emanuel Terry,22,Emanuel Terry,PF
2.4,0.0,9.5,.667,9.5,.667,9.5,14.3,,0.0,0.0,14.3,.500,2.4,4.8,9.5,2,0,20,4.8,107,21.5,7.2,4.8,14.3,Emanuel Terry,22,Emanuel Terry,PF
16.3,0.0,0.0,.000,0.0,.000,0.0,16.3,,0.0,0.0,16.3,.500,16.3,32.6,0.0,1,0,3,16.3,105,16.3,0.0,0.0,16.3,Emanuel Terry,22,Emanuel Terry,PF
3.6,2.2,7.3,.549,7.7,.603,6.4,10.6,.388,1.4,3.6,14.1,.737,3.0,4.0,8.5,66,2,908,4.6,128,19.8,1.1,1.8,11.9,Daniel Theis,26,Daniel Theis,C
6.2,0.3,2.2,.343,9.2,.393,6.0,15.2,.279,3.3,11.7,26.9,.630,4.6,7.3,4.6,12,0,181,1.4,88,26.3,1.4,4.9,3.5,Isaiah Thomas,29,Isaiah Thomas,SG
2.0,1.3,4.0,.319,5.6,.353,3.0,8.6,.286,2.5,8.8,17.4,.636,1.8,2.8,5.6,26,0,195,1.0,91,15.4,1.8,1.0,5.1,Khyri Thomas,22,Khyri Thomas,SG
1.7,0.4,5.9,.396,4.8,.475,3.4,7.3,.278,1.4,4.9,12.1,.750,1.7,2.2,5.1,46,17,783,1.3,97,12.6,1.0,1.5,7.2,Lance Thomas,30,Lance Thomas,PF
3.3,0.8,4.7,.467,11.8,.516,7.4,14.4,.402,4.3,10.7,25.2,.816,2.3,2.8,2.8,78,78,2652,0.7,110,30.1,1.5,2.1,5.4,Klay Thompson,28,Klay Thompson,SG
3.6,0.7,11.0,.529,8.3,.529,8.3,15.8,,0.0,0.0,15.8,.642,2.8,4.4,3.7,43,40,1198,7.2,117,19.5,1.2,2.4,18.2,Tristan Thompson,27,Tristan Thompson,C
2.7,1.1,5.9,.347,2.6,.412,2.1,5.1,.200,0.5,2.3,7.4,.735,3.8,5.1,6.2,64,1,313,0.8,88,9.3,2.1,3.0,6.6,Sindarius Thornwell,24,Sindarius Thornwell,SG
2.0,0.9,7.2,.382,4.4,.409,0.8,2.0,.377,3.6,9.5,11.5,.783,2.1,2.7,4.0,65,0,1079,0.7,110,14.5,0.8,1.6,7.9,Anthony Tolliver,33,Anthony Tolliver,PF
4.9,2.4,13.0,.518,12.8,.562,10.1,18.1,.400,2.7,6.7,24.7,.836,7.1,8.5,5.5,77,77,2545,5.0,118,35.4,1.3,4.5,18.0,Karl-Anthony Towns,23,Karl-Anthony Towns,C
,,,,,,,,,,,,,,,,,,,,,,,,,,,,
2.2,0.9,4.4,.320,7.0,.379,4.8,12.7,.238,2.2,9.2,21.8,.429,1.3,3.1,1.7,15,1,111,0.4,81,17.5,0.4,1.7,4.8,Gary Trent,20,Gary Trent,SG
3.9,0.5,5.5,.448,7.7,.466,5.9,12.8,.394,1.7,4.4,17.1,.803,5.9,7.4,3.9,64,3,1459,1.0,104,23.0,0.9,3.8,6.5,Allonzo Trier,23,Allonzo Trier,SG
1.7,0.7,6.3,.396,3.6,.449,1.1,2.4,.377,2.6,6.8,9.2,.695,0.7,1.0,4.4,82,82,2802,2.1,114,10.5,2.3,1.1,8.4,P.J. Tucker,33,P.J. Tucker,PF
8.5,0.5,8.8,.460,6.2,.494,5.8,11.8,.212,0.3,1.6,13.4,.708,2.3,3.2,3.3,73,2,1605,1.1,105,14.9,1.0,3.4,9.9,Evan Turner,30,Evan Turner,PG
2.7,4.6,9.9,.487,8.8,.521,7.0,13.5,.388,1.8,4.5,18.0,.736,3.4,4.6,4.5,74,74,2119,2.3,110,22.7,1.4,2.3,12.3,Myles Turner,22,Myles Turner,C
4.2,4.6,9.4,.694,7.5,.694,7.5,10.8,,0.0,0.0,10.8,.633,2.8,4.5,5.4,51,1,320,4.0,135,17.8,1.5,1.9,13.5,Ekpe Udoh,31,Ekpe Udoh,C
0.0,0.0,0.0,,0.0,,0.0,0.0,,0.0,0.0,0.0,,0.0,0.0,0.0,1,0,1,0.0,,0.0,0.0,0.0,0.0,Tyler Ulis,23,Tyler Ulis,PG
3.1,2.4,14.0,.559,13.5,.586,12.8,21.9,.292,0.6,2.1,24.0,.795,6.6,8.3,6.5,49,27,1091,4.7,114,34.1,0.8,4.0,18.7,Jonas Valančiūnas,26,Jonas Valančiūnas,C
2.5,2.0,13.8,.575,12.7,.611,11.9,19.5,.300,0.8,2.5,22.0,.819,6.5,8.0,7.0,30,10,564,4.6,121,32.6,1.1,3.3,18.4,Jonas Valančiūnas,26,Jonas Valančiūnas,C
3.9,2.8,14.2,.545,14.3,.563,13.9,24.6,.278,0.5,1.7,26.3,.769,6.6,8.6,6.0,19,17,527,4.9,109,35.7,0.6,4.8,19.1,Jonas Valančiūnas,26,Jonas Valančiūnas,C
2.1,0.7,11.4,.474,6.4,.500,6.4,12.8,.000,0.0,0.7,13.5,.600,4.3,7.1,5.7,17,0,69,5.0,90,17.1,4.3,5.7,16.4,Jarred Vanderbilt,19,Jarred Vanderbilt,PF
8.4,0.5,4.0,.410,6.7,.441,3.6,8.3,.378,3.0,8.1,16.3,.843,2.6,3.1,3.0,64,28,1760,0.6,114,19.1,1.6,2.2,4.5,Fred VanVleet,24,Fred VanVleet,PG
3.6,1.4,11.6,.470,5.8,.531,4.5,8.5,.336,1.3,3.8,12.3,.712,3.1,4.4,4.9,68,57,1722,3.2,111,16.0,1.3,2.5,14.8,Noah Vonleh,23,Noah Vonleh,PF
6.0,1.7,14.3,.518,13.7,.549,12.0,21.9,.364,1.6,4.5,26.4,.789,3.5,4.4,3.1,80,80,2510,4.4,115,32.5,1.6,3.1,18.7,Nikola Vučević,28,Nikola Vučević,C
7.8,1.0,5.6,.433,10.8,.472,8.6,18.1,.330,2.2,6.8,24.9,.708,4.3,6.0,3.1,72,2,1885,1.8,102,28.1,1.5,4.3,7.4,Dwyane Wade,37,Dwyane Wade,SG
2.5,1.4,7.1,.415,7.4,.521,5.1,9.8,.286,2.3,8.0,17.8,.811,4.5,5.5,5.9,43,5,446,1.8,96,21.6,1.1,4.1,8.9,Moritz Wagner,21,Moritz Wagner,C
5.2,0.4,4.7,.414,8.5,.471,3.8,8.1,.377,4.7,12.4,20.5,.500,0.9,1.9,3.1,44,28,1138,0.3,102,22.6,1.2,2.7,5.0,Dion Waiters,27,Dion Waiters,SG
8.2,0.6,5.2,.434,12.4,.494,8.0,16.2,.356,4.4,12.4,28.6,.844,6.5,7.6,2.2,82,82,2863,0.9,112,35.7,1.7,3.6,6.1,Kemba Walker,28,Kemba Walker,PG
3.7,1.2,7.0,.348,6.6,.333,4.6,13.7,.385,2.1,5.4,19.0,.800,3.3,4.1,2.9,17,0,118,0.0,93,18.6,2.9,1.7,7.0,Lonnie Walker,20,Lonnie Walker,SG
12.0,1.2,4.3,.444,10.5,.507,8.3,16.4,.302,2.2,7.2,23.7,.697,5.2,7.5,3.0,32,32,1104,0.6,104,28.4,2.1,5.2,5.0,John Wall,28,John Wall,PG
3.2,0.5,6.1,.424,6.9,.444,6.6,14.9,.211,0.3,1.4,16.3,.526,2.3,4.3,6.2,62,0,628,1.5,89,16.4,1.6,2.7,7.6,Tyrone Wallace,24,Tyrone Wallace,PG
3.5,0.6,5.3,.441,7.8,.498,4.1,8.3,.390,3.7,9.4,17.7,.819,2.8,3.5,4.2,55,47,1552,0.7,106,22.1,1.6,3.0,5.9,Taurean Waller-Prince,24,Taurean Waller-Prince,SF
,,,,,,,,,,,,,,,,,,,,,,,,,,,,
7.9,0.3,5.3,.476,7.0,.515,4.8,9.3,.410,2.2,5.5,14.7,.857,3.4,3.9,4.8,36,0,343,0.4,118,19.7,1.7,2.7,5.8,Brad Wanamaker,29,Brad Wanamaker,PG
2.2,1.0,5.0,.486,10.4,.510,7.7,15.1,.428,2.7,6.3,21.5,.815,3.5,4.4,4.2,43,36,1360,1.1,111,27.1,1.8,1.8,6.1,T.J. Warren,25,T.J. Warren,SF
2.7,0.4,6.5,.333,3.1,.458,2.2,4.7,.208,1.0,4.7,9.4,.750,0.6,0.8,3.1,18,3,254,1.6,89,7.8,2.5,1.4,8.0,Julian Washburn,27,Julian Washburn,SF
2.3,0.3,7.7,.294,4.3,.371,3.7,10.0,.125,0.6,4.6,14.6,.700,2.0,2.9,3.1,15,0,174,1.1,76,11.1,1.1,1.7,8.9,Yuta Watanabe,24,Yuta Watanabe,SF
6.8,0.0,5.5,.538,9.6,.667,5.5,8.2,.429,4.1,9.6,17.7,.500,1.4,2.7,4.1,11,0,36,0.0,130,24.6,0.0,1.4,5.5,Thomas Welsh,22,Thomas Welsh,C
13.9,0.6,12.4,.428,11.2,.481,9.1,18.8,.290,2.1,7.3,26.1,.656,5.3,8.0,4.3,73,73,2630,1.9,105,29.7,2.5,5.8,14.3,Russell Westbrook,30,Russell Westbrook,PG
7.4,1.3,6.0,.479,7.3,.529,6.0,11.3,.338,1.4,4.0,15.3,.772,2.7,3.5,4.1,67,55,1728,1.0,111,18.7,1.9,2.7,7.0,Derrick White,24,Derrick White,PG
0.0,0.0,7.9,.000,0.0,,0.0,0.0,.000,0.0,15.8,15.8,,0.0,0.0,0.0,3,0,6,7.9,40,0.0,0.0,0.0,15.8,Okaro White,26,Okaro White,PF
1.6,4.0,16.3,.571,11.3,.581,11.3,19.4,.125,0.1,0.5,19.8,.449,3.2,7.1,5.6,72,53,1674,7.5,112,25.9,1.3,2.8,23.8,Hassan Whiteside,29,Hassan Whiteside,C
3.5,0.9,5.1,.412,9.4,.441,7.2,16.2,.339,2.2,6.6,22.8,.699,3.9,5.6,2.9,73,73,2543,1.6,100,24.9,1.3,2.6,6.6,Andrew Wiggins,23,Andrew Wiggins,SF
5.5,0.0,27.5,.615,14.6,.667,14.6,22.0,.000,0.0,1.8,23.8,.500,3.7,7.3,3.7,5,0,26,7.3,128,33.0,1.8,1.8,34.8,Alan Williams,26,Alan Williams,PF
4.5,0.0,2.6,.486,6.4,.632,4.5,7.1,.313,1.9,6.0,13.1,.000,0.0,0.4,6.0,15,0,128,0.4,107,14.6,2.2,1.9,3.0,C.J. Williams,28,C.J. Williams,SG
1.6,0.9,6.4,.591,8.1,.602,8.1,13.5,.000,0.0,0.3,13.8,.563,3.4,6.0,7.8,24,0,372,6.0,120,19.6,1.0,2.0,12.4,Johnathan Williams,23,Johnathan Williams,C
3.6,0.8,7.1,.384,4.6,.447,2.4,5.3,.333,2.2,6.7,12.0,.684,0.6,0.8,4.1,46,29,1079,2.4,105,12.0,1.9,1.6,9.4,Kenrich Williams,24,Kenrich Williams,SF
9.5,0.3,4.3,.425,11.5,.447,9.0,20.1,.361,2.5,6.9,26.9,.876,10.1,11.5,1.9,75,1,1993,0.9,112,35.5,1.3,4.3,5.3,Lou Williams,32,Lou Williams,SG
2.1,1.4,7.5,.422,6.3,.500,3.1,6.2,.366,3.2,8.7,14.9,.767,1.5,2.0,3.6,75,75,2133,1.7,112,17.2,1.6,1.1,9.3,Marvin Williams,32,Marvin Williams,PF
1.2,6.8,9.2,.706,6.1,.706,6.1,8.7,,0.0,0.0,8.7,.600,1.5,2.6,6.1,32,2,283,4.6,132,13.8,1.5,1.7,13.8,Robert Williams,21,Robert Williams,C
1.6,1.2,7.0,.449,6.6,.556,4.5,8.1,.318,2.1,6.6,14.6,.600,1.3,2.2,5.5,21,0,312,1.8,106,16.6,1.5,1.3,8.8,Troy Williams,24,Troy Williams,SF
2.7,1.1,9.3,.414,5.5,.468,3.1,6.5,.362,2.4,6.7,13.2,.553,1.4,2.5,4.5,48,3,882,2.4,106,14.8,0.9,1.7,11.7,D.J. Wilson,22,D.J. Wilson,PF
7.0,0.5,7.3,.433,8.1,.462,5.7,12.3,.375,2.4,6.4,18.7,.628,2.1,3.4,4.4,66,52,1959,1.6,102,20.7,1.8,3.5,8.9,Justise Winslow,22,Justise Winslow,SF
,,,,,,,,,,,,,,,,,,,,,,,,,,,,
1.5,1.9,12.2,.521,11.3,.571,9.6,16.9,.346,1.7,4.8,21.7,.732,7.6,10.4,3.1,21,2,251,3.1,114,31.8,1.3,3.1,15.4,Christian Wood,23,Christian Wood,PF
1.5,0.0,12.0,.480,9.0,.450,6.7,15.0,.600,2.2,3.7,18.7,.667,7.5,11.2,2.2,13,0,62,3.0,115,27.7,0.0,2.2,15.0,Christian Wood,23,Christian Wood,PF
1.5,2.5,12.3,.533,12.0,.606,10.6,17.5,.286,1.5,5.2,22.6,.756,7.6,10.1,3.4,8,2,189,3.2,114,33.2,1.7,3.4,15.5,Christian Wood,23,Christian Wood,PF
7.1,0.9,5.7,.434,6.9,.492,5.5,11.2,.298,1.4,4.8,16.0,.793,3.4,4.3,3.0,75,13,1699,2.0,112,18.7,2.5,2.2,7.6,Delon Wright,26,Delon Wright,PG
5.9,0.8,4.6,.433,6.8,.478,5.2,10.8,.333,1.6,4.8,15.7,.869,2.8,3.3,2.8,49,2,897,2.1,113,18.0,2.5,2.0,6.7,Delon Wright,26,Delon Wright,PG
8.6,0.9,6.9,.434,7.1,.508,5.9,11.6,.256,1.2,4.8,16.4,.742,4.1,5.5,3.1,26,11,802,1.8,110,19.6,2.6,2.5,8.7,Delon Wright,26,Delon Wright,PG
2.9,1.3,5.8,.455,6.7,.531,5.0,9.4,.321,1.7,5.4,14.8,.682,2.9,4.2,6.1,41,1,251,4.4,108,18.0,1.5,2.9,10.2,Guerschon Yabusele,23,Guerschon Yabusele,PF
2.7,1.3,1.3,.333,4.0,.000,0.0,1.3,.375,4.0,10.6,11.9,,0.0,0.0,5.3,4,0,37,0.0,89,11.9,0.0,2.7,1.3,Nick Young,33,Nick Young,SG
4.0,0.7,6.5,.527,8.7,.564,7.7,13.7,.349,1.0,2.9,16.5,.644,1.7,2.7,3.8,81,81,2489,3.8,113,20.1,2.4,2.4,10.3,Thaddeus Young,30,Thaddeus Young,PF
12.1,0.3,4.4,.418,9.7,.477,6.8,14.3,.324,2.9,8.9,23.2,.829,6.3,7.6,2.6,81,81,2503,1.2,107,28.6,1.3,5.7,5.6,Trae Young,20,Trae Young,PG
4.0,1.6,8.7,.551,7.4,.570,7.2,12.6,.273,0.2,0.9,13.5,.787,4.3,5.5,6.4,49,47,1243,4.3,123,19.4,1.5,2.4,13.0,Cody Zeller,26,Cody Zeller,C
2.1,1.6,6.9,.533,8.5,.552,8.5,15.4,.000,0.0,0.5,15.9,.778,7.4,9.5,10.6,6,1,93,5.8,123,24.4,0.5,2.1,12.7,Tyler Zeller,29,Tyler Zeller,C
4.2,0.0,16.8,.000,0.0,.000,0.0,4.2,.000,0.0,4.2,8.4,,0.0,0.0,16.8,2,0,11,8.4,82,0.0,0.0,0.0,25.2,Tyler Zeller,29,Tyler Zeller,C
1.8,1.8,5.5,.571,9.7,.571,9.7,17.0,,0.0,0.0,17.0,.778,8.5,10.9,9.7,4,1,82,5.5,126,27.9,0.6,2.4,10.9,Tyler Zeller,29,Tyler Zeller,C
2.4,1.0,9.7,.553,8.4,.553,8.4,15.2,,0.0,0.0,15.2,.705,4.3,6.1,5.2,59,25,1082,5.0,116,21.1,0.6,2.8,14.7,Ante Žižić,22,Ante Žižić,C
2.8,2.3,11.1,.559,9.6,.559,9.6,17.1,,0.0,0.0,17.1,.802,4.6,5.7,6.2,59,37,1040,5.2,116,23.7,0.6,3.2,16.3,Ivica Zubac,21,Ivica Zubac,C
2.3,2.4,9.7,.580,10.1,.580,10.1,17.4,,0.0,0.0,17.4,.864,5.1,6.0,6.6,33,12,516,4.9,120,25.3,0.4,3.0,14.6,Ivica Zubac,21,Ivica Zubac,C
3.4,2.2,12.5,.538,9.0,.538,9.0,16.8,,0.0,0.0,16.8,.733,4.0,5.4,5.8,26,25,524,5.5,113,22.0,0.9,3.3,18.0,Ivica Zubac,21,Ivica Zubac,C
