name,position,age,Teams,GP,GS,MP,FG PP,FGA PP,FG %,FG3 PP,FG3A PP,FG3 %,FG2 PP,FG2A PP,FG2 %,FT PP,FTA PP,FT %,ORB PP,DRB PP,TRB PP,APP,SPP,BPP,TO PP,Fouls PP,PPP,Off. Ra
Alex Abrines,SG,23,Alex Abrines,68,6,1055,6.2,15.9,.393,4.4,11.5,.381,1.9,4.4,.426,2.0,2.3,.898,0.8,3.2,4.0,1.9,1.7,0.4,1.5,5.3,18.9,113
Quincy Acy,PF,26,Quincy Acy,38,1,558,6.0,14.6,.412,3.2,7.7,.411,2.8,6.8,.413,3.9,5.1,.750,1.7,8.1,9.8,1.5,1.2,1.3,1.8,5.7,19.0,109
Quincy Acy,PF,26,Quincy Acy,6,0,48,5.4,18.4,.294,1.1,7.6,.143,4.3,10.8,.400,2.2,3.3,.667,2.2,6.5,8.7,0.0,0.0,0.0,2.2,9.8,14.1,71
Quincy Acy,PF,26,Quincy Acy,32,1,510,6.0,14.2,.425,3.3,7.7,.434,2.7,6.5,.414,4.0,5.3,.754,1.7,8.3,9.9,1.7,1.3,1.4,1.8,5.4,19.4,113
Steven Adams,C,23,Steven Adams,80,80,2389,7.7,13.5,.571,0.0,0.0,.000,7.7,13.4,.572,3.2,5.3,.611,5.8,6.8,12.6,1.8,1.8,1.6,3.0,4.0,18.6,114
Arron Afflalo,SG,31,Arron Afflalo,61,45,1580,5.9,13.5,.440,2.0,4.8,.411,3.9,8.6,.457,2.7,3.0,.892,0.3,3.7,4.0,2.5,0.7,0.2,1.3,3.3,16.5,109
Alexis Ajinca,C,28,Alexis Ajinca,39,15,584,7.5,14.9,.500,0.0,0.3,.000,7.5,14.6,.511,2.4,3.4,.725,3.9,11.0,14.8,1.0,1.7,1.8,2.6,6.5,17.4,101
Cole Aldrich,C,28,Cole Aldrich,62,0,531,4.3,8.2,.523,0.0,0.0,,4.3,8.2,.523,1.4,2.1,.682,4.9,10.2,15.1,2.4,2.4,2.2,1.6,8.1,10.0,118
LaMarcus Aldridge,PF,31,LaMarcus Aldridge,72,72,2335,10.9,22.9,.477,0.5,1.2,.411,10.4,21.7,.480,4.8,5.9,.812,3.8,7.7,11.4,3.0,1.0,1.9,2.1,3.4,27.1,111
Lavoy Allen,PF,27,Lavoy Allen,61,5,871,4.4,9.7,.458,0.0,0.1,.000,4.4,9.6,.461,1.3,1.9,.697,6.0,6.6,12.6,3.3,1.0,1.4,1.7,4.5,10.2,114
Tony Allen,SG,35,Tony Allen,71,66,1914,7.4,16.2,.461,0.4,1.5,.278,7.0,14.7,.479,2.2,3.5,.615,4.5,6.1,10.6,2.7,3.1,0.8,2.7,4.8,17.5,101
Al-Farouq Aminu,PF,26,Al-Farouq Aminu,61,25,1773,5.1,13.1,.393,2.0,5.9,.330,3.2,7.1,.445,2.7,3.8,.706,2.2,10.5,12.6,2.8,1.7,1.2,2.6,2.9,14.9,100
Chris Andersen,C,38,Chris Andersen,12,0,114,3.9,9.6,.409,0.0,1.3,.000,3.9,8.3,.474,4.4,6.1,.714,3.9,9.6,13.6,2.2,2.2,3.1,2.2,8.8,12.3,107
Alan Anderson,SF,34,Alan Anderson,30,0,308,4.9,13.0,.375,2.3,7.1,.318,2.6,5.8,.444,1.9,2.6,.750,0.5,3.4,3.9,1.8,0.5,0.0,1.1,5.7,14.0,100
Justin Anderson,SF,23,Justin Anderson,75,10,1228,7.7,18.1,.424,2.4,8.0,.299,5.3,10.1,.522,4.2,5.3,.791,2.8,7.3,10.1,2.7,1.7,0.9,2.7,4.5,21.9,104
Justin Anderson,SF,23,Justin Anderson,51,2,710,8.1,20.3,.401,2.7,8.9,.303,5.4,11.4,.477,5.1,6.5,.795,2.9,8.1,10.9,2.3,2.1,1.2,2.9,4.7,24.1,101
Justin Anderson,SF,23,Justin Anderson,24,8,518,7.1,15.2,.463,2.0,6.8,.292,5.1,8.5,.600,3.0,3.9,.780,2.8,6.2,9.0,3.2,1.2,0.7,2.4,4.2,19.1,109
Kyle Anderson,SF,23,Kyle Anderson,72,14,1020,4.6,10.4,.445,0.7,2.0,.375,3.9,8.4,.462,2.2,2.8,.789,1.6,8.7,10.4,4.5,2.5,1.3,1.9,3.1,12.3,109
Ryan Anderson,PF,28,Ryan Anderson,72,72,2116,7.3,17.5,.418,4.6,11.5,.403,2.7,6.1,.446,2.9,3.4,.860,2.5,4.9,7.5,1.5,0.7,0.3,1.2,3.2,22.2,119
Giannis Antetokounmpo,SF,22,Giannis Antetokounmpo,80,80,2845,11.7,22.5,.521,0.9,3.2,.272,10.8,19.3,.563,8.4,10.9,.770,2.5,10.0,12.5,7.7,2.3,2.7,4.2,4.4,32.7,116
Carmelo Anthony,SF,32,Carmelo Anthony,74,74,2538,11.9,27.4,.433,3.0,8.3,.359,8.9,19.1,.466,6.0,7.2,.833,1.2,7.4,8.6,4.2,1.2,0.7,3.0,3.9,32.7,108
Joel Anthony,C,34,Joel Anthony,19,0,122,4.2,6.7,.625,0.0,0.0,,4.2,6.7,.625,2.1,3.3,.625,3.3,9.6,12.9,1.3,0.8,2.5,1.7,4.6,10.4,121
Trevor Ariza,SF,31,Trevor Ariza,80,80,2773,5.6,13.8,.409,3.3,9.6,.344,2.3,4.2,.556,1.6,2.2,.738,0.9,7.0,7.9,3.0,2.5,0.3,1.3,2.3,16.2,113
Darrell Arthur,PF,28,Darrell Arthur,41,7,639,7.3,16.4,.442,4.1,8.9,.453,3.2,7.5,.429,1.5,1.7,.864,1.9,6.6,8.6,3.2,1.5,1.6,2.8,5.8,20.0,110
,,,,,,,,,,,,,,,,,,,,,,,,,,,,
Omer Asik,C,30,Omer Asik,31,19,482,3.1,6.6,.477,0.0,0.0,,3.1,6.6,.477,2.3,4.0,.590,4.9,11.7,16.6,1.5,0.5,1.0,1.4,5.2,8.6,114
D.J. Augustin,PG,29,D.J. Augustin,78,20,1538,6.3,16.7,.377,3.1,8.8,.347,3.2,7.8,.412,4.2,5.2,.814,0.5,3.3,3.8,6.7,1.0,0.0,2.9,3.3,19.9,104
Luke Babbitt,SF,27,Luke Babbitt,68,55,1065,5.3,13.3,.402,4.1,9.9,.414,1.2,3.4,.366,0.5,0.7,.733,0.6,6.1,6.7,1.7,0.9,0.5,1.2,5.6,15.3,110
Ron Baker,SG,23,Ron Baker,52,13,857,4.8,12.7,.378,1.3,5.0,.267,3.4,7.6,.450,1.6,2.5,.651,0.7,5.0,5.7,6.2,2.0,0.5,3.3,4.3,12.5,92
Wade Baldwin,PG,20,Wade Baldwin,33,1,405,4.6,14.8,.313,0.4,2.8,.136,4.2,11.9,.355,4.0,4.8,.838,1.4,4.5,5.9,7.8,2.3,0.9,5.0,5.1,13.6,83
Leandro Barbosa,SG,34,Leandro Barbosa,67,0,963,8.6,19.5,.439,1.7,4.9,.357,6.8,14.6,.466,2.0,2.2,.889,0.7,4.4,5.2,4.0,1.5,0.4,2.4,4.1,20.8,103
J.J. Barea,PG,32,J.J. Barea,35,6,771,9.6,23.2,.414,3.6,10.0,.358,6.0,13.2,.456,3.0,3.4,.863,0.6,5.1,5.7,13.0,0.9,0.1,4.3,2.0,25.7,106
Harrison Barnes,PF,24,Harrison Barnes,79,79,2803,11.1,23.8,.468,1.4,4.1,.351,9.7,19.6,.492,4.5,5.2,.861,1.7,5.6,7.3,2.2,1.2,0.3,1.9,2.4,28.2,106
Matt Barnes,SF,36,Matt Barnes,74,18,1777,5.2,13.3,.391,2.4,7.4,.331,2.8,5.9,.467,2.0,2.5,.787,2.0,8.8,10.8,5.5,1.4,0.7,3.0,5.2,14.8,102
Matt Barnes,SF,36,Matt Barnes,54,13,1367,5.4,14.2,.384,2.6,7.8,.327,2.9,6.4,.453,1.9,2.4,.758,2.0,8.8,10.8,5.6,1.3,0.6,3.1,5.1,15.3,100
Matt Barnes,SF,36,Matt Barnes,20,5,410,4.5,10.6,.422,2.1,6.1,.346,2.3,4.5,.526,2.3,2.7,.870,1.8,8.9,10.7,5.3,1.4,1.1,2.8,5.5,13.4,110
Will Barton,SG,26,Will Barton,60,19,1705,8.4,19.1,.443,2.5,6.7,.370,6.0,12.3,.483,4.1,5.4,.753,1.7,5.8,7.4,5.9,1.4,0.8,2.8,3.2,23.5,112
Brandon Bass,PF,31,Brandon Bass,52,0,577,9.3,16.1,.575,0.1,0.3,.333,9.2,15.8,.579,6.7,7.6,.875,3.7,7.4,11.2,1.8,1.2,1.0,2.5,3.9,25.3,125
Nicolas Batum,SG,28,Nicolas Batum,77,77,2617,7.5,18.7,.403,2.6,7.8,.333,4.9,10.9,.453,4.7,5.4,.856,0.9,8.3,9.2,8.7,1.6,0.6,3.7,2.1,22.3,105
Jerryd Bayless,PG,28,Jerryd Bayless,3,1,71,7.5,22.0,.344,1.4,3.4,.400,6.2,18.5,.333,6.2,6.9,.900,2.1,6.2,8.2,8.9,0.0,0.0,6.2,2.7,22.6,90
Aron Baynes,C,30,Aron Baynes,75,2,1163,6.2,12.1,.513,0.0,0.0,,6.2,12.1,.513,3.4,4.1,.840,4.8,9.6,14.5,1.4,0.7,1.7,2.2,7.2,15.9,114
Kent Bazemore,SF,27,Kent Bazemore,73,64,1963,7.4,18.1,.409,2.3,6.7,.346,5.1,11.4,.446,3.0,4.2,.708,1.1,4.7,5.8,4.4,2.3,1.3,3.1,4.1,20.1,97
Bradley Beal,SG,23,Bradley Beal,77,77,2684,11.7,24.3,.482,4.1,10.1,.404,7.6,14.1,.538,5.2,6.3,.825,1.0,3.4,4.4,4.9,1.5,0.4,2.9,3.1,32.7,117
Malik Beasley,SG,20,Malik Beasley,22,1,165,9.8,21.6,.452,2.7,8.3,.321,7.1,13.3,.533,2.4,3.0,.800,1.5,3.6,5.0,3.3,2.1,0.0,2.4,3.0,24.6,107
Michael Beasley,PF,28,Michael Beasley,56,6,935,11.7,22.1,.532,1.0,2.3,.419,10.8,19.7,.545,4.2,5.7,.743,2.2,8.3,10.5,2.9,1.5,1.5,3.6,5.0,28.7,106
Marco Belinelli,SG,30,Marco Belinelli,74,0,1778,7.4,17.4,.429,2.9,8.0,.360,4.6,9.4,.488,4.2,4.7,.893,0.4,4.6,5.0,4.1,1.2,0.3,2.0,2.5,22.0,110
DeAndre' Bembry,SF,22,DeAndre' Bembry,38,1,371,6.2,13.0,.480,0.1,2.4,.056,6.1,10.6,.575,0.8,2.1,.375,1.9,6.0,7.8,3.7,1.1,0.7,2.1,2.8,13.4,97
,,,,,,,,,,,,,,,,,,,,,,,,,,,,
Dragan Bender,PF,19,Dragan Bender,43,0,574,4.8,13.4,.354,2.3,8.4,.277,2.4,5.0,.483,0.3,0.9,.364,1.9,6.7,8.6,1.9,0.8,1.8,2.7,6.2,12.2,86
Anthony Bennett,PF,23,Anthony Bennett,23,1,264,6.8,16.5,.413,2.3,8.6,.271,4.5,7.9,.568,4.7,6.5,.722,4.5,9.5,14.0,2.2,0.9,0.5,2.2,3.2,20.7,110
Ben Bentil,PF,21,Ben Bentil,3,0,10,0.0,15.6,.000,0.0,5.2,.000,0.0,10.4,.000,0.0,0.0,,0.0,10.4,10.4,0.0,0.0,0.0,5.2,5.2,0.0,0
Davis Bertans,PF,24,Davis Bertans,67,6,808,6.5,14.8,.440,4.4,10.9,.399,2.1,3.8,.557,1.8,2.1,.824,1.4,4.8,6.2,2.9,1.3,1.8,2.0,4.7,19.1,115
Patrick Beverley,SG,28,Patrick Beverley,67,67,2058,5.3,12.7,.420,2.6,6.7,.382,2.8,5.9,.463,1.7,2.2,.768,2.2,6.9,9.2,6.6,2.3,0.6,2.3,5.2,14.9,116
Bismack Biyombo,C,24,Bismack Biyombo,81,27,1793,4.9,9.4,.528,0.0,0.0,,4.9,9.4,.528,3.5,6.5,.534,4.3,11.3,15.7,2.0,0.7,2.5,2.6,5.6,13.4,106
Nemanja Bjelica,PF,28,Nemanja Bjelica,65,1,1190,6.4,15.2,.424,2.4,7.5,.316,4.0,7.6,.531,1.9,2.6,.738,2.4,8.0,10.4,3.4,1.7,0.9,2.5,6.6,17.2,105
Tarik Black,C,25,Tarik Black,67,16,1091,6.7,13.1,.510,0.0,0.1,.500,6.7,13.0,.510,3.7,4.9,.752,6.4,8.9,15.3,1.7,1.3,2.0,2.6,7.7,17.1,114
Eric Bledsoe,PG,27,Eric Bledsoe,66,66,2176,9.9,22.7,.434,2.3,6.8,.335,7.6,15.9,.477,8.5,10.1,.847,1.1,5.9,7.0,9.2,2.0,0.7,4.9,3.6,30.6,111
Bojan Bogdanovic,SF,27,Bojan Bogdanovic,81,54,2083,8.7,19.4,.445,3.3,9.0,.367,5.3,10.4,.512,5.0,5.6,.893,0.9,5.5,6.4,2.6,0.8,0.2,3.0,3.4,25.6,108
Bojan Bogdanovic,SF,27,Bojan Bogdanovic,55,54,1482,8.6,19.5,.440,3.2,8.9,.357,5.4,10.7,.509,4.7,5.3,.874,0.7,5.6,6.3,2.9,0.8,0.1,3.0,3.2,25.0,106
Bojan Bogdanovic,SF,27,Bojan Bogdanovic,26,0,601,8.8,19.2,.457,3.7,9.4,.391,5.1,9.8,.521,5.8,6.2,.934,1.1,5.4,6.6,1.7,0.8,0.3,3.1,3.9,27.1,113
Andrew Bogut,C,32,Andrew Bogut,27,21,583,3.4,7.2,.469,0.0,0.1,.000,3.4,7.1,.475,0.3,1.0,.273,5.0,14.5,19.5,4.4,1.2,2.2,3.8,7.7,7.1,93
Andrew Bogut,C,32,Andrew Bogut,26,21,582,3.4,7.2,.469,0.0,0.1,.000,3.4,7.2,.475,0.3,1.0,.273,5.0,14.5,19.5,4.4,1.2,2.2,3.8,7.5,7.1,93
Andrew Bogut,C,32,Andrew Bogut,1,0,1,0.0,0.0,,0.0,0.0,,0.0,0.0,,0.0,0.0,,0.0,0.0,0.0,0.0,0.0,0.0,0.0,99.8,0.0,
Joel Bolomboy,PF,23,Joel Bolomboy,12,0,53,8.9,15.8,.563,1.0,4.0,.250,7.9,11.9,.667,3.0,5.9,.500,4.0,12.9,16.8,2.0,1.0,2.0,2.0,1.0,21.8,117
Devin Booker,SG,20,Devin Booker,78,78,2730,10.6,25.1,.423,2.6,7.1,.363,8.0,18.0,.447,6.4,7.7,.832,0.8,3.6,4.4,4.7,1.3,0.4,4.2,4.2,30.3,103
Trevor Booker,PF,29,Trevor Booker,71,43,1754,8.2,16.0,.516,0.7,2.1,.321,7.6,13.9,.546,2.0,3.0,.673,3.9,11.6,15.4,3.7,2.0,0.8,3.4,4.1,19.2,105
Avery Bradley,SG,26,Avery Bradley,55,55,1835,9.7,20.9,.463,2.9,7.5,.390,6.8,13.5,.504,1.8,2.5,.731,1.8,7.3,9.0,3.3,1.8,0.3,2.4,3.8,24.2,105
Corey Brewer,SF,30,Corey Brewer,82,11,1281,5.5,13.1,.422,1.0,4.4,.229,4.5,8.7,.522,1.9,2.6,.735,1.2,5.0,6.2,3.6,2.3,0.8,2.1,5.0,14.0,101
Corey Brewer,SF,30,Corey Brewer,58,8,923,4.9,11.8,.414,1.1,4.9,.234,3.7,6.9,.541,1.7,2.3,.727,1.1,4.8,5.9,3.2,1.9,0.6,1.9,5.4,12.6,100
Corey Brewer,SF,30,Corey Brewer,24,3,358,7.2,16.5,.438,0.7,3.3,.208,6.5,13.2,.495,2.4,3.3,.750,1.5,5.6,7.1,4.9,3.3,1.1,2.6,3.9,17.6,101
Malcolm Brogdon,SG,24,Malcolm Brogdon,75,28,1982,7.4,16.3,.457,2.0,4.9,.404,5.4,11.3,.480,2.8,3.2,.865,1.2,4.3,5.5,8.1,2.2,0.3,2.9,3.6,19.7,111
Aaron Brooks,PG,32,Aaron Brooks,65,0,894,6.8,16.8,.403,2.7,7.2,.375,4.1,9.6,.424,1.8,2.2,.800,1.0,2.9,3.9,7.0,1.4,0.5,3.7,5.2,18.0,98
Anthony Brown,SF,24,Anthony Brown,11,0,159,5.6,15.4,.360,2.2,8.3,.259,3.4,7.1,.478,0.0,0.0,,2.5,7.7,10.2,2.5,1.5,0.3,1.9,4.6,13.3,89
Anthony Brown,SF,24,Anthony Brown,9,0,143,4.8,14.0,.341,2.1,8.2,.250,2.7,5.8,.471,0.0,0.0,,2.1,6.8,8.9,2.1,1.7,0.3,1.7,4.5,11.6,85
Anthony Brown,SF,24,Anthony Brown,2,0,16,12.4,27.9,.444,3.1,9.3,.333,9.3,18.6,.500,0.0,0.0,,6.2,15.5,21.7,6.2,0.0,0.0,3.1,6.2,27.9,104
Bobby Brown,PG,32,Bobby Brown,25,0,123,9.0,23.4,.383,5.5,13.7,.400,3.5,9.8,.360,0.8,0.8,1.000,0.0,2.3,2.3,5.5,0.4,0.0,2.0,2.0,24.2,105
,,,,,,,,,,,,,,,,,,,,,,,,,,,,
Jaylen Brown,SF,20,Jaylen Brown,78,20,1341,7.1,15.6,.454,1.7,5.0,.341,5.4,10.6,.507,3.1,4.6,.685,1.7,6.5,8.1,2.4,1.3,0.7,2.5,5.3,19.0,102
Nicolas Brussino,SG,23,Nicolas Brussino,54,2,521,5.2,14.1,.369,2.9,9.5,.305,2.3,4.6,.500,1.7,2.2,.773,2.6,6.9,9.5,4.7,1.7,0.8,2.6,4.3,15.0,101
Reggie Bullock,SF,25,Reggie Bullock,31,5,467,5.8,13.8,.422,3.0,7.9,.384,2.8,5.9,.473,0.5,0.8,.714,1.4,5.5,6.9,3.1,1.9,0.3,1.1,2.4,15.3,112
Trey Burke,PG,24,Trey Burke,57,0,703,8.1,17.9,.455,2.2,4.9,.443,6.0,13.0,.459,1.5,2.0,.759,0.5,2.8,3.3,7.0,0.8,0.4,3.4,3.8,20.0,103
Alec Burks,SG,25,Alec Burks,42,0,653,7.9,19.9,.399,2.0,6.1,.329,5.9,13.8,.430,4.8,6.3,.769,1.4,8.3,9.6,2.4,1.4,0.4,2.8,4.0,22.7,98
Jimmy Butler,SF,27,Jimmy Butler,76,75,2809,10.2,22.5,.455,1.6,4.4,.367,8.6,18.0,.477,10.5,12.1,.865,2.3,6.1,8.4,7.5,2.6,0.6,2.9,2.0,32.6,123
Bruno Caboclo,SF,21,Bruno Caboclo,9,0,40,7.6,20.3,.375,2.5,7.6,.333,5.1,12.7,.400,0.0,0.0,,6.3,6.3,12.7,5.1,2.5,1.3,2.5,5.1,17.7,103
Jose Calderon,PG,35,Jose Calderon,41,13,539,5.0,12.2,.410,1.8,5.8,.313,3.2,6.4,.500,1.0,1.1,.917,1.4,5.4,6.7,8.0,1.0,0.1,3.7,3.3,12.8,100
Jose Calderon,PG,35,Jose Calderon,24,11,292,5.3,12.8,.416,2.0,5.7,.353,3.3,7.2,.465,0.7,0.7,1.000,1.3,5.7,7.0,8.5,1.2,0.2,4.3,3.7,13.3,98
Jose Calderon,PG,35,Jose Calderon,17,2,247,4.6,11.4,.404,1.6,6.0,.267,3.0,5.4,.556,1.4,1.6,.875,1.4,5.0,6.4,7.4,0.8,0.0,3.0,2.8,12.2,103
Kentavious Caldwell-Pope,SG,23,Kentavious Caldwell-Pope,76,75,2529,7.4,18.5,.399,3.1,8.7,.350,4.3,9.8,.442,3.1,3.7,.832,1.1,3.9,5.0,3.9,1.8,0.2,1.7,2.4,20.9,107
Isaiah Canaan,SG,25,Isaiah Canaan,39,0,592,5.4,14.7,.364,2.1,8.0,.266,3.2,6.7,.481,2.6,2.8,.909,0.5,3.7,4.3,3.1,1.9,0.1,1.8,3.0,15.4,100
Clint Capela,C,22,Clint Capela,65,59,1551,11.2,17.4,.643,0.0,0.0,,11.2,17.4,.643,2.9,5.5,.531,5.5,10.8,16.3,1.9,1.1,2.4,2.7,5.5,25.3,122
DeMarre Carroll,SF,30,DeMarre Carroll,72,72,1882,5.9,14.8,.400,2.9,8.6,.341,3.0,6.2,.483,2.4,3.2,.761,1.7,5.7,7.4,2.0,2.2,0.7,1.5,3.9,17.2,110
Vince Carter,SF,40,Vince Carter,73,15,1799,5.6,14.2,.394,3.2,8.6,.378,2.3,5.6,.418,2.5,3.3,.765,1.0,5.5,6.6,3.8,1.7,1.0,1.4,4.7,16.9,112
Michael Carter-Williams,PG,25,Michael Carter-Williams,45,19,846,6.7,18.2,.366,0.9,3.8,.234,5.8,14.4,.401,3.5,4.6,.753,1.4,7.7,9.1,6.7,2.3,1.4,3.9,6.1,17.7,90
Omri Casspi,PF,28,Omri Casspi,36,2,643,6.1,12.9,.470,1.2,3.4,.349,4.9,9.5,.512,1.3,2.3,.586,2.1,6.7,8.8,2.9,1.8,0.2,2.3,3.9,14.6,102
Omri Casspi,PF,28,Omri Casspi,22,2,397,6.8,14.9,.453,1.4,3.7,.379,5.4,11.2,.477,1.5,2.7,.571,2.5,8.9,11.5,3.3,1.3,0.1,2.2,2.9,16.4,102
Omri Casspi,PF,28,Omri Casspi,1,0,24,10.2,18.4,.556,4.1,8.2,.500,6.1,10.2,.600,0.0,0.0,,2.0,2.0,4.1,0.0,0.0,0.0,4.1,6.1,24.5,101
Omri Casspi,PF,28,Omri Casspi,13,0,222,4.3,8.7,.500,0.5,2.3,.200,3.9,6.4,.607,1.1,1.8,.625,1.4,3.2,4.6,2.5,3.0,0.5,2.3,5.5,10.3,100
Willie Cauley-Stein,C,23,Willie Cauley-Stein,75,21,1421,9.1,17.1,.530,0.0,0.1,.000,9.1,17.1,.532,3.6,5.4,.669,3.0,9.0,12.1,2.8,1.9,1.6,2.5,5.2,21.8,109
Tyson Chandler,C,34,Tyson Chandler,47,46,1298,5.6,8.4,.671,0.0,0.0,,5.6,8.4,.671,3.4,4.6,.734,5.6,14.2,19.9,1.1,1.2,0.9,2.4,4.6,14.6,129
Wilson Chandler,SF,29,Wilson Chandler,71,33,2197,9.6,20.9,.461,2.4,7.2,.337,7.2,13.6,.527,3.1,4.3,.727,2.3,7.9,10.2,3.1,1.1,0.7,2.5,3.8,24.8,109
Marquese Chriss,PF,19,Marquese Chriss,82,75,1743,7.8,17.4,.449,2.0,6.2,.321,5.8,11.2,.520,3.1,5.0,.624,2.6,6.9,9.6,1.6,1.8,1.9,3.0,7.2,20.7,102
Rakeem Christmas,PF,25,Rakeem Christmas,29,0,219,4.3,9.8,.442,0.0,0.0,,4.3,9.8,.442,4.8,6.6,.724,5.9,6.9,12.8,0.9,0.7,1.4,1.8,8.5,13.5,115
,,,,,,,,,,,,,,,,,,,,,,,,,,,,
Semaj Christon,PG,24,Semaj Christon,64,1,973,3.9,11.2,.345,0.6,3.2,.190,3.3,8.1,.406,0.9,1.6,.548,1.0,3.4,4.4,6.6,1.4,0.4,2.2,4.0,9.2,91
Ian Clark,SG,25,Ian Clark,77,0,1137,8.9,18.3,.487,2.6,6.9,.374,6.3,11.4,.556,1.9,2.5,.759,0.9,4.2,5.1,3.8,1.7,0.3,2.3,3.3,22.3,108
Jordan Clarkson,SG,24,Jordan Clarkson,82,19,2397,9.7,21.8,.445,2.4,7.2,.329,7.3,14.5,.503,2.7,3.4,.798,1.0,4.0,5.0,4.3,1.8,0.2,3.3,3.0,24.5,102
Norris Cole,PG,28,Norris Cole,13,0,125,6.3,20.4,.308,1.2,5.1,.231,5.1,15.3,.333,3.1,3.9,.800,0.0,4.3,4.3,5.5,3.1,0.0,2.7,7.1,16.9,84
Darren Collison,PG,29,Darren Collison,68,64,2063,8.3,17.5,.476,1.8,4.3,.417,6.5,13.2,.495,3.6,4.2,.860,0.6,3.2,3.7,7.7,1.6,0.2,2.8,2.9,22.1,113
Nick Collison,PF,36,Nick Collison,20,0,128,5.4,8.8,.609,0.0,0.4,.000,5.4,8.4,.636,1.9,3.1,.625,3.5,8.4,11.9,4.6,0.8,0.8,1.5,6.5,12.7,130
Mike Conley,PG,29,Mike Conley,69,68,2292,10.5,22.9,.460,3.9,9.5,.408,6.7,13.4,.497,7.2,8.4,.859,0.7,4.8,5.5,9.8,2.1,0.4,3.5,2.9,32.1,121
Pat Connaughton,SG,24,Pat Connaughton,39,1,316,5.8,11.3,.514,2.7,5.2,.515,3.1,6.1,.513,1.1,1.4,.778,1.6,6.6,8.2,4.4,0.9,0.3,2.7,3.6,15.4,117
Quinn Cook,PG,23,Quinn Cook,14,0,188,8.8,17.6,.500,2.9,6.9,.423,5.9,10.7,.550,0.5,1.3,.400,0.3,1.6,1.9,6.9,1.1,0.0,3.5,3.5,21.1,105
Quinn Cook,PG,23,Quinn Cook,5,0,77,7.4,16.9,.440,3.4,9.5,.357,4.1,7.4,.545,0.0,1.4,.000,0.0,2.0,2.0,8.1,0.7,0.0,5.4,4.1,18.2,90
Quinn Cook,PG,23,Quinn Cook,9,0,111,9.7,18.1,.537,2.6,5.3,.500,7.1,12.8,.552,0.9,1.3,.667,0.4,1.3,1.8,6.2,1.3,0.0,2.2,3.1,22.9,116
DeMarcus Cousins,C,26,DeMarcus Cousins,72,72,2465,13.2,29.2,.452,2.7,7.4,.361,10.5,21.8,.483,10.5,13.6,.772,3.1,13.1,16.2,6.8,2.0,1.9,5.5,5.7,39.6,107
DeMarcus Cousins,C,26,DeMarcus Cousins,55,55,1891,13.5,29.9,.452,2.5,7.1,.356,11.0,22.8,.482,11.3,14.7,.770,3.1,12.5,15.6,7.1,2.0,2.0,5.5,5.4,40.9,108
DeMarcus Cousins,C,26,DeMarcus Cousins,17,17,574,12.1,26.8,.452,3.1,8.2,.375,9.0,18.6,.486,8.0,10.3,.777,3.2,14.8,18.0,5.6,2.1,1.6,5.3,6.4,35.3,104
Robert Covington,SF,26,Robert Covington,67,67,2119,6.7,16.8,.399,3.1,9.5,.333,3.6,7.4,.484,3.3,4.0,.822,2.1,7.9,10.0,2.3,2.9,1.6,3.0,4.7,19.9,100
Allen Crabbe,SG,24,Allen Crabbe,79,7,2254,6.7,14.3,.468,3.0,6.7,.444,3.7,7.6,.490,2.3,2.7,.847,0.4,4.6,5.0,2.1,1.2,0.4,1.4,3.8,18.6,117
Jamal Crawford,SG,36,Jamal Crawford,82,1,2157,8.3,20.2,.413,2.7,7.5,.360,5.6,12.7,.443,4.0,4.7,.857,0.4,2.6,3.0,5.0,1.4,0.3,3.1,2.7,23.4,102
Jordan Crawford,SG,28,Jordan Crawford,19,0,442,11.6,24.2,.482,4.1,10.5,.389,7.5,13.6,.553,2.2,2.9,.769,0.4,3.3,3.8,6.3,1.2,0.2,2.8,3.3,29.6,110
Jae Crowder,SF,26,Jae Crowder,72,72,2335,7.1,15.3,.463,3.3,8.4,.398,3.7,6.9,.540,3.7,4.6,.811,1.0,7.8,8.8,3.3,1.6,0.5,1.7,3.4,21.2,118
Dante Cunningham,PF,29,Dante Cunningham,66,35,1649,5.2,10.7,.485,2.1,5.4,.392,3.1,5.3,.579,0.5,0.8,.593,1.7,6.6,8.2,1.1,1.2,0.8,0.8,3.0,12.9,114
Seth Curry,PG,26,Seth Curry,70,42,2029,8.7,18.0,.481,3.5,8.3,.425,5.2,9.8,.528,2.2,2.6,.850,0.6,4.0,4.6,4.8,2.0,0.2,2.4,3.2,23.0,113
Stephen Curry,PG,28,Stephen Curry,79,79,2638,12.3,26.3,.468,5.9,14.4,.411,6.4,11.9,.537,5.9,6.6,.898,1.1,5.3,6.4,9.6,2.6,0.3,4.4,3.3,36.5,119
Troy Daniels,SG,25,Troy Daniels,67,3,1183,8.1,21.8,.374,6.1,15.6,.389,2.1,6.2,.336,1.9,2.4,.796,1.0,3.4,4.4,2.0,0.9,0.2,2.0,4.0,24.2,104
Anthony Davis,C,23,Anthony Davis,75,75,2708,13.9,27.6,.505,0.7,2.4,.299,13.2,25.2,.524,9.4,11.7,.802,3.1,12.9,16.0,2.8,1.7,3.0,3.3,3.0,38.0,112
,,,,,,,,,,,,,,,,,,,,,,,,,,,,
Deyonta Davis,C,20,Deyonta Davis,36,0,238,5.2,10.3,.511,0.0,0.0,,5.2,10.3,.511,2.2,3.9,.556,4.4,8.7,13.1,0.4,0.7,3.7,1.7,8.7,12.7,107
Ed Davis,PF,27,Ed Davis,46,12,789,4.7,8.9,.528,0.0,0.0,,4.7,8.9,.528,3.1,5.1,.617,6.0,9.3,15.4,1.6,0.9,1.4,2.3,8.6,12.6,116
Dewayne Dedmon,C,27,Dewayne Dedmon,76,37,1330,6.2,9.9,.622,0.0,0.0,,6.2,9.9,.622,2.5,3.6,.699,4.9,14.1,19.0,1.7,1.4,2.3,2.3,6.9,14.8,122
Sam Dekker,PF,22,Sam Dekker,77,2,1419,6.9,14.5,.473,2.0,6.3,.321,4.8,8.2,.591,1.3,2.3,.559,3.2,6.4,9.6,2.6,1.3,0.7,1.4,2.8,17.0,115
Malcolm Delaney,PG,27,Malcolm Delaney,73,2,1248,5.7,15.3,.374,1.0,4.3,.236,4.7,11.0,.428,3.0,3.7,.806,0.4,4.5,4.9,7.6,1.5,0.0,3.8,4.4,15.4,92
Matthew Dellavedova,PG,26,Matthew Dellavedova,76,54,1986,5.3,13.7,.390,2.0,5.5,.367,3.3,8.2,.404,2.1,2.5,.854,0.6,3.1,3.8,9.1,1.4,0.0,3.4,3.9,14.8,102
Luol Deng,SF,31,Luol Deng,56,49,1486,5.4,13.9,.387,1.7,5.4,.309,3.7,8.5,.436,1.5,2.1,.730,2.1,7.6,9.7,2.4,1.6,0.7,1.4,2.0,13.9,101
DeMar DeRozan,SG,27,DeMar DeRozan,74,74,2620,13.9,29.9,.467,0.6,2.4,.266,13.3,27.5,.484,10.5,12.5,.842,1.4,6.1,7.5,5.6,1.5,0.3,3.5,2.6,39.1,113
Cheick Diallo,PF,20,Cheick Diallo,17,0,199,8.9,18.7,.474,0.0,0.0,,8.9,18.7,.474,3.7,5.2,.714,5.7,12.3,18.0,1.0,1.0,1.7,1.7,4.2,21.4,107
Boris Diaw,PF,34,Boris Diaw,73,33,1283,6.0,13.4,.446,0.8,3.3,.247,5.1,10.1,.512,1.1,1.4,.743,1.9,4.6,6.5,6.9,0.7,0.4,3.6,3.4,13.8,99
Gorgui Dieng,PF,27,Gorgui Dieng,82,82,2653,6.3,12.6,.502,0.3,0.8,.372,6.0,11.8,.511,2.6,3.2,.814,3.6,8.8,12.4,3.0,1.7,1.8,2.0,4.9,15.6,114
Spencer Dinwiddie,PG,23,Spencer Dinwiddie,59,18,1334,4.8,10.7,.444,1.4,3.6,.376,3.4,7.1,.478,4.5,5.7,.792,1.0,4.9,5.8,6.6,1.6,0.8,2.3,4.2,15.4,116
Toney Douglas,PG,30,Toney Douglas,24,0,394,5.7,15.4,.368,0.9,5.5,.167,4.8,9.9,.480,3.2,3.8,.828,1.7,6.3,8.1,7.4,2.4,0.7,2.8,6.6,15.4,99
Goran Dragic,PG,30,Goran Dragic,73,73,2459,10.9,23.0,.475,2.4,5.9,.405,8.5,17.1,.499,6.1,7.7,.790,1.3,4.4,5.7,8.7,1.8,0.3,4.3,4.1,30.4,112
Andre Drummond,C,23,Andre Drummond,81,81,2409,10.1,19.1,.530,0.0,0.1,.286,10.1,19.0,.532,2.9,7.4,.386,7.2,16.1,23.4,1.9,2.6,1.9,3.2,5.0,23.2,104
Jared Dudley,PF,31,Jared Dudley,64,7,1362,5.5,12.2,.454,2.7,7.1,.379,2.8,5.0,.559,1.5,2.3,.662,1.1,6.8,7.9,4.3,1.5,0.6,2.6,5.4,15.3,109
Mike Dunleavy,SF,36,Mike Dunleavy,53,2,841,5.5,13.0,.423,3.1,7.9,.396,2.4,5.1,.465,2.1,2.7,.800,1.1,5.7,6.8,2.9,0.9,0.4,1.6,3.9,16.2,112
Mike Dunleavy,SF,36,Mike Dunleavy,23,2,366,4.9,12.3,.400,2.7,7.8,.351,2.2,4.5,.485,1.9,2.6,.737,0.7,5.7,6.4,2.7,0.8,0.3,1.9,4.4,14.5,104
Mike Dunleavy,SF,36,Mike Dunleavy,30,0,475,5.9,13.5,.438,3.4,8.0,.429,2.5,5.5,.453,2.3,2.7,.846,1.3,5.7,7.1,3.1,0.9,0.5,1.5,3.6,17.5,118
Kris Dunn,PG,22,Kris Dunn,78,7,1333,4.5,11.9,.377,0.8,2.8,.288,3.7,9.1,.404,1.4,2.2,.610,0.9,5.4,6.3,7.2,3.0,1.4,3.4,6.8,11.1,90
Kevin Durant,PF,28,Kevin Durant,62,62,2070,12.8,23.8,.537,2.7,7.3,.375,10.1,16.6,.608,7.8,8.9,.875,0.9,11.0,11.9,7.0,1.5,2.3,3.2,2.7,36.1,125
Jarell Eddie,SF,25,Jarell Eddie,5,0,62,4.6,14.7,.316,3.1,12.4,.250,1.5,2.3,.667,6.2,6.9,.889,0.8,4.6,5.4,0.0,0.8,0.0,0.8,0.8,18.5,112
,,,,,,,,,,,,,,,,,,,,,,,,,,,,
Henry Ellenson,PF,20,Henry Ellenson,19,2,146,8.0,22.1,.359,3.5,12.1,.286,4.5,10.0,.448,1.4,2.8,.500,2.8,11.4,14.2,2.4,0.3,0.3,4.8,2.1,20.8,82
Wayne Ellington,SG,29,Wayne Ellington,62,13,1500,7.8,18.7,.416,5.0,13.2,.378,2.8,5.4,.509,1.2,1.4,.860,0.6,3.8,4.4,2.4,1.2,0.1,1.0,2.4,21.8,114
Monta Ellis,SG,31,Monta Ellis,74,33,1998,6.2,14.0,.443,1.1,3.4,.319,5.1,10.6,.483,2.3,3.2,.727,0.5,4.6,5.1,5.9,2.0,0.7,3.4,3.7,15.8,97
Joel Embiid,C,22,Joel Embiid,31,31,786,12.4,26.6,.466,2.2,6.1,.367,10.2,20.5,.495,11.8,15.1,.783,3.8,11.3,15.1,4.1,1.7,4.7,7.3,6.9,38.9,103
James Ennis,SF,26,James Ennis,64,28,1501,5.1,11.1,.455,1.8,4.7,.372,3.3,6.4,.516,3.0,3.8,.782,2.4,6.6,9.0,2.2,1.6,0.7,2.0,5.7,14.9,113
Tyler Ennis,PG,22,Tyler Ennis,53,2,588,7.4,17.1,.433,2.2,5.8,.386,5.2,11.4,.457,1.7,2.1,.840,0.7,3.0,3.7,7.1,2.1,0.2,3.7,4.8,18.8,102
Tyler Ennis,PG,22,Tyler Ennis,31,0,196,6.1,15.7,.391,1.5,3.9,.375,4.7,11.8,.396,0.5,0.7,.667,1.0,3.7,4.7,8.3,1.5,0.0,5.9,7.1,14.2,85
Tyler Ennis,PG,22,Tyler Ennis,22,2,392,8.1,17.9,.451,2.6,6.7,.389,5.5,11.2,.489,2.4,2.7,.864,0.6,2.6,3.2,6.5,2.4,0.2,2.6,3.6,21.1,111
Tyreke Evans,SF,27,Tyreke Evans,40,6,788,9.4,23.3,.405,2.6,7.4,.356,6.8,15.9,.429,4.3,5.8,.750,0.8,7.8,8.6,7.8,2.2,0.6,3.8,3.8,25.9,99
Tyreke Evans,SF,27,Tyreke Evans,26,0,474,9.4,23.4,.401,2.2,7.2,.300,7.2,16.2,.446,4.6,6.0,.776,0.6,8.3,8.9,9.4,2.4,0.4,4.0,4.2,25.6,98
Tyreke Evans,SF,27,Tyreke Evans,14,6,314,9.5,23.0,.413,3.4,7.7,.438,6.1,15.3,.400,3.9,5.5,.706,1.1,7.1,8.2,5.3,1.9,0.8,3.5,3.1,26.3,99
Dante Exum,PG,21,Dante Exum,66,26,1228,6.6,15.5,.427,1.9,6.4,.295,4.7,9.1,.519,2.5,3.1,.795,1.3,4.4,5.6,4.7,0.9,0.5,3.4,6.2,17.6,100
Kenneth Faried,PF,27,Kenneth Faried,61,34,1296,8.6,15.7,.548,0.0,0.2,.000,8.6,15.4,.556,4.9,7.1,.693,6.9,10.5,17.4,2.1,1.6,1.5,2.2,4.7,22.1,123
Jordan Farmar,PG,30,Jordan Farmar,2,0,35,5.8,17.3,.333,5.8,13.0,.444,0.0,4.3,.000,0.0,0.0,,1.4,2.9,4.3,13.0,2.9,0.0,4.3,1.4,17.3,105
Derrick Favors,PF,25,Derrick Favors,50,39,1186,9.0,18.4,.487,0.1,0.4,.300,8.8,18.0,.491,3.0,4.8,.615,4.1,9.4,13.5,2.5,2.0,1.8,2.7,4.6,21.0,104
Kay Felder,PG,21,Kay Felder,42,0,386,8.0,20.4,.392,0.9,2.8,.318,7.1,17.6,.404,4.5,6.3,.714,0.4,4.9,5.3,7.5,2.3,0.9,3.9,4.9,21.5,95
Cristiano Felicio,C,24,Cristiano Felicio,66,0,1040,6.2,10.7,.579,0.0,0.0,,6.2,10.7,.579,2.9,4.5,.645,6.0,9.1,15.1,1.9,1.2,0.8,1.6,5.3,15.3,126
Raymond Felton,PG,32,Raymond Felton,80,11,1700,6.5,15.1,.430,1.4,4.2,.319,5.1,10.9,.473,1.5,1.9,.781,1.0,5.4,6.4,5.6,1.9,0.6,2.4,3.7,15.8,101
Yogi Ferrell,PG,23,Yogi Ferrell,46,29,1197,6.9,16.9,.406,2.9,7.6,.386,4.0,9.4,.422,3.2,3.8,.831,0.9,3.9,4.8,7.4,1.8,0.4,3.0,3.9,19.8,106
Yogi Ferrell,PG,23,Yogi Ferrell,10,0,151,5.7,15.4,.367,2.5,8.5,.296,3.1,6.9,.455,3.1,5.0,.625,1.3,2.5,3.8,5.3,0.6,0.6,4.4,3.5,17.0,90
Yogi Ferrell,PG,23,Yogi Ferrell,36,29,1046,7.1,17.2,.412,3.0,7.4,.403,4.1,9.8,.418,3.2,3.6,.877,0.8,4.1,4.9,7.7,2.0,0.3,2.8,3.9,20.3,108
Dorian Finney-Smith,PF,23,Dorian Finney-Smith,81,35,1642,3.9,10.6,.372,1.8,6.1,.293,2.2,4.5,.479,1.5,1.9,.754,1.7,5.3,7.0,2.1,1.6,0.8,1.4,4.0,11.1,99
Bryn Forbes,SG,23,Bryn Forbes,36,0,285,6.4,17.7,.364,3.0,9.5,.321,3.4,8.2,.413,0.9,1.1,.833,0.4,3.8,4.1,4.1,0.2,0.0,2.0,3.6,16.8,95
Evan Fournier,SG,24,Evan Fournier,68,66,2234,9.1,20.6,.439,2.8,8.0,.356,6.2,12.6,.491,4.9,6.1,.805,1.0,3.7,4.6,4.5,1.5,0.1,3.1,4.0,25.9,106
Randy Foye,SG,33,Randy Foye,69,40,1284,4.4,12.0,.363,2.5,7.5,.330,1.9,4.5,.418,2.0,2.3,.857,0.3,5.4,5.7,5.0,1.3,0.3,3.0,3.7,13.2,95
Tim Frazier,PG,26,Tim Frazier,65,35,1525,5.2,13.0,.403,1.3,4.1,.313,3.9,8.9,.446,3.1,4.1,.760,1.1,4.5,5.6,10.8,1.8,0.2,3.2,4.3,14.9,106
,,,,,,,,,,,,,,,,,,,,,,,,,,,,
Channing Frye,C,33,Channing Frye,74,15,1398,8.5,18.6,.458,4.9,12.0,.409,3.6,6.6,.546,2.2,2.6,.851,1.3,9.0,10.4,1.6,1.2,1.3,1.9,4.9,24.1,115
Danilo Gallinari,SF,28,Danilo Gallinari,63,63,2134,7.7,17.2,.447,2.9,7.4,.389,4.8,9.7,.491,8.0,8.9,.902,0.9,6.5,7.4,3.1,0.9,0.3,1.9,2.1,26.2,126
Langston Galloway,PG,25,Langston Galloway,74,2,1495,6.8,18.0,.380,4.0,10.2,.390,2.9,7.8,.367,1.7,2.1,.797,0.9,4.3,5.2,3.1,1.5,0.2,1.5,3.2,19.3,101
Langston Galloway,PG,25,Langston Galloway,55,0,1120,7.2,19.3,.374,4.4,11.7,.377,2.8,7.6,.370,1.7,2.3,.769,0.9,4.4,5.3,2.8,1.7,0.2,1.2,3.3,20.6,102
Langston Galloway,PG,25,Langston Galloway,19,2,375,5.7,14.0,.404,2.6,5.4,.475,3.1,8.6,.359,1.5,1.6,.917,0.9,3.8,4.7,3.8,0.8,0.1,2.4,2.7,15.4,100
Patricio Garino,SG,23,Patricio Garino,5,0,43,0.0,8.1,.000,0.0,5.8,.000,0.0,2.3,.000,0.0,0.0,,1.2,6.9,8.1,0.0,0.0,0.0,3.5,4.6,0.0,8
Marc Gasol,C,32,Marc Gasol,74,74,2531,10.9,23.8,.459,2.1,5.5,.388,8.8,18.3,.480,5.7,6.8,.837,1.2,8.3,9.5,6.9,1.4,2.0,3.4,3.5,29.7,111
Pau Gasol,C,36,Pau Gasol,64,39,1627,9.5,18.9,.502,1.8,3.3,.538,7.7,15.7,.494,4.1,5.8,.707,3.4,12.3,15.7,4.7,0.8,2.2,2.5,3.4,24.8,116
Rudy Gay,SF,30,Rudy Gay,30,30,1013,10.0,22.1,.455,2.1,5.6,.372,7.9,16.4,.483,5.9,6.9,.855,1.7,7.7,9.5,4.1,2.2,1.3,3.7,3.9,28.1,105
Michael Gbinije,SG,24,Michael Gbinije,9,0,32,1.6,15.8,.100,0.0,6.3,.000,1.6,9.5,.167,3.2,3.2,1.000,3.2,1.6,4.7,3.2,0.0,0.0,0.0,3.2,6.3,64
Alonzo Gee,SF,29,Alonzo Gee,13,0,89,1.6,7.7,.214,0.0,1.6,.000,1.6,6.0,.273,2.7,4.9,.556,2.2,6.0,8.2,3.3,2.7,0.5,2.2,7.7,6.0,78
Paul George,SF,26,Paul George,75,75,2689,11.6,25.1,.461,3.6,9.2,.393,7.9,15.9,.501,6.3,7.0,.898,1.1,8.1,9.2,4.7,2.2,0.5,4.1,3.8,33.0,109
Marcus Georges-Hunt,SG,22,Marcus Georges-Hunt,5,0,48,2.1,7.2,.286,1.0,2.1,.500,1.0,5.2,.200,9.3,10.3,.900,1.0,8.3,9.3,3.1,1.0,0.0,2.1,5.2,14.5,121
Jonathan Gibson,PG,29,Jonathan Gibson,17,0,231,7.9,21.4,.368,3.4,10.1,.333,4.5,11.3,.400,4.7,6.5,.724,0.2,4.7,5.0,5.9,1.8,0.0,4.7,4.7,23.9,91
Taj Gibson,PF,31,Taj Gibson,78,71,1989,9.2,17.8,.515,0.1,0.3,.231,9.1,17.5,.520,2.8,4.0,.715,4.0,8.2,12.2,1.8,1.0,1.6,2.6,4.1,21.3,107
Taj Gibson,PF,31,Taj Gibson,55,55,1502,9.3,17.8,.521,0.1,0.4,.167,9.2,17.4,.529,2.9,4.0,.714,4.0,8.8,12.8,2.0,0.9,1.7,2.6,4.1,21.4,108
Taj Gibson,PF,31,Taj Gibson,23,16,487,9.0,18.0,.497,0.1,0.1,1.000,8.9,17.9,.494,2.8,3.9,.718,3.8,6.5,10.4,1.3,1.4,1.5,2.8,4.0,20.9,104
Manu Ginobili,SG,39,Manu Ginobili,69,0,1291,6.7,17.3,.390,3.5,9.0,.392,3.2,8.4,.387,3.4,4.2,.804,1.1,5.1,6.2,7.2,3.2,0.6,3.8,4.7,20.4,104
Rudy Gobert,C,24,Rudy Gobert,81,81,2744,7.9,11.9,.661,0.0,0.0,.000,7.9,11.9,.662,5.9,9.1,.653,6.0,13.8,19.8,1.9,0.9,4.1,2.8,4.7,21.7,129
Archie Goodwin,SG,22,Archie Goodwin,15,0,214,8.0,14.7,.545,1.1,3.3,.333,6.9,11.3,.608,7.3,9.3,.786,1.6,4.7,6.2,5.3,0.9,1.1,3.1,1.8,24.5,122
Archie Goodwin,SG,22,Archie Goodwin,3,0,30,3.3,8.2,.400,1.6,3.3,.500,1.6,4.9,.333,16.3,16.3,1.000,0.0,0.0,0.0,1.6,0.0,1.6,0.0,1.6,24.5,174
Archie Goodwin,SG,22,Archie Goodwin,12,0,184,8.8,15.7,.557,1.0,3.3,.308,7.7,12.4,.625,5.9,8.2,.719,1.8,5.4,7.2,5.9,1.0,1.0,3.6,1.8,24.5,117
Aaron Gordon,SF,21,Aaron Gordon,80,72,2298,8.5,18.7,.454,1.7,5.8,.288,6.8,12.9,.528,3.4,4.7,.719,2.5,6.2,8.7,3.2,1.4,0.9,1.9,3.7,22.0,107
Eric Gordon,SG,28,Eric Gordon,75,15,2323,8.5,21.0,.406,5.1,13.7,.372,3.4,7.3,.468,3.0,3.6,.840,0.6,3.6,4.2,3.9,1.0,0.8,2.5,3.1,25.1,109
Marcin Gortat,C,32,Marcin Gortat,82,82,2556,7.5,13.0,.579,0.0,0.0,.000,7.5,13.0,.580,2.0,3.1,.648,4.6,11.8,16.4,2.3,0.8,1.2,2.3,4.1,17.0,117
Treveon Graham,SG,23,Treveon Graham,27,1,189,5.0,10.6,.475,2.4,4.0,.600,2.7,6.6,.400,2.7,4.0,.667,1.3,4.5,5.8,1.6,1.6,0.3,0.8,4.8,15.1,122
,,,,,,,,,,,,,,,,,,,,,,,,,,,,
Jerami Grant,PF,22,Jerami Grant,80,4,1531,4.9,10.5,.463,1.4,3.7,.371,3.5,6.8,.514,2.9,4.7,.612,1.2,5.4,6.6,1.5,1.1,2.5,1.4,4.8,14.0,111
Jerami Grant,PF,22,Jerami Grant,2,0,41,7.1,20.2,.353,0.0,2.4,.000,7.1,17.8,.400,4.8,9.5,.500,0.0,7.1,7.1,0.0,0.0,4.8,3.6,5.9,19.0,70
Jerami Grant,PF,22,Jerami Grant,78,4,1490,4.8,10.2,.469,1.4,3.8,.377,3.4,6.5,.523,2.8,4.6,.619,1.3,5.3,6.6,1.5,1.1,2.5,1.4,4.7,13.9,113
Jerian Grant,PG,24,Jerian Grant,63,28,1028,6.3,14.7,.425,2.4,6.6,.366,3.9,8.2,.473,3.2,3.6,.890,0.8,4.6,5.4,5.9,2.3,0.4,2.2,4.6,18.1,114
Danny Green,SG,29,Danny Green,68,68,1807,5.0,12.7,.392,3.3,8.8,.379,1.6,3.9,.420,0.8,0.9,.844,0.9,5.4,6.3,3.5,2.0,1.6,2.1,3.4,14.0,103
Draymond Green,PF,26,Draymond Green,76,76,2471,5.3,12.7,.418,1.6,5.1,.308,3.7,7.5,.494,2.9,4.1,.709,1.9,9.8,11.7,10.4,3.0,2.1,3.6,4.2,15.1,111
Gerald Green,SF,31,Gerald Green,47,0,538,8.8,21.4,.409,3.6,10.2,.351,5.2,11.2,.463,3.0,3.8,.805,1.5,6.3,7.7,3.0,0.8,0.6,2.3,4.4,24.1,102
JaMychal Green,PF,26,JaMychal Green,77,75,2101,6.2,12.4,.500,1.4,3.6,.379,4.8,8.8,.549,3.3,4.1,.802,4.1,9.3,13.5,2.1,1.2,0.8,2.3,6.1,17.1,117
Jeff Green,PF,30,Jeff Green,69,11,1534,7.1,18.0,.394,1.7,6.2,.275,5.4,11.8,.458,4.7,5.4,.863,1.3,5.7,6.9,2.6,1.2,0.4,2.4,3.3,20.6,99
Blake Griffin,PF,27,Blake Griffin,61,61,2076,11.5,23.4,.493,0.9,2.7,.336,10.6,20.7,.514,7.7,10.1,.760,2.7,9.3,12.0,7.2,1.4,0.5,3.4,3.8,31.7,115
Justin Hamilton,C,26,Justin Hamilton,64,7,1177,7.0,15.3,.459,2.2,7.2,.306,4.8,8.0,.598,1.6,2.1,.750,2.9,7.7,10.6,2.2,1.2,1.7,1.7,3.7,17.8,109
A.J. Hammons,C,24,A.J. Hammons,22,0,163,5.4,13.4,.405,1.6,3.2,.500,3.8,10.2,.375,2.9,6.4,.450,2.6,8.9,11.5,1.3,0.3,4.2,3.2,6.7,15.3,87
Tim Hardaway,SG,24,Tim Hardaway,79,30,2154,9.5,20.9,.455,3.4,9.5,.357,6.1,11.3,.537,3.8,4.9,.766,0.8,4.3,5.1,4.2,1.3,0.3,2.4,2.4,26.2,110
James Harden,PG,27,James Harden,81,81,2947,11.0,25.0,.440,4.3,12.3,.347,6.7,12.7,.530,12.1,14.3,.847,1.5,9.2,10.7,14.8,2.0,0.6,7.6,3.5,38.4,118
Maurice Harkless,SF,23,Maurice Harkless,77,69,2223,7.0,13.9,.503,1.5,4.3,.351,5.5,9.6,.572,1.7,2.8,.621,2.8,4.8,7.6,2.0,1.9,1.6,1.9,4.8,17.3,112
Justin Harper,PF,27,Justin Harper,3,0,31,7.9,18.9,.417,3.1,11.0,.286,4.7,7.9,.600,0.0,0.0,,3.1,4.7,7.9,3.1,0.0,0.0,6.3,3.1,18.9,82
Montrezl Harrell,C,23,Montrezl Harrell,58,14,1064,10.1,15.6,.652,0.0,0.3,.143,10.1,15.2,.663,3.4,5.5,.628,3.7,6.2,9.9,2.9,0.9,1.9,2.0,5.7,23.8,129
Devin Harris,PG,33,Devin Harris,65,0,1087,6.5,16.3,.399,2.8,8.5,.328,3.7,7.9,.476,5.1,6.2,.829,0.5,5.6,6.1,6.5,2.1,0.3,2.7,4.8,20.9,108
Gary Harris,SG,22,Gary Harris,57,56,1782,8.8,17.5,.502,2.9,7.0,.420,5.8,10.5,.558,2.8,3.7,.776,1.3,3.6,4.9,4.5,1.9,0.2,2.1,2.5,23.3,121
Joe Harris,SG,25,Joe Harris,52,11,1138,6.4,15.1,.425,3.5,9.2,.385,2.9,5.9,.489,1.5,2.0,.714,0.7,5.5,6.1,2.2,1.2,0.3,2.3,5.0,17.8,101
Manny Harris,SG,27,Manny Harris,4,0,25,6.2,31.2,.200,0.0,4.2,.000,6.2,27.1,.231,4.2,8.3,.500,6.2,12.5,18.7,4.2,0.0,0.0,4.2,2.1,16.7,61
Tobias Harris,PF,24,Tobias Harris,82,48,2567,10.1,20.9,.481,2.1,6.2,.347,7.9,14.7,.537,3.7,4.4,.841,1.2,6.9,8.2,2.8,1.2,0.8,1.9,2.6,26.0,113
,,,,,,,,,,,,,,,,,,,,,,,,,,,,
Aaron Harrison,SG,22,Aaron Harrison,5,0,17,0.0,11.8,.000,0.0,5.9,.000,0.0,5.9,.000,3.0,5.9,.500,0.0,8.9,8.9,8.9,0.0,0.0,0.0,5.9,3.0,55
Andrew Harrison,PG,22,Andrew Harrison,72,18,1474,4.1,12.7,.325,1.5,5.5,.276,2.6,7.2,.363,5.2,6.8,.763,0.8,4.0,4.8,7.0,1.9,0.7,3.0,6.8,15.0,100
Udonis Haslem,C,36,Udonis Haslem,16,0,130,4.3,8.9,.478,0.0,1.2,.000,4.3,7.8,.550,3.5,5.8,.600,3.1,10.9,14.0,2.3,2.3,0.4,3.1,8.5,12.0,98
Spencer Hawes,PF,28,Spencer Hawes,54,1,797,8.5,17.5,.484,1.6,5.1,.309,6.9,12.4,.556,2.8,3.3,.846,2.4,9.7,12.1,5.1,0.9,1.9,3.1,4.9,21.3,108
Spencer Hawes,PF,28,Spencer Hawes,35,1,626,8.3,17.5,.477,1.3,4.4,.291,7.1,13.1,.540,2.4,2.7,.882,2.6,9.1,11.7,5.0,1.0,2.1,3.2,4.9,20.4,105
Spencer Hawes,PF,28,Spencer Hawes,19,0,171,8.9,17.5,.508,2.7,7.7,.346,6.2,9.8,.636,4.2,5.3,.778,1.8,11.6,13.4,5.6,0.6,1.2,2.7,4.8,24.7,119
Gordon Hayward,SF,26,Gordon Hayward,73,73,2516,11.4,24.1,.471,3.1,7.8,.398,8.3,16.3,.506,7.5,8.9,.844,1.0,7.2,8.2,5.3,1.5,0.4,2.9,2.4,33.4,118
Gerald Henderson,SG,29,Gerald Henderson,72,41,1667,6.8,16.2,.423,1.8,5.1,.353,5.1,11.1,.455,3.9,4.8,.806,1.0,4.4,5.4,3.3,1.2,0.4,1.8,3.8,19.3,106
John Henson,C,26,John Henson,58,39,1123,7.2,14.0,.515,0.0,0.0,.000,7.2,13.9,.516,3.3,4.8,.692,4.2,9.2,13.3,2.6,1.3,3.5,2.4,6.8,17.7,110
Juan Hernangomez,PF,21,Juan Hernangomez,62,9,842,5.9,13.0,.451,2.7,6.6,.407,3.2,6.4,.495,3.3,4.4,.750,2.5,8.4,10.8,1.7,1.7,0.7,1.8,3.6,17.7,117
Willy Hernangomez,C,22,Willy Hernangomez,72,22,1324,9.3,17.6,.529,0.2,0.6,.267,9.1,17.0,.538,3.4,4.7,.728,6.4,12.5,19.0,3.6,1.5,1.4,3.8,5.7,22.2,111
Mario Hezonja,SF,21,Mario Hezonja,65,2,960,6.0,17.0,.355,2.2,7.4,.299,3.8,9.6,.398,2.1,2.6,.800,1.0,6.5,7.5,3.2,1.5,0.8,3.0,3.8,16.4,87
Roy Hibbert,C,30,Roy Hibbert,48,13,682,5.9,10.8,.544,0.0,0.0,,5.9,10.8,.544,4.5,5.5,.813,4.0,7.2,11.2,1.5,0.6,3.4,2.4,7.4,16.2,117
Roy Hibbert,C,30,Roy Hibbert,42,13,671,5.8,10.8,.542,0.0,0.0,,5.8,10.8,.542,4.6,5.6,.813,4.0,7.3,11.2,1.5,0.6,3.3,2.3,7.3,16.2,117
Roy Hibbert,C,30,Roy Hibbert,6,0,11,8.9,13.3,.667,0.0,0.0,,8.9,13.3,.667,0.0,0.0,,4.4,4.4,8.9,4.4,0.0,8.9,4.4,13.3,17.8,112
Buddy Hield,SG,24,Buddy Hield,82,55,1888,8.6,20.1,.426,3.9,10.0,.391,4.7,10.2,.461,1.7,2.0,.842,0.9,6.1,7.1,3.2,1.0,0.2,2.7,3.0,22.7,100
Buddy Hield,SG,24,Buddy Hield,57,37,1161,7.8,19.9,.393,3.8,10.2,.369,4.0,9.7,.417,1.2,1.4,.879,0.8,6.2,7.0,3.2,0.8,0.3,2.0,3.4,20.6,97
Buddy Hield,SG,24,Buddy Hield,25,18,727,9.9,20.6,.480,4.1,9.6,.428,5.8,11.0,.525,2.4,3.0,.814,1.1,6.1,7.2,3.1,1.4,0.1,3.7,2.4,26.3,105
Nene Hilario,C,34,Nene Hilario,67,8,1198,9.8,15.9,.617,0.1,0.4,.333,9.7,15.5,.624,4.6,7.9,.589,3.8,7.5,11.3,2.6,2.2,1.6,2.9,6.5,24.4,118
George Hill,PG,30,George Hill,49,49,1544,9.8,20.6,.477,3.2,7.9,.403,6.6,12.7,.523,5.3,6.7,.801,0.8,4.9,5.7,6.9,1.7,0.4,2.9,3.9,28.1,119
Jordan Hill,C,29,Jordan Hill,7,0,47,5.4,14.0,.385,0.0,0.0,,5.4,14.0,.385,2.2,2.2,1.000,8.6,6.5,15.1,0.0,1.1,0.0,4.3,9.7,12.9,90
Solomon Hill,SF,25,Solomon Hill,80,71,2374,3.8,9.9,.383,1.9,5.6,.348,1.8,4.3,.428,2.1,2.6,.805,1.1,5.3,6.3,2.9,1.5,0.7,1.7,3.8,11.6,103
Darrun Hilliard,SG,23,Darrun Hilliard,39,1,381,6.2,16.7,.373,1.6,6.1,.261,4.6,10.6,.438,2.8,3.7,.750,0.3,4.1,4.4,4.4,1.5,0.3,3.7,5.2,16.8,87
Jrue Holiday,PG,26,Jrue Holiday,67,61,2190,9.1,20.0,.454,2.2,6.3,.356,6.8,13.7,.498,2.7,3.8,.708,1.0,4.9,5.9,10.9,2.2,1.0,4.3,3.0,23.0,104
Justin Holiday,SG,27,Justin Holiday,82,4,1639,7.1,16.4,.433,3.0,8.3,.355,4.1,8.1,.513,2.0,2.4,.825,0.8,6.0,6.9,3.1,2.0,0.9,2.0,3.3,19.2,108
Rondae Hollis-Jefferson,SF,22,Rondae Hollis-Jefferson,78,50,1761,6.3,14.6,.434,0.4,1.8,.224,5.9,12.8,.463,5.1,6.8,.751,2.6,9.6,12.2,4.1,2.2,1.2,3.1,4.8,18.2,102
,,,,,,,,,,,,,,,,,,,,,,,,,,,,
Richaun Holmes,C,23,Richaun Holmes,57,17,1193,9.4,16.8,.558,1.1,3.1,.351,8.3,13.7,.606,2.9,4.2,.699,3.8,8.9,12.7,2.4,1.7,2.2,2.2,5.6,22.8,117
Rodney Hood,SG,24,Rodney Hood,59,55,1593,9.0,21.9,.408,3.8,10.1,.371,5.2,11.8,.440,3.0,3.8,.783,0.5,6.1,6.6,3.2,1.3,0.4,2.1,4.3,24.6,104
Al Horford,C,30,Al Horford,68,68,2193,8.6,18.1,.473,1.9,5.5,.355,6.6,12.6,.524,2.4,3.1,.800,2.1,8.4,10.5,7.6,1.2,1.9,2.6,3.1,21.5,114
Danuel House,SG,23,Danuel House,1,0,1,0.0,0.0,,0.0,0.0,,0.0,0.0,,0.0,0.0,,0.0,49.3,49.3,0.0,0.0,0.0,0.0,0.0,0.0,
Dwight Howard,C,31,Dwight Howard,74,74,2199,8.7,13.7,.633,0.0,0.0,.000,8.7,13.7,.635,5.1,9.5,.533,6.6,14.4,21.1,2.3,1.4,2.1,3.8,4.6,22.5,115
Marcelo Huertas,PG,33,Marcelo Huertas,23,1,237,5.1,14.0,.368,0.8,3.9,.211,4.3,10.1,.429,1.9,3.5,.529,0.4,4.5,4.9,10.7,2.1,0.4,3.9,3.3,13.0,92
Josh Huestis,PF,25,Josh Huestis,2,0,31,9.5,17.4,.545,3.2,6.3,.500,6.3,11.1,.571,0.0,1.6,.000,6.3,7.9,14.2,4.7,0.0,4.7,0.0,0.0,22.2,143
Kris Humphries,PF,31,Kris Humphries,56,4,689,6.2,15.3,.407,1.4,3.9,.352,4.9,11.4,.425,4.6,5.9,.780,4.3,10.4,14.7,2.1,1.1,1.5,2.0,4.9,18.4,108
R.J. Hunter,SG,23,R.J. Hunter,3,0,9,0.0,5.6,.000,0.0,5.6,.000,0.0,0.0,,0.0,0.0,,0.0,5.6,5.6,0.0,0.0,0.0,0.0,0.0,0.0,0
Serge Ibaka,PF,27,Serge Ibaka,79,79,2422,9.7,20.2,.480,2.6,6.5,.391,7.1,13.7,.522,2.2,2.6,.856,2.7,8.4,11.1,1.5,0.8,2.6,2.2,4.4,24.2,109
Serge Ibaka,PF,27,Serge Ibaka,56,56,1710,9.9,20.4,.488,2.4,6.2,.388,7.5,14.2,.532,2.2,2.6,.846,2.9,8.2,11.1,1.7,1.0,2.6,1.9,4.0,24.5,111
Serge Ibaka,PF,27,Serge Ibaka,23,23,712,9.1,19.9,.459,2.9,7.3,.398,6.2,12.5,.494,2.1,2.4,.882,2.1,9.0,11.1,1.1,0.5,2.3,2.8,5.4,23.3,105
Andre Iguodala,SF,33,Andre Iguodala,76,0,1998,5.3,10.0,.528,1.5,4.3,.362,3.7,5.7,.651,1.7,2.5,.706,1.2,6.1,7.3,6.3,1.8,0.9,1.4,2.3,13.8,129
Ersan Ilyasova,PF,29,Ersan Ilyasova,82,52,2142,8.8,20.3,.431,3.2,9.2,.353,5.5,11.1,.496,3.7,4.7,.778,2.6,8.4,11.0,3.2,1.3,0.5,2.6,4.8,24.4,107
Ersan Ilyasova,PF,29,Ersan Ilyasova,3,0,62,4.7,12.7,.375,2.4,9.5,.250,2.4,3.2,.750,0.0,0.0,,1.6,11.1,12.7,0.8,2.4,0.8,3.2,4.0,11.9,83
Ersan Ilyasova,PF,29,Ersan Ilyasova,53,40,1447,9.6,21.8,.440,3.6,10.0,.359,6.0,11.8,.509,3.7,4.8,.768,2.4,8.2,10.6,3.3,1.1,0.5,2.6,4.5,26.5,107
Ersan Ilyasova,PF,29,Ersan Ilyasova,26,12,633,7.2,17.6,.412,2.5,7.2,.348,4.8,10.4,.455,4.0,5.1,.800,3.3,8.5,11.8,3.3,1.7,0.6,2.6,5.7,21.0,107
Joe Ingles,SF,29,Joe Ingles,82,26,1972,5.4,12.0,.452,3.3,7.4,.441,2.2,4.6,.471,1.3,1.8,.735,0.6,6.3,6.9,6.0,2.6,0.2,2.8,4.3,15.4,112
Brandon Ingram,SF,19,Brandon Ingram,79,40,2279,5.9,14.7,.402,1.2,4.0,.294,4.7,10.7,.443,2.8,4.6,.621,1.3,5.5,6.8,3.5,1.1,0.8,2.5,3.4,15.8,96
Kyrie Irving,PG,24,Kyrie Irving,72,72,2525,13.3,28.1,.473,3.5,8.7,.401,9.8,19.4,.505,5.9,6.5,.905,1.0,3.5,4.5,8.3,1.6,0.5,3.6,3.1,35.9,116
Jarrett Jack,PG,33,Jarrett Jack,2,0,33,3.0,4.5,.667,0.0,1.5,.000,3.0,3.0,1.000,3.0,3.0,1.000,0.0,0.0,0.0,7.4,3.0,0.0,4.5,5.9,8.9,105
Demetrius Jackson,PG,22,Demetrius Jackson,5,0,17,8.8,11.7,.750,2.9,2.9,1.000,5.8,8.8,.667,8.8,17.5,.500,5.8,5.8,11.7,8.8,0.0,0.0,0.0,0.0,29.2,167
Pierre Jackson,PG,25,Pierre Jackson,8,1,84,8.1,24.2,.333,1.9,6.8,.273,6.2,17.3,.357,3.7,4.3,.857,0.6,5.0,5.6,11.8,1.2,0.0,1.9,3.1,21.7,99
Reggie Jackson,PG,26,Reggie Jackson,52,50,1424,10.1,24.0,.419,2.3,6.5,.359,7.7,17.5,.442,4.2,4.8,.868,0.7,3.3,4.0,9.6,1.2,0.2,4.0,4.6,26.7,103
LeBron James,SF,32,LeBron James,74,74,2794,13.1,24.0,.548,2.2,6.1,.363,10.9,17.9,.611,6.4,9.5,.674,1.7,9.7,11.4,11.5,1.6,0.8,5.4,2.4,34.9,119
,,,,,,,,,,,,,,,,,,,,,,,,,,,,
Al Jefferson,C,32,Al Jefferson,66,1,931,12.6,25.3,.499,0.0,0.1,.000,12.6,25.3,.500,3.5,4.6,.765,4.0,10.9,14.9,3.1,1.0,0.9,1.8,6.7,28.8,109
Richard Jefferson,SF,36,Richard Jefferson,79,13,1614,4.7,10.6,.446,1.9,5.8,.333,2.8,4.9,.580,2.5,3.3,.741,0.9,5.4,6.3,2.4,0.8,0.3,1.6,4.7,13.9,111
John Jenkins,SG,25,John Jenkins,4,0,13,7.4,18.4,.400,3.7,7.4,.500,3.7,11.0,.333,7.4,7.4,1.000,0.0,3.7,3.7,3.7,0.0,0.0,0.0,0.0,25.8,135
Brandon Jennings,PG,27,Brandon Jennings,81,13,1802,5.3,14.8,.359,2.2,7.0,.313,3.1,7.8,.399,3.2,4.2,.750,0.8,4.6,5.4,10.9,1.9,0.1,3.5,3.2,16.0,104
Brandon Jennings,PG,27,Brandon Jennings,58,11,1428,5.7,15.0,.380,2.4,7.0,.340,3.3,8.0,.415,3.6,4.7,.756,0.7,4.6,5.3,10.1,1.9,0.1,3.7,2.9,17.4,105
Brandon Jennings,PG,27,Brandon Jennings,23,2,374,3.8,14.0,.274,1.5,6.9,.212,2.4,7.1,.333,1.6,2.2,.706,1.1,4.7,5.8,14.2,2.0,0.0,2.9,4.2,10.7,98
Jonas Jerebko,PF,29,Jonas Jerebko,78,6,1232,4.6,10.5,.435,1.8,5.2,.346,2.8,5.3,.523,1.0,1.5,.703,2.4,8.6,10.9,2.9,1.0,0.7,1.6,4.9,12.0,109
Amir Johnson,PF,29,Amir Johnson,80,77,1608,6.6,11.4,.576,0.8,2.0,.409,5.7,9.4,.612,2.1,3.1,.670,3.6,7.6,11.3,4.3,1.6,1.9,2.4,6.5,16.0,121
Brice Johnson,PF,22,Brice Johnson,3,0,9,11.1,38.9,.286,0.0,0.0,,11.1,38.9,.286,0.0,0.0,,5.6,11.1,16.7,5.6,11.1,5.6,5.6,0.0,22.2,67
James Johnson,PF,29,James Johnson,76,5,2085,8.9,18.6,.479,2.1,6.2,.340,6.8,12.4,.548,3.7,5.2,.707,1.6,7.5,9.1,6.7,1.8,2.1,4.1,4.8,23.6,107
Joe Johnson,SF,35,Joe Johnson,78,14,1843,7.8,17.8,.436,3.0,7.3,.411,4.8,10.5,.454,1.8,2.2,.818,0.9,6.0,6.9,4.1,1.0,0.5,2.0,2.6,20.3,109
Stanley Johnson,SF,20,Stanley Johnson,77,1,1371,4.8,13.4,.353,1.7,5.7,.292,3.1,7.8,.398,1.3,2.0,.679,1.3,5.6,7.0,3.9,2.1,0.9,2.6,4.5,12.5,88
Tyler Johnson,PG,24,Tyler Johnson,73,0,2178,8.3,19.1,.433,2.2,5.8,.372,6.1,13.3,.460,4.5,5.9,.768,1.2,5.6,6.8,5.4,1.9,1.0,2.1,4.1,23.2,112
Wesley Johnson,SF,29,Wesley Johnson,68,3,810,4.5,12.3,.365,1.8,7.3,.246,2.7,5.1,.537,0.7,1.0,.647,1.6,9.6,11.2,1.4,1.8,1.9,1.1,5.1,11.5,94
Nikola Jokic,C,21,Nikola Jokic,73,59,2038,11.8,20.5,.578,1.1,3.3,.324,10.8,17.1,.628,4.5,5.5,.825,5.1,12.1,17.2,8.6,1.5,1.3,4.1,5.1,29.3,126
Dahntay Jones,SF,36,Dahntay Jones,1,0,12,12.5,33.3,.375,0.0,8.3,.000,12.5,25.0,.500,12.5,16.6,.750,4.2,4.2,8.3,4.2,0.0,0.0,4.2,4.2,37.4,97
Damian Jones,C,21,Damian Jones,10,0,85,4.5,9.1,.500,0.0,0.0,,4.5,9.1,.500,1.7,5.7,.300,5.1,7.9,13.0,0.0,0.6,2.3,3.4,8.5,10.8,87
Derrick Jones,SF,19,Derrick Jones,32,8,545,6.0,10.6,.562,0.3,1.0,.273,5.7,9.7,.591,2.5,3.6,.707,3.4,3.5,6.9,1.1,1.2,1.1,1.1,5.5,14.8,124
James Jones,SF,36,James Jones,48,2,381,5.8,12.1,.478,4.1,8.6,.470,1.7,3.4,.500,1.7,2.6,.650,0.4,4.5,4.8,1.8,0.8,1.3,1.3,4.8,17.3,122
Terrence Jones,PF,25,Terrence Jones,54,12,1270,8.9,19.0,.470,0.7,2.9,.253,8.2,16.1,.508,4.0,6.6,.606,2.5,9.3,11.8,2.3,1.5,2.1,1.9,2.6,22.5,103
Terrence Jones,PF,25,Terrence Jones,51,12,1264,8.9,18.9,.472,0.7,2.9,.253,8.2,16.0,.512,4.0,6.6,.606,2.5,9.2,11.7,2.3,1.5,2.1,1.9,2.6,22.6,103
Terrence Jones,PF,25,Terrence Jones,3,0,6,0.0,25.4,.000,0.0,0.0,,0.0,25.4,.000,0.0,0.0,,0.0,25.4,25.4,0.0,8.5,8.5,0.0,0.0,0.0,0
Tyus Jones,PG,20,Tyus Jones,60,0,774,4.9,11.9,.414,1.7,4.8,.356,3.2,7.1,.454,2.2,2.8,.767,0.7,3.7,4.4,10.2,3.1,0.3,2.5,3.3,13.7,114
DeAndre Jordan,C,28,DeAndre Jordan,81,81,2570,8.0,11.2,.714,0.0,0.0,.000,8.0,11.2,.717,4.0,8.3,.482,5.8,15.9,21.7,1.9,1.0,2.6,2.2,4.1,20.0,129
,,,,,,,,,,,,,,,,,,,,,,,,,,,,
Cory Joseph,PG,25,Cory Joseph,80,22,2003,7.6,16.7,.452,1.2,3.4,.356,6.4,13.3,.477,2.4,3.1,.770,1.3,4.7,5.9,6.7,1.7,0.3,2.7,3.5,18.7,108
Frank Kaminsky,C,23,Frank Kaminsky,75,16,1954,8.2,20.6,.399,3.0,9.1,.328,5.2,11.5,.455,3.0,4.0,.756,1.5,7.2,8.6,4.2,1.2,0.9,2.0,3.6,22.4,102
Enes Kanter,C,24,Enes Kanter,72,0,1533,12.9,23.6,.545,0.2,1.2,.132,12.7,22.4,.568,7.2,9.1,.786,6.2,9.2,15.4,2.1,1.0,1.2,3.9,4.9,33.1,116
Ryan Kelly,PF,25,Ryan Kelly,16,0,110,3.6,12.5,.286,1.8,4.5,.400,1.8,8.1,.222,2.2,2.7,.833,0.4,7.6,8.1,3.6,1.8,2.2,1.8,2.2,11.2,87
Michael Kidd-Gilchrist,SF,23,Michael Kidd-Gilchrist,81,81,2349,6.3,13.2,.477,0.0,0.2,.111,6.3,13.0,.483,3.2,4.1,.784,3.3,8.7,12.1,2.4,1.7,1.6,1.2,4.0,15.9,113
Sean Kilpatrick,SG,27,Sean Kilpatrick,70,24,1754,8.2,19.9,.415,2.8,8.3,.341,5.4,11.5,.468,5.5,6.5,.843,0.6,7.0,7.6,4.2,1.2,0.2,3.6,3.2,24.8,102
Brandon Knight,SG,25,Brandon Knight,54,5,1140,8.8,22.0,.398,1.9,5.8,.324,6.9,16.2,.425,5.5,6.5,.857,1.0,3.9,5.0,5.5,1.1,0.2,3.7,3.7,25.0,101
Kyle Korver,SG,35,Kyle Korver,67,22,1753,6.8,14.6,.464,4.6,10.2,.451,2.2,4.4,.494,1.1,1.2,.905,0.2,5.1,5.3,3.1,1.0,0.6,2.0,3.0,19.2,116
Kyle Korver,SG,35,Kyle Korver,32,21,894,6.0,13.6,.439,3.6,8.8,.409,2.4,4.8,.494,1.3,1.5,.889,0.0,4.9,4.9,4.1,1.3,0.7,2.2,2.6,16.8,109
Kyle Korver,SG,35,Kyle Korver,35,1,859,7.6,15.6,.487,5.6,11.6,.485,2.0,4.0,.493,0.8,0.9,.933,0.4,5.2,5.6,2.0,0.6,0.5,1.7,3.5,21.7,122
Kosta Koufos,C,27,Kosta Koufos,71,62,1419,7.7,14.0,.551,0.0,0.0,.000,7.7,13.9,.552,1.4,2.2,.613,4.2,10.2,14.4,1.7,1.3,1.7,2.2,6.1,16.8,109
Mindaugas Kuzminskas,SF,27,Mindaugas Kuzminskas,68,5,1016,7.8,18.2,.428,2.7,8.3,.321,5.1,9.9,.517,2.7,3.3,.809,2.3,3.9,6.2,3.4,1.4,0.5,2.5,3.9,20.9,107
Skal Labissiere,PF,20,Skal Labissiere,33,12,612,9.7,18.0,.537,0.2,0.7,.375,9.4,17.4,.543,4.3,6.1,.703,4.2,9.2,13.4,2.2,1.3,1.1,3.1,5.3,23.9,110
Jeremy Lamb,SG,24,Jeremy Lamb,62,5,1143,9.9,21.5,.460,1.8,6.4,.281,8.1,15.1,.536,4.8,5.7,.853,1.3,10.3,11.6,3.3,1.2,1.0,1.8,4.3,26.5,109
Nicolas Laprovittola,PG,27,Nicolas Laprovittola,18,3,174,5.9,13.8,.426,2.9,7.9,.370,2.9,5.9,.500,2.6,2.6,1.000,0.3,2.6,2.9,8.2,1.2,0.3,5.6,5.6,17.3,99
Joffrey Lauvergne,PF-C,25,Joffrey Lauvergne,70,1,980,7.5,16.9,.440,1.7,4.9,.337,5.8,12.0,.483,2.3,3.7,.630,3.6,9.0,12.6,3.5,1.3,0.3,2.8,4.2,18.9,104
Joffrey Lauvergne,PF,25,Joffrey Lauvergne,50,0,739,7.4,16.2,.455,1.8,5.2,.346,5.6,11.0,.506,2.5,3.9,.638,3.4,8.8,12.2,3.4,1.2,0.4,2.7,4.7,19.0,108
Joffrey Lauvergne,C,25,Joffrey Lauvergne,20,1,241,7.7,19.2,.402,1.3,4.2,.300,6.5,15.0,.431,1.9,3.1,.600,4.4,9.8,14.2,4.0,1.5,0.0,3.3,2.5,18.6,95
Zach LaVine,SG,21,Zach LaVine,47,47,1749,9.5,20.6,.459,3.5,9.0,.387,6.0,11.6,.515,3.4,4.1,.836,0.6,4.1,4.6,4.0,1.2,0.3,2.5,3.0,25.8,112
Ty Lawson,PG,29,Ty Lawson,69,24,1732,6.9,15.2,.454,1.0,3.4,.288,5.9,11.8,.502,5.1,6.3,.797,1.3,3.9,5.2,9.8,2.2,0.2,3.8,3.5,19.9,110
Jake Layman,SF,22,Jake Layman,35,1,249,5.2,17.7,.292,2.6,10.2,.255,2.6,7.6,.342,2.6,3.4,.765,1.2,3.6,4.8,2.2,1.8,0.6,2.2,4.4,15.6,84
Courtney Lee,SG,31,Courtney Lee,77,74,2459,6.5,14.3,.456,2.2,5.5,.401,4.3,8.8,.490,1.7,2.0,.867,1.1,4.2,5.3,3.6,1.6,0.5,1.4,2.9,17.0,115
David Lee,PF,33,David Lee,79,10,1477,8.6,14.5,.590,0.0,0.0,,8.6,14.5,.590,2.8,3.9,.708,5.1,10.1,15.2,4.3,1.1,1.4,2.8,4.3,19.9,120
Alex Len,C,23,Alex Len,77,34,1560,7.1,14.2,.497,0.1,0.4,.250,7.0,13.8,.503,4.6,6.4,.721,4.8,10.9,15.6,1.4,1.2,3.0,3.1,7.4,18.8,108
,,,,,,,,,,,,,,,,,,,,,,,,,,,,
Kawhi Leonard,SF,25,Kawhi Leonard,74,74,2474,13.1,27.0,.485,3.0,8.0,.380,10.1,19.1,.529,9.7,11.0,.880,1.6,7.2,8.9,5.4,2.7,1.1,3.2,2.5,38.9,121
Meyers Leonard,PF,24,Meyers Leonard,74,12,1222,5.9,15.4,.386,3.0,8.7,.347,2.9,6.7,.436,1.4,1.6,.875,1.1,8.5,9.6,2.9,0.5,1.1,1.4,7.0,16.3,105
Jon Leuer,PF,27,Jon Leuer,75,34,1944,8.1,16.8,.480,1.3,4.3,.293,6.8,12.4,.545,2.5,2.9,.867,2.7,7.8,10.4,2.9,0.8,0.7,1.7,3.8,19.9,113
Caris LeVert,SF,22,Caris LeVert,57,26,1237,6.6,14.6,.450,2.3,7.1,.321,4.3,7.5,.571,2.6,3.6,.720,0.9,6.3,7.2,4.2,1.9,0.3,2.3,3.5,17.9,107
DeAndre Liggins,SG,28,DeAndre Liggins,62,19,777,3.5,9.1,.387,1.1,3.0,.370,2.4,6.2,.396,1.6,2.6,.625,1.3,5.7,6.9,3.5,3.0,0.9,2.7,5.2,9.8,92
DeAndre Liggins,SG,28,DeAndre Liggins,61,19,752,3.5,9.0,.382,1.1,3.0,.378,2.3,6.0,.385,1.5,2.5,.622,1.1,5.6,6.7,3.6,3.0,0.9,2.8,5.2,9.6,91
DeAndre Liggins,SG,28,DeAndre Liggins,1,0,25,6.2,12.5,.500,0.0,2.1,.000,6.2,10.4,.600,4.2,6.2,.667,6.2,8.3,14.6,0.0,4.2,0.0,0.0,6.2,16.7,128
Damian Lillard,PG,26,Damian Lillard,75,75,2694,12.2,27.4,.444,3.9,10.7,.370,8.2,16.8,.492,9.0,10.0,.895,0.8,5.9,6.8,8.1,1.3,0.4,3.6,2.8,37.3,118
Jeremy Lin,PG,28,Jeremy Lin,36,33,883,9.4,21.5,.438,3.1,8.4,.372,6.3,13.1,.480,6.2,7.6,.816,0.6,6.7,7.2,9.9,2.3,0.8,4.6,4.2,28.1,109
Shaun Livingston,PG,31,Shaun Livingston,76,3,1345,6.2,11.3,.547,0.0,0.1,.333,6.2,11.2,.550,1.5,2.1,.700,1.0,4.4,5.4,5.0,1.4,0.7,2.2,4.3,13.9,110
Shawn Long,C,24,Shawn Long,18,0,234,12.7,22.7,.560,1.5,4.0,.368,11.2,18.7,.600,4.0,7.3,.543,8.5,9.2,17.7,2.7,1.9,1.9,2.7,10.2,30.8,118
Kevon Looney,C,20,Kevon Looney,53,4,447,6.0,11.5,.523,0.2,1.0,.222,5.8,10.5,.551,2.3,3.7,.618,4.7,8.6,13.3,3.1,1.6,1.8,1.8,6.9,14.5,118
Brook Lopez,C,28,Brook Lopez,75,75,2222,11.8,25.0,.474,2.9,8.3,.346,9.0,16.7,.536,6.3,7.8,.810,2.6,6.0,8.6,3.8,0.8,2.6,3.9,4.1,32.8,108
Robin Lopez,C,28,Robin Lopez,81,81,2271,8.5,17.2,.493,0.0,0.0,.000,8.5,17.1,.494,1.7,2.3,.721,5.4,6.1,11.5,1.8,0.4,2.6,2.0,3.3,18.6,108
Kevin Love,PF,28,Kevin Love,60,60,1885,9.8,23.0,.427,3.8,10.3,.373,6.0,12.7,.471,6.8,7.8,.871,3.9,13.7,17.6,3.1,1.4,0.6,3.2,3.3,30.2,114
Kyle Lowry,PG,30,Kyle Lowry,60,60,2244,9.6,20.7,.464,4.4,10.6,.412,5.3,10.2,.518,6.8,8.2,.819,1.1,5.4,6.5,9.4,2.0,0.4,3.9,3.8,30.4,123
John Lucas III,PG,34,John Lucas III,5,0,11,4.6,18.4,.250,0.0,4.6,.000,4.6,13.8,.333,0.0,0.0,,0.0,0.0,0.0,4.6,9.2,0.0,0.0,0.0,9.2,70
Timothe Luwawu-Cabarrot,SF,21,Timothe Luwawu-Cabarrot,69,19,1190,5.9,14.8,.402,2.0,6.6,.311,3.9,8.2,.475,4.3,5.0,.854,1.0,5.1,6.1,3.1,1.3,0.4,3.0,6.3,18.2,100
Trey Lyles,PF,21,Trey Lyles,71,4,1158,7.2,19.9,.362,2.9,9.2,.319,4.3,10.6,.400,2.6,3.6,.722,2.2,8.5,10.6,3.1,1.2,0.9,2.9,4.4,19.9,94
Sheldon Mac,SG,24,Sheldon Mac,30,3,287,5.2,12.9,.400,1.2,5.2,.233,4.0,7.7,.511,4.0,4.6,.852,0.7,5.2,5.8,2.6,1.4,0.3,0.9,2.9,15.5,112
Shelvin Mack,PG,26,Shelvin Mack,55,9,1205,7.4,16.6,.446,1.6,5.2,.308,5.8,11.4,.510,2.3,3.4,.688,0.9,4.6,5.4,6.7,1.8,0.1,3.9,4.4,18.7,99
Ian Mahinmi,C,30,Ian Mahinmi,31,0,555,5.8,9.9,.586,0.0,0.0,,5.8,9.9,.586,3.8,6.7,.573,4.2,9.1,13.3,1.7,2.9,2.1,3.0,8.0,15.4,110
,,,,,,,,,,,,,,,,,,,,,,,,,,,,
Thon Maker,C,19,Thon Maker,57,34,562,7.5,16.4,.459,2.5,6.7,.378,5.0,9.7,.514,2.9,4.4,.653,3.6,6.7,10.3,2.1,0.9,2.3,1.5,7.6,20.4,114
Boban Marjanovic,C,28,Boban Marjanovic,35,0,293,12.4,22.8,.545,0.0,0.0,,12.4,22.8,.545,8.1,10.0,.810,7.9,14.5,22.4,1.6,1.0,2.1,1.7,4.3,32.9,128
Jarell Martin,PF,22,Jarell Martin,42,3,558,5.4,14.1,.384,0.8,2.3,.360,4.6,11.7,.389,3.7,4.7,.800,3.9,11.2,15.1,0.7,1.6,0.8,2.6,8.5,15.4,96
Wesley Matthews,SG,30,Wesley Matthews,73,73,2495,6.9,17.7,.393,3.6,10.0,.363,3.3,7.7,.432,3.0,3.7,.816,0.4,5.0,5.4,4.4,1.6,0.3,2.1,3.4,20.6,104
Luc Mbah a Moute,SF,30,Luc Mbah a Moute,80,76,1787,5.3,10.6,.505,1.2,3.1,.391,4.1,7.5,.552,1.6,2.4,.678,1.2,3.5,4.8,1.1,2.3,1.0,1.3,3.4,13.5,111
James Michael McAdoo,PF,24,James Michael McAdoo,52,2,457,6.5,12.3,.530,0.2,0.8,.250,6.3,11.5,.550,2.2,4.4,.500,3.6,6.0,9.6,1.9,1.9,3.1,2.0,4.9,15.5,108
Patrick McCaw,SG,21,Patrick McCaw,71,20,1074,4.7,11.0,.433,1.8,5.5,.333,2.9,5.5,.533,1.3,1.7,.784,0.9,3.5,4.5,3.4,1.4,0.7,1.6,2.8,12.6,107
CJ McCollum,SG,25,CJ McCollum,80,80,2796,12.3,25.6,.480,3.3,7.8,.421,9.0,17.8,.506,4.8,5.2,.912,1.1,4.1,5.1,5.1,1.3,0.7,3.1,3.6,32.6,114
T.J. McConnell,PG,24,T.J. McConnell,81,51,2133,5.4,11.7,.461,0.3,1.3,.200,5.1,10.4,.492,1.7,2.1,.811,0.9,4.8,5.7,12.2,3.1,0.2,3.6,3.2,12.7,107
Chris McCullough,PF,21,Chris McCullough,16,0,80,9.5,19.0,.500,0.6,4.2,.143,8.9,14.9,.600,1.8,3.0,.600,5.4,5.9,11.3,1.2,1.2,1.2,1.8,4.2,21.4,107
Chris McCullough,PF,21,Chris McCullough,14,0,72,10.5,20.4,.516,0.7,4.0,.167,9.9,16.5,.600,1.3,2.0,.667,5.9,5.3,11.2,1.3,0.7,1.3,1.3,4.6,23.0,113
Chris McCullough,PF,21,Chris McCullough,2,0,8,0.0,6.2,.000,0.0,6.2,.000,0.0,0.0,,6.2,12.3,.500,0.0,12.3,12.3,0.0,6.2,0.0,6.2,0.0,6.2,37
K.J. McDaniels,SF,23,K.J. McDaniels,49,0,505,7.3,15.9,.456,1.9,6.2,.303,5.4,9.7,.553,3.0,3.6,.842,1.4,6.3,7.7,1.2,1.8,1.7,2.7,4.6,19.4,100
K.J. McDaniels,SF,23,K.J. McDaniels,29,0,212,7.0,15.4,.456,2.0,6.1,.333,5.0,9.3,.537,2.0,2.3,.900,1.4,5.4,6.8,0.9,1.6,1.8,2.3,5.4,18.1,102
K.J. McDaniels,SF,23,K.J. McDaniels,20,0,293,7.4,16.3,.455,1.8,6.3,.282,5.7,10.0,.565,3.7,4.5,.821,1.5,7.0,8.4,1.5,1.9,1.6,3.1,4.0,20.4,100
Doug McDermott,SF,25,Doug McDermott,66,5,1508,7.4,16.5,.447,2.6,6.9,.370,4.8,9.6,.502,2.4,2.8,.845,0.7,5.3,5.9,1.9,0.4,0.2,1.3,2.6,19.6,112
Doug McDermott,SF,25,Doug McDermott,44,4,1078,7.8,17.4,.445,2.6,7.0,.373,5.1,10.4,.493,2.8,3.1,.881,0.7,5.4,6.1,2.1,0.5,0.2,1.5,2.7,20.9,111
Doug McDermott,SF,25,Doug McDermott,22,1,430,6.4,14.2,.452,2.4,6.6,.362,4.0,7.5,.530,1.4,1.9,.706,0.7,4.9,5.6,1.5,0.2,0.1,0.7,2.5,16.5,116
JaVale McGee,C,29,JaVale McGee,77,10,739,13.5,20.8,.652,0.0,0.2,.000,13.5,20.6,.658,3.6,7.2,.505,6.5,9.4,15.9,1.1,1.2,4.4,2.6,7.1,30.7,120
Rodney McGruder,SG,25,Rodney McGruder,78,65,1966,4.9,11.8,.413,1.9,5.6,.332,3.0,6.2,.488,1.1,1.8,.620,2.4,4.2,6.6,3.2,1.2,0.5,1.4,3.6,12.7,108
Ben McLemore,SG,23,Ben McLemore,61,26,1176,7.7,18.0,.430,2.8,7.3,.382,4.9,10.7,.462,3.0,4.0,.753,0.8,4.7,5.6,2.2,1.2,0.3,2.7,4.6,21.3,99
Jordan McRae,SG,25,Jordan McRae,37,4,384,7.5,19.5,.387,2.3,6.6,.353,5.2,12.9,.404,3.5,4.4,.794,0.8,4.5,5.3,2.5,1.0,0.8,1.8,4.0,20.9,99
Josh McRoberts,PF,29,Josh McRoberts,22,14,381,5.8,15.6,.373,1.7,4.1,.419,4.1,11.5,.356,0.8,1.2,.667,3.0,6.7,9.8,6.6,1.3,0.5,3.0,4.1,14.2,97
Jodie Meeks,SG,29,Jodie Meeks,36,10,738,6.9,17.2,.402,3.8,9.2,.409,3.2,8.0,.395,4.4,5.0,.878,0.3,4.8,5.2,3.0,2.3,0.3,2.4,2.8,22.0,107
Salah Mejri,C,30,Salah Mejri,73,11,905,5.1,7.9,.642,0.1,0.2,.333,5.0,7.7,.649,2.1,3.5,.590,5.6,12.1,17.7,0.8,1.8,3.5,2.3,8.7,12.2,121
Jordan Mickey,PF,22,Jordan Mickey,25,1,141,5.3,12.0,.441,0.0,0.4,.000,5.3,11.6,.455,2.8,4.9,.571,4.6,7.4,12.0,2.5,1.1,2.1,3.2,4.2,13.4,96
,,,,,,,,,,,,,,,,,,,,,,,,,,,,
Khris Middleton,SF,25,Khris Middleton,29,23,889,8.6,19.0,.450,2.6,5.9,.433,6.0,13.1,.459,4.6,5.3,.880,0.6,6.4,7.0,5.7,2.3,0.4,3.7,4.5,24.3,106
C.J. Miles,SF,29,C.J. Miles,76,29,1776,7.9,18.2,.434,4.8,11.5,.413,3.2,6.7,.471,2.4,2.6,.903,0.8,5.6,6.5,1.4,1.3,0.7,1.1,4.3,23.0,115
Mike Miller,SF,36,Mike Miller,20,0,151,2.9,7.4,.391,2.6,6.5,.400,0.3,1.0,.333,0.6,0.6,1.000,0.6,11.6,12.3,7.1,0.6,0.0,4.2,2.9,9.1,98
Patty Mills,PG,28,Patty Mills,80,8,1754,7.9,18.0,.440,4.3,10.3,.414,3.7,7.7,.474,1.9,2.3,.825,0.7,3.4,4.1,8.1,1.9,0.1,2.9,3.2,22.1,114
Elijah Millsap,SG,29,Elijah Millsap,2,0,23,2.1,14.6,.143,0.0,4.2,.000,2.1,10.4,.200,2.1,4.2,.500,6.2,6.2,12.5,2.1,0.0,0.0,4.2,4.2,6.2,57
Paul Millsap,PF,31,Paul Millsap,69,67,2343,9.0,20.4,.442,1.6,5.1,.311,7.5,15.4,.486,6.5,8.5,.768,2.3,8.9,11.2,5.3,1.9,1.3,3.3,3.9,26.2,108
Nikola Mirotic,PF,25,Nikola Mirotic,70,15,1679,7.7,18.8,.413,3.9,11.3,.342,3.9,7.4,.520,3.0,3.8,.773,1.8,9.7,11.5,2.3,1.6,1.7,2.4,3.8,22.3,107
Greg Monroe,C,26,Greg Monroe,81,0,1823,10.8,20.2,.533,0.0,0.1,.000,10.8,20.1,.536,4.9,6.7,.741,4.7,10.2,14.8,5.2,2.6,1.1,3.9,4.7,26.5,111
E'Twaun Moore,SG,27,E'Twaun Moore,73,22,1820,7.6,16.7,.457,2.1,5.6,.370,5.5,11.1,.501,1.5,2.0,.770,0.9,3.2,4.1,4.4,1.3,0.9,1.7,3.5,18.8,107
Marcus Morris,SF,27,Marcus Morris,79,79,2565,8.3,19.8,.418,2.3,7.0,.331,6.0,12.8,.466,2.9,3.6,.784,1.5,5.7,7.2,3.2,1.0,0.5,1.7,3.3,21.8,105
Markieff Morris,PF,27,Markieff Morris,76,76,2374,8.4,18.5,.457,1.5,4.1,.362,7.0,14.4,.483,3.7,4.5,.837,2.2,8.0,10.2,2.6,1.7,0.9,2.7,5.3,22.1,106
Anthony Morrow,SG,31,Anthony Morrow,49,7,714,6.8,17.4,.389,2.8,9.2,.308,3.9,8.2,.479,2.3,2.6,.919,0.8,1.3,2.1,1.7,1.7,0.1,0.4,3.0,18.7,112
Anthony Morrow,SG,31,Anthony Morrow,40,7,627,6.7,17.5,.386,2.7,9.3,.294,4.0,8.1,.490,1.8,2.0,.885,0.9,1.4,2.3,1.5,1.7,0.2,0.5,3.1,18.0,108
Anthony Morrow,SG,31,Anthony Morrow,9,0,87,6.9,16.8,.414,3.5,8.1,.429,3.5,8.7,.400,6.4,6.4,1.000,0.6,0.6,1.2,3.5,1.2,0.0,0.0,2.3,23.7,137
Donatas Motiejunas,PF,26,Donatas Motiejunas,34,0,479,5.8,14.1,.413,1.1,4.8,.234,4.7,9.3,.505,2.6,5.0,.510,2.7,7.7,10.3,3.3,1.8,1.1,3.2,5.6,15.3,91
Timofey Mozgov,C,30,Timofey Mozgov,54,52,1104,7.5,14.5,.515,0.0,0.0,.000,7.5,14.4,.517,2.8,3.4,.808,4.6,7.1,11.7,1.9,0.7,1.4,3.2,5.9,17.7,106
Emmanuel Mudiay,PG,20,Emmanuel Mudiay,55,41,1406,7.2,19.1,.377,1.9,6.2,.315,5.3,13.0,.408,4.5,5.8,.784,1.0,5.2,6.2,7.5,1.4,0.5,4.3,3.3,20.9,98
Shabazz Muhammad,SF,24,Shabazz Muhammad,78,1,1516,9.6,20.0,.482,1.6,4.9,.338,8.0,15.2,.528,4.9,6.4,.774,2.8,4.5,7.4,1.2,0.7,0.2,1.9,2.9,25.8,114
Dejounte Murray,PG,20,Dejounte Murray,38,8,322,7.9,18.4,.431,1.4,3.6,.391,6.5,14.7,.441,3.3,4.7,.700,0.9,5.7,6.6,7.6,1.3,0.9,6.0,4.6,20.6,91
Jamal Murray,SG,19,Jamal Murray,82,10,1764,8.2,20.2,.404,3.2,9.5,.334,5.0,10.7,.466,2.9,3.3,.883,1.1,4.8,5.9,4.7,1.4,0.7,3.1,3.4,22.5,103
Mike Muscala,C,25,Mike Muscala,70,3,1237,6.8,13.4,.504,1.8,4.4,.418,4.9,9.0,.546,2.0,2.6,.766,3.0,6.5,9.6,3.8,1.2,1.6,2.2,3.9,17.3,116
Larry Nance,PF,24,Larry Nance,63,7,1442,6.4,12.2,.526,0.3,1.2,.278,6.1,11.0,.554,2.0,2.7,.738,4.1,8.4,12.5,3.2,2.8,1.3,1.9,5.0,15.2,117
,,,,,,,,,,,,,,,,,,,,,,,,,,,,
Shabazz Napier,PG,25,Shabazz Napier,53,2,512,7.1,17.7,.399,3.3,8.9,.370,3.8,8.8,.429,3.7,4.8,.776,0.8,5.1,5.9,6.5,3.1,0.2,4.0,3.7,21.1,102
Maurice Ndour,PF,24,Maurice Ndour,32,4,331,5.9,13.0,.453,0.2,1.1,.143,5.7,11.9,.481,2.9,3.9,.731,3.3,6.3,9.7,1.2,2.3,1.2,1.8,4.5,14.8,104
Gary Neal,SG,32,Gary Neal,2,0,18,0.0,19.2,.000,0.0,5.5,.000,0.0,13.7,.000,11.0,11.0,1.000,0.0,2.7,2.7,2.7,0.0,0.0,0.0,2.7,11.0,61
Jameer Nelson,PG,34,Jameer Nelson,75,39,2045,6.4,14.4,.444,2.5,6.5,.388,3.9,7.9,.489,1.1,1.5,.714,0.7,3.9,4.6,9.2,1.3,0.2,3.1,4.7,16.4,111
Raul Neto,PG,24,Raul Neto,40,0,346,6.2,13.8,.451,1.5,4.7,.323,4.7,9.1,.517,1.2,1.4,.889,0.6,3.9,4.5,5.2,3.2,0.8,2.3,7.3,15.2,105
Georges Niang,PF,23,Georges Niang,23,0,93,4.8,19.4,.250,0.5,6.5,.083,4.3,12.9,.333,1.1,1.1,1.000,1.1,8.1,9.1,2.7,1.6,0.0,2.7,3.2,11.3,62
Andrew Nicholson,PF,27,Andrew Nicholson,38,0,342,6.1,15.8,.387,0.7,3.8,.185,5.4,12.0,.452,1.3,2.0,.643,2.1,6.5,8.7,1.4,2.3,0.9,2.4,7.8,14.2,85
Andrew Nicholson,PF,27,Andrew Nicholson,28,0,231,6.4,16.4,.390,0.6,3.4,.188,5.8,13.0,.443,1.5,2.6,.583,2.3,4.9,7.3,1.5,2.3,1.3,2.3,7.9,14.9,87
Andrew Nicholson,PF,27,Andrew Nicholson,10,0,111,5.6,14.5,.382,0.9,4.7,.182,4.7,9.8,.478,0.9,0.9,1.000,1.7,9.8,11.5,1.3,2.1,0.0,2.6,7.7,12.8,81
Joakim Noah,C,31,Joakim Noah,46,46,1015,4.9,10.0,.490,0.0,0.0,.000,4.9,9.9,.493,1.7,3.8,.436,8.0,11.9,19.9,5.1,1.5,1.8,2.9,6.3,11.4,111
Nerlens Noel,C,22,Nerlens Noel,51,19,1047,8.8,14.8,.595,0.0,0.0,.000,8.8,14.8,.597,3.7,5.3,.694,4.5,9.6,14.1,2.4,3.1,2.4,2.4,6.0,21.3,119
Nerlens Noel,C,22,Nerlens Noel,29,7,564,9.2,15.1,.611,0.0,0.1,.000,9.2,15.0,.615,3.7,5.4,.683,4.0,8.5,12.4,2.6,3.7,2.2,2.5,6.1,22.2,119
Nerlens Noel,C,22,Nerlens Noel,22,12,483,8.3,14.4,.575,0.0,0.0,,8.3,14.4,.575,3.7,5.2,.708,5.1,11.1,16.2,2.2,2.4,2.6,2.4,5.9,20.3,118
Lucas Nogueira,C,24,Lucas Nogueira,57,6,1088,4.8,7.3,.660,0.1,0.6,.250,4.7,6.7,.694,2.0,3.1,.657,3.8,7.5,11.4,2.0,2.4,4.1,2.1,6.4,11.8,125
Steve Novak,PF,33,Steve Novak,8,0,22,4.6,16.2,.286,2.3,13.9,.167,2.3,2.3,1.000,0.0,0.0,,0.0,6.9,6.9,0.0,0.0,0.0,0.0,2.3,11.5,75
Dirk Nowitzki,PF,38,Dirk Nowitzki,54,54,1424,10.8,24.8,.437,2.9,7.6,.378,7.9,17.1,.463,3.6,4.1,.875,0.8,12.1,12.9,3.0,1.1,1.4,1.9,4.1,28.1,103
Jusuf Nurkic,C,22,Jusuf Nurkic,65,48,1391,9.6,18.9,.507,0.0,0.0,.000,9.6,18.8,.508,4.2,7.4,.571,5.4,11.1,16.5,4.3,1.8,2.6,5.1,5.7,23.4,101
Jusuf Nurkic,C,22,Jusuf Nurkic,45,29,807,9.1,18.0,.507,0.0,0.0,,9.1,18.0,.507,3.4,6.8,.496,5.4,10.3,15.7,3.6,1.5,2.2,4.9,5.3,21.7,98
Jusuf Nurkic,C,22,Jusuf Nurkic,20,19,584,10.2,20.1,.508,0.0,0.1,.000,10.2,20.0,.511,5.4,8.2,.660,5.5,12.1,17.6,5.4,2.1,3.2,5.3,6.2,25.8,105
David Nwaba,SG,24,David Nwaba,20,2,397,5.8,9.9,.580,0.1,0.6,.200,5.6,9.3,.605,3.1,4.8,.641,2.1,5.6,7.7,1.7,1.6,0.9,1.4,4.4,14.7,121
Johnny O'Bryant,PF,23,Johnny O'Bryant,11,0,80,9.3,18.5,.500,1.9,3.7,.500,7.4,14.8,.500,3.1,3.7,.833,5.6,6.2,11.7,3.7,0.0,0.6,3.7,6.2,23.5,112
Johnny O'Bryant,PF,23,Johnny O'Bryant,7,0,46,7.4,15.9,.467,2.1,3.2,.667,5.3,12.7,.417,4.2,4.2,1.000,5.3,6.4,11.7,2.1,0.0,1.1,3.2,4.2,21.2,116
Johnny O'Bryant,PF,23,Johnny O'Bryant,4,0,34,11.8,22.1,.533,1.5,4.4,.333,10.3,17.7,.583,1.5,3.0,.500,5.9,5.9,11.8,5.9,0.0,0.0,4.4,8.9,26.6,108
Kyle O'Quinn,C,26,Kyle O'Quinn,79,8,1229,8.7,16.8,.521,0.1,0.7,.118,8.7,16.1,.538,2.6,3.4,.771,6.4,11.5,17.9,4.8,1.5,4.2,3.1,7.1,20.2,114
Daniel Ochefu,C,23,Daniel Ochefu,19,0,75,7.9,17.7,.444,0.0,0.0,,7.9,17.7,.444,0.0,1.3,.000,3.3,11.2,14.5,2.0,1.3,0.0,2.0,11.2,15.8,91
Jahlil Okafor,C,21,Jahlil Okafor,50,33,1134,10.4,20.2,.514,0.0,0.0,,10.4,20.2,.514,4.6,6.8,.671,3.5,6.8,10.3,2.5,0.9,2.1,3.9,5.2,25.3,101
Victor Oladipo,SG,24,Victor Oladipo,67,67,2222,9.1,20.6,.442,2.8,7.8,.361,6.3,12.8,.491,2.6,3.4,.753,0.9,5.6,6.4,3.9,1.7,0.5,2.6,3.4,23.6,106
Kelly Olynyk,C,25,Kelly Olynyk,75,6,1538,8.4,16.4,.512,2.2,6.2,.354,6.2,10.2,.608,2.9,4.0,.732,2.4,9.3,11.6,4.8,1.4,0.9,3.1,6.7,21.9,113
,,,,,,,,,,,,,,,,,,,,,,,,,,,,
Arinze Onuaku,C,29,Arinze Onuaku,8,0,28,3.5,7.1,.500,0.0,0.0,,3.5,7.1,.500,0.0,0.0,,3.5,7.1,10.6,3.5,0.0,1.8,3.5,5.3,7.1,90
Chinanu Onuaku,C,20,Chinanu Onuaku,5,1,52,4.6,6.5,.714,0.0,0.0,,4.6,6.5,.714,3.7,3.7,1.000,1.8,7.4,9.2,2.8,2.8,0.9,3.7,5.5,12.9,119
Kelly Oubre,SF,21,Kelly Oubre,79,5,1605,5.7,13.6,.421,1.7,5.8,.287,4.1,7.8,.520,2.3,3.0,.758,1.9,6.1,8.0,1.4,1.8,0.5,1.5,6.0,15.4,104
Zaza Pachulia,C,32,Zaza Pachulia,70,70,1268,6.2,11.6,.534,0.0,0.1,.000,6.2,11.6,.538,3.7,4.8,.778,5.3,10.2,15.6,5.0,2.2,1.3,3.3,6.3,16.2,118
Georgios Papagiannis,C,19,Georgios Papagiannis,22,0,355,8.0,14.5,.549,0.0,0.3,.000,8.0,14.3,.560,1.7,2.0,.857,3.4,8.8,12.3,2.9,0.4,2.4,3.4,6.3,17.7,104
Jabari Parker,PF,21,Jabari Parker,51,50,1728,11.7,23.9,.490,1.9,5.2,.365,9.8,18.7,.525,4.8,6.4,.743,2.3,6.9,9.2,4.2,1.5,0.6,2.7,3.3,30.1,110
Tony Parker,PG,34,Tony Parker,63,63,1587,8.5,18.3,.466,0.7,2.2,.333,7.8,16.1,.484,2.7,3.8,.726,0.3,3.3,3.6,9.2,1.1,0.1,2.9,3.0,20.5,107
Chandler Parsons,SF,28,Chandler Parsons,34,34,675,5.8,17.1,.338,1.9,7.2,.269,3.9,9.9,.388,2.7,3.3,.814,0.5,6.0,6.5,4.2,1.5,0.4,1.8,4.0,16.2,93
Lamar Patterson,SG,25,Lamar Patterson,5,0,40,3.7,18.5,.200,1.2,7.4,.167,2.5,11.1,.222,2.5,3.7,.667,1.2,7.4,8.6,7.4,1.2,0.0,4.9,7.4,11.1,64
Patrick Patterson,PF,27,Patrick Patterson,65,8,1599,4.9,12.2,.401,3.0,8.0,.372,1.9,4.2,.458,1.4,1.9,.717,2.0,7.3,9.3,2.4,1.3,0.7,1.2,3.8,14.1,115
Chris Paul,PG,31,Chris Paul,61,61,1921,9.7,20.4,.476,3.2,7.9,.411,6.5,12.6,.518,6.0,6.8,.892,1.0,6.9,7.9,14.6,3.1,0.2,3.8,3.8,28.7,126
Adreian Payne,PF,25,Adreian Payne,18,0,135,8.6,20.3,.426,1.1,5.6,.200,7.5,14.7,.513,5.3,7.1,.737,3.4,9.0,12.4,2.6,3.0,2.6,3.0,12.0,23.7,103
Cameron Payne,PG,22,Cameron Payne,31,0,462,6.9,20.7,.332,2.9,9.2,.314,4.0,11.5,.346,0.5,0.9,.625,0.3,4.8,5.1,5.9,1.5,0.4,3.1,5.6,17.1,86
Cameron Payne,PG,22,Cameron Payne,20,0,320,6.6,19.9,.331,2.5,8.0,.308,4.1,12.0,.346,0.6,0.6,1.000,0.3,4.4,4.8,6.1,1.5,0.6,2.5,5.8,16.3,90
Cameron Payne,PG,22,Cameron Payne,11,0,142,7.4,22.3,.333,3.9,12.1,.324,3.5,10.3,.345,0.4,1.4,.250,0.4,5.7,6.0,5.3,1.4,0.0,4.6,5.0,19.2,80
Elfrid Payton,PG,22,Elfrid Payton,82,58,2412,8.8,18.7,.471,0.8,3.0,.274,8.0,15.7,.509,3.0,4.3,.692,1.8,6.1,8.0,10.9,1.8,0.8,3.7,3.6,21.5,107
Gary Payton,PG,24,Gary Payton,6,0,99,4.1,11.3,.364,0.5,4.6,.111,3.6,6.7,.538,1.5,2.6,.600,0.0,6.2,6.2,6.7,1.5,2.1,5.1,4.6,10.3,74
Paul Pierce,SF,39,Paul Pierce,25,7,277,5.1,12.6,.400,2.7,7.8,.349,2.3,4.9,.481,1.8,2.3,.769,0.2,8.5,8.7,1.8,0.7,0.9,2.9,7.2,14.6,92
Marshall Plumlee,C,24,Marshall Plumlee,21,1,170,4.7,8.8,.533,0.0,0.0,,4.7,8.8,.533,2.4,5.6,.421,6.8,8.2,15.0,2.9,1.2,1.2,3.5,6.8,11.8,103
Mason Plumlee,C,26,Mason Plumlee,81,64,2148,7.7,14.3,.536,0.0,0.1,.000,7.7,14.2,.541,4.0,6.9,.580,3.9,10.0,13.9,6.5,1.6,2.1,3.1,5.2,19.4,114
Mason Plumlee,C,26,Mason Plumlee,54,54,1516,7.7,14.5,.532,0.0,0.2,.000,7.7,14.3,.538,4.2,7.3,.567,3.9,10.2,14.1,7.0,1.6,2.1,2.9,4.9,19.6,116
Mason Plumlee,C,26,Mason Plumlee,27,10,632,7.6,14.0,.547,0.0,0.1,.000,7.6,13.9,.550,3.6,5.9,.618,3.9,9.5,13.4,5.4,1.5,2.2,3.6,5.9,18.9,112
Miles Plumlee,C,28,Miles Plumlee,45,12,484,4.6,9.6,.478,0.0,0.0,,4.6,9.6,.478,2.6,4.1,.641,4.0,6.0,9.9,2.2,1.9,1.4,3.1,7.6,11.8,99
Miles Plumlee,C,28,Miles Plumlee,32,12,310,4.9,11.1,.441,0.0,0.0,,4.9,11.1,.441,3.6,5.7,.629,3.8,4.9,8.7,2.9,1.8,1.5,3.6,7.9,13.4,95
Miles Plumlee,C,28,Miles Plumlee,13,0,174,4.0,6.9,.583,0.0,0.0,,4.0,6.9,.583,0.9,1.2,.750,4.3,7.8,12.1,0.9,2.0,1.2,2.3,7.2,8.9,109
Jakob Poeltl,C,21,Jakob Poeltl,54,4,626,5.4,9.3,.583,0.0,0.0,,5.4,9.3,.583,2.5,4.6,.544,6.3,7.0,13.4,1.0,1.4,1.6,2.3,9.1,13.4,118
,,,,,,,,,,,,,,,,,,,,,,,,,,,,
Otto Porter,SF,23,Otto Porter,80,80,2605,7.8,15.2,.516,2.8,6.5,.434,5.0,8.7,.576,1.9,2.3,.832,2.2,7.5,9.7,2.3,2.2,0.8,0.8,3.7,20.3,129
Bobby Portis,PF,21,Bobby Portis,64,13,1000,9.2,18.9,.488,1.6,4.8,.333,7.6,14.1,.541,2.0,3.0,.661,3.8,11.1,14.9,1.8,0.8,0.6,1.9,4.7,22.0,110
Kristaps Porzingis,PF,21,Kristaps Porzingis,66,65,2164,10.2,22.8,.450,2.6,7.3,.357,7.6,15.5,.493,4.6,5.8,.786,2.6,8.4,11.0,2.2,1.1,3.0,2.7,5.6,27.6,108
Dwight Powell,C,25,Dwight Powell,77,3,1333,7.6,14.7,.515,0.8,2.9,.284,6.8,11.8,.571,4.2,5.5,.759,3.6,8.3,11.9,1.9,2.4,1.5,1.3,5.3,20.1,120
Norman Powell,SG,23,Norman Powell,76,18,1368,8.4,18.7,.449,2.1,6.4,.324,6.3,12.3,.514,4.7,5.9,.792,1.0,5.3,6.3,3.0,1.9,0.5,2.6,4.7,23.6,109
Alex Poythress,PF,23,Alex Poythress,6,1,157,7.8,16.8,.463,1.9,5.9,.316,5.9,10.9,.543,2.5,3.1,.800,3.4,5.6,9.0,1.6,0.9,0.6,0.9,4.3,19.9,115
Ronnie Price,PG,33,Ronnie Price,14,0,134,1.4,8.6,.167,1.1,6.1,.176,0.4,2.5,.143,1.1,1.4,.750,1.1,2.9,3.9,6.4,3.9,0.4,1.1,5.0,5.0,86
Tim Quarterman,SG,22,Tim Quarterman,16,0,80,8.1,18.0,.448,3.1,8.1,.385,5.0,9.9,.500,0.0,1.9,.000,2.5,6.2,8.7,6.8,1.2,1.9,6.8,3.7,19.2,88
Chasson Randle,PG,23,Chasson Randle,26,0,299,6.6,16.3,.408,2.7,7.8,.340,4.0,8.5,.471,6.8,7.1,.953,1.0,4.3,5.3,5.6,1.5,0.3,3.2,6.5,22.8,115
Chasson Randle,PG,23,Chasson Randle,8,0,74,7.9,17.1,.462,4.0,9.9,.400,4.0,7.2,.545,7.9,7.9,1.000,0.0,3.3,3.3,4.0,2.0,0.7,2.0,7.2,27.7,130
Chasson Randle,PG,23,Chasson Randle,18,0,225,6.2,16.0,.389,2.2,7.1,.313,4.0,8.9,.450,6.4,6.9,.935,1.3,4.7,6.0,6.2,1.3,0.2,3.6,6.2,21.1,110
Julius Randle,PF,22,Julius Randle,74,73,2132,8.6,17.7,.488,0.4,1.4,.270,8.2,16.2,.507,4.7,6.4,.723,3.4,11.1,14.5,6.0,1.1,0.8,4.0,5.7,22.3,107
Zach Randolph,PF,35,Zach Randolph,73,5,1786,12.6,28.1,.449,0.6,2.7,.223,12.0,25.3,.474,4.1,5.6,.731,5.3,12.1,17.4,3.6,1.1,0.3,2.9,4.0,29.9,103
J.J. Redick,SG,32,J.J. Redick,78,78,2198,9.0,20.2,.445,4.6,10.6,.429,4.4,9.6,.462,4.1,4.6,.891,0.3,3.6,3.9,2.5,1.2,0.3,2.2,2.8,26.7,113
Willie Reed,C,26,Willie Reed,71,5,1031,7.9,13.9,.568,0.0,0.2,.250,7.9,13.7,.573,2.4,4.3,.557,6.3,9.9,16.2,1.3,0.9,2.3,1.5,6.7,18.3,122
Josh Richardson,SG,23,Josh Richardson,53,34,1614,6.3,16.0,.394,2.3,7.1,.330,4.0,8.9,.444,1.9,2.4,.779,1.1,4.2,5.2,4.4,1.9,1.2,2.0,4.1,16.8,102
Malachi Richardson,SG,21,Malachi Richardson,22,0,198,7.2,17.4,.412,2.0,7.2,.286,5.1,10.2,.500,3.8,4.9,.789,0.8,5.1,5.9,2.8,1.3,0.3,2.0,5.9,20.2,102
Austin Rivers,SG,24,Austin Rivers,74,29,2054,7.9,17.8,.442,2.7,7.3,.371,5.2,10.5,.491,3.2,4.6,.691,0.5,3.4,3.9,5.0,1.2,0.2,2.8,4.5,21.6,105
Andre Roberson,SF,25,Andre Roberson,79,79,2376,4.4,9.6,.464,0.9,3.8,.245,3.5,5.8,.609,1.0,2.3,.423,2.0,6.3,8.3,1.6,1.9,1.6,1.1,4.2,10.8,108
Brian Roberts,PG,31,Brian Roberts,41,2,416,5.5,14.7,.377,2.0,5.3,.386,3.5,9.4,.372,4.0,4.7,.846,0.6,4.1,4.7,6.3,1.1,0.1,3.1,2.2,17.1,100
Glenn Robinson,SF,23,Glenn Robinson,69,27,1427,5.5,11.9,.467,1.7,4.4,.392,3.8,7.5,.512,1.9,2.7,.711,2.0,6.6,8.6,1.6,1.4,0.7,1.3,2.2,14.7,112
Thomas Robinson,PF,25,Thomas Robinson,48,1,560,9.1,17.1,.536,0.0,0.1,.000,9.1,17.0,.538,2.7,5.7,.470,7.3,12.1,19.4,2.7,2.3,0.8,4.0,6.6,21.0,105
,,,,,,,,,,,,,,,,,,,,,,,,,,,,
Sergio Rodriguez,PG,30,Sergio Rodriguez,68,30,1518,6.7,17.2,.392,3.0,8.1,.365,3.8,9.1,.415,0.6,0.9,.667,0.7,4.4,5.0,11.0,1.6,0.1,4.1,3.0,17.0,99
Rajon Rondo,PG,30,Rajon Rondo,69,42,1843,6.3,15.3,.408,1.4,3.6,.376,4.9,11.7,.418,0.8,1.4,.600,2.0,7.7,9.7,12.6,2.7,0.3,4.6,3.9,14.7,98
Derrick Rose,PG,28,Derrick Rose,64,64,2082,11.0,23.5,.471,0.3,1.4,.217,10.7,22.0,.487,5.3,6.1,.874,1.6,4.3,5.9,6.8,1.1,0.4,3.5,2.0,27.7,108
Terrence Ross,SF,25,Terrence Ross,78,24,1955,8.4,19.2,.437,3.6,10.1,.363,4.7,9.1,.518,1.6,2.0,.831,0.5,4.8,5.3,2.3,2.2,0.8,1.7,3.7,22.1,107
Terrence Ross,SF,25,Terrence Ross,54,0,1207,8.9,20.1,.441,4.0,10.8,.375,4.8,9.4,.516,1.7,2.1,.820,0.6,5.2,5.8,1.9,2.2,0.8,1.4,3.4,23.5,112
Terrence Ross,SF,25,Terrence Ross,24,24,748,7.6,17.7,.431,3.0,8.9,.341,4.6,8.7,.523,1.5,1.8,.852,0.3,4.2,4.5,2.8,2.3,0.9,2.3,4.0,19.8,99
Terry Rozier,PG,22,Terry Rozier,74,0,1263,5.9,16.1,.367,2.2,7.0,.318,3.7,9.1,.405,2.0,2.6,.773,1.6,7.3,8.9,5.1,1.8,0.4,1.8,2.7,16.1,100
Ricky Rubio,PG,26,Ricky Rubio,75,75,2469,5.4,13.4,.402,1.2,4.0,.306,4.1,9.3,.443,5.2,5.9,.891,1.4,4.9,6.3,14.0,2.6,0.2,4.0,4.1,17.2,115
Damjan Rudez,SF,30,Damjan Rudez,45,0,314,4.9,13.9,.352,3.2,10.1,.313,1.7,3.8,.458,0.0,0.0,,0.8,3.2,3.9,3.2,1.9,0.2,1.4,4.9,12.9,95
Brandon Rush,SG,31,Brandon Rush,47,33,1030,3.4,9.2,.374,2.2,5.6,.386,1.3,3.6,.356,0.6,0.9,.722,0.8,4.1,4.9,2.2,1.1,1.1,1.4,2.1,9.7,101
D'Angelo Russell,PG,20,D'Angelo Russell,63,60,1811,9.4,23.3,.405,3.6,10.3,.352,5.8,13.0,.447,4.0,5.1,.782,0.8,5.1,5.9,8.2,2.3,0.4,4.7,3.5,26.5,101
Domantas Sabonis,PF,20,Domantas Sabonis,81,66,1632,5.8,14.5,.399,1.5,4.8,.321,4.2,9.7,.438,1.3,2.0,.657,1.4,7.3,8.7,2.5,1.2,1.0,2.5,6.0,14.4,93
Larry Sanders,C,28,Larry Sanders,5,0,13,3.8,15.4,.250,0.0,0.0,,3.8,15.4,.250,7.7,7.7,1.000,11.5,3.8,15.4,0.0,3.8,3.8,7.7,19.2,15.4,85
Dario Saric,PF,22,Dario Saric,81,36,2129,8.7,21.2,.411,2.4,7.8,.311,6.3,13.4,.469,3.9,5.0,.782,2.6,9.2,11.7,4.2,1.3,0.7,4.2,3.7,23.8,96
Tomas Satoransky,SG,25,Tomas Satoransky,57,3,719,4.2,10.1,.415,0.6,2.5,.243,3.6,7.5,.473,1.6,2.3,.697,1.7,4.0,5.7,6.3,1.8,0.4,2.6,4.1,10.6,101
Dennis Schroder,PG,23,Dennis Schroder,79,78,2485,10.9,24.1,.451,2.0,5.8,.340,8.9,18.2,.487,4.3,5.1,.855,0.8,4.1,4.9,9.9,1.5,0.3,5.1,3.0,28.0,103
Luis Scola,PF,36,Luis Scola,36,1,461,7.3,15.5,.470,1.7,5.1,.340,5.6,10.4,.535,2.6,3.8,.676,5.2,9.0,14.3,3.8,1.4,0.4,3.5,6.5,18.9,107
Mike Scott,PF,28,Mike Scott,18,0,195,4.3,14.9,.288,1.0,6.8,.148,3.3,8.1,.406,1.8,2.0,.875,2.5,6.8,9.4,4.3,1.0,0.8,2.0,3.0,11.4,85
Thabo Sefolosha,SF,32,Thabo Sefolosha,62,42,1596,5.4,12.2,.441,1.3,3.7,.342,4.1,8.5,.484,1.7,2.3,.733,1.7,6.7,8.3,3.3,3.0,1.0,1.8,3.0,13.7,105
Wayne Selden,SG,22,Wayne Selden,14,5,236,5.4,12.6,.431,1.5,6.1,.250,3.9,6.5,.600,3.0,4.8,.636,0.2,3.3,3.5,2.8,1.3,0.2,2.6,3.9,15.5,96
Wayne Selden,SG,22,Wayne Selden,3,3,47,5.2,8.3,.625,4.2,7.3,.571,1.0,1.0,1.000,2.1,4.2,.500,0.0,5.2,5.2,1.0,2.1,0.0,3.1,6.3,16.7,113
Wayne Selden,SG,22,Wayne Selden,11,2,189,5.5,13.8,.400,0.8,5.8,.143,4.7,8.0,.586,3.3,5.0,.667,0.3,2.8,3.0,3.3,1.1,0.3,2.5,3.3,15.1,93
Kevin Seraphin,PF,27,Kevin Seraphin,49,3,559,9.8,17.7,.551,0.0,0.2,.000,9.8,17.5,.556,1.3,2.0,.636,3.7,9.0,12.7,2.1,0.6,1.8,2.6,5.9,20.8,106
Ramon Sessions,PG,30,Ramon Sessions,50,1,811,6.2,16.3,.380,1.3,3.8,.339,4.9,12.4,.393,5.6,7.3,.771,0.7,3.8,4.5,8.0,1.7,0.2,2.8,2.7,19.3,103
,,,,,,,,,,,,,,,,,,,,,,,,,,,,
Iman Shumpert,SG,26,Iman Shumpert,76,31,1937,5.2,12.6,.411,2.4,6.7,.360,2.8,5.9,.469,1.8,2.3,.789,1.0,4.6,5.6,2.8,1.6,0.7,2.0,3.9,14.6,104
Pascal Siakam,PF,22,Pascal Siakam,55,38,859,6.1,12.1,.502,0.1,0.4,.143,6.0,11.7,.515,1.3,1.9,.688,3.8,7.1,10.9,1.0,1.5,2.7,1.9,6.4,13.5,106
Jonathon Simmons,SG,27,Jonathon Simmons,78,8,1392,6.5,15.4,.420,1.1,3.7,.294,5.4,11.7,.461,3.6,4.8,.750,0.7,5.1,5.9,4.6,1.7,0.9,2.8,5.3,17.7,100
Kyle Singler,SF,28,Kyle Singler,32,2,385,4.3,10.6,.410,0.9,4.7,.189,3.4,5.9,.587,1.7,2.2,.765,1.0,5.1,6.1,1.1,0.9,0.6,1.4,3.7,11.2,99
Marcus Smart,SG,22,Marcus Smart,79,24,2399,5.6,15.5,.359,1.9,6.9,.283,3.6,8.6,.420,4.2,5.2,.812,1.6,4.7,6.3,7.5,2.6,0.7,3.3,4.0,17.3,102
Ish Smith,PG,28,Ish Smith,81,32,1955,8.5,19.4,.439,0.7,2.7,.267,7.8,16.6,.467,1.9,2.6,.706,0.5,5.5,6.1,10.8,1.6,0.9,2.9,3.3,19.6,103
J.R. Smith,SG,31,J.R. Smith,41,35,1187,5.2,15.0,.346,4.0,11.4,.351,1.2,3.6,.329,0.4,0.6,.667,0.7,4.0,4.8,2.6,1.7,0.5,1.1,3.2,14.8,101
Jason Smith,C,30,Jason Smith,74,3,1068,8.0,15.2,.529,1.7,3.6,.474,6.3,11.6,.546,1.6,2.4,.686,3.0,9.0,11.9,1.7,1.0,2.5,2.7,7.8,19.4,110
Tony Snell,SG,25,Tony Snell,80,80,2336,5.3,11.8,.455,3.1,7.7,.406,2.2,4.0,.548,1.0,1.3,.810,0.5,4.9,5.4,2.1,1.2,0.3,1.2,2.7,14.8,114
Marreese Speights,C,29,Marreese Speights,82,2,1286,9.5,21.3,.445,4.0,10.8,.372,5.5,10.5,.520,4.7,5.3,.876,3.4,11.1,14.5,2.5,0.9,1.6,2.7,8.9,27.6,114
Tiago Splitter,C,32,Tiago Splitter,8,0,76,9.0,19.9,.452,1.3,3.8,.333,7.7,16.0,.480,5.8,7.1,.818,5.1,9.0,14.1,2.6,0.6,0.6,3.8,5.1,25.0,105
Nik Stauskas,SG,23,Nik Stauskas,80,27,2188,5.6,14.1,.396,2.9,8.0,.368,2.6,6.1,.433,2.7,3.3,.813,0.5,4.6,5.0,4.2,1.0,0.7,2.9,3.2,16.8,100
Lance Stephenson,SG,26,Lance Stephenson,18,0,361,7.4,16.5,.450,0.8,2.8,.300,6.6,13.8,.480,1.1,1.8,.615,0.6,6.6,7.2,8.1,0.7,0.4,3.6,4.4,16.8,96
Lance Stephenson,SG,26,Lance Stephenson,6,0,162,7.9,16.6,.473,0.3,3.0,.100,7.6,13.6,.556,1.5,2.4,.625,0.9,4.5,5.4,8.8,0.6,0.3,3.3,5.4,17.5,100
Lance Stephenson,SG,26,Lance Stephenson,6,0,67,7.6,15.9,.476,0.0,1.5,.000,7.6,14.4,.526,0.8,1.5,.500,0.0,7.6,7.6,3.8,0.0,0.0,3.0,1.5,15.9,89
Lance Stephenson,SG,26,Lance Stephenson,6,0,132,6.8,16.7,.409,1.9,3.0,.625,4.9,13.6,.361,0.8,1.1,.667,0.4,8.7,9.1,9.5,1.1,0.8,4.2,4.5,16.3,94
Jarnell Stokes,C,23,Jarnell Stokes,2,0,7,7.0,7.0,1.000,0.0,0.0,,7.0,7.0,1.000,7.0,14.0,.500,7.0,7.0,14.0,14.0,7.0,0.0,0.0,20.9,20.9,183
Diamond Stone,C,19,Diamond Stone,7,0,24,6.2,27.1,.231,0.0,0.0,,6.2,27.1,.231,8.3,8.3,1.000,2.1,10.4,12.5,0.0,0.0,2.1,4.2,10.4,20.8,69
Rodney Stuckey,PG,30,Rodney Stuckey,39,0,696,6.5,17.5,.373,1.4,4.3,.317,5.2,13.2,.391,5.8,7.7,.748,0.4,5.6,6.0,6.0,1.2,0.0,3.8,3.2,20.2,94
Jared Sullinger,PF,24,Jared Sullinger,11,1,118,6.4,20.2,.319,1.3,7.7,.167,5.2,12.5,.414,1.7,3.4,.500,4.3,7.3,11.6,1.3,1.7,0.4,1.7,7.3,15.9,86
Edy Tavares,C,24,Edy Tavares,2,0,28,7.1,8.9,.800,0.0,0.0,,7.1,8.9,.800,0.0,5.3,.000,7.1,12.5,19.6,1.8,0.0,10.7,3.6,5.3,14.2,109
Edy Tavares,C,24,Edy Tavares,1,0,4,12.3,12.3,1.000,0.0,0.0,,12.3,12.3,1.000,0.0,24.6,.000,0.0,12.3,12.3,0.0,0.0,0.0,0.0,0.0,24.6,78
Edy Tavares,C,24,Edy Tavares,1,0,24,6.2,8.3,.750,0.0,0.0,,6.2,8.3,.750,0.0,2.1,.000,8.3,12.5,20.8,2.1,0.0,12.5,4.2,6.2,12.5,115
Isaiah Taylor,PG,22,Isaiah Taylor,4,0,52,0.9,6.5,.143,0.0,1.8,.000,0.9,4.6,.200,0.9,1.8,.500,0.9,1.8,2.8,2.8,0.9,0.9,0.0,5.5,2.8,73
Jeff Teague,PG,28,Jeff Teague,82,82,2657,7.6,17.1,.442,1.7,4.7,.357,5.9,12.4,.475,6.8,7.8,.867,0.6,5.6,6.2,12.0,1.9,0.6,4.1,3.1,23.6,115
,,,,,,,,,,,,,,,,,,,,,,,,,,,,
Mirza Teletovic,PF,31,Mirza Teletovic,70,2,1133,7.0,18.7,.373,4.7,13.7,.341,2.3,5.1,.460,1.6,2.0,.778,0.5,6.8,7.3,2.2,0.5,0.6,1.7,4.9,20.2,99
Garrett Temple,SG,30,Garrett Temple,65,21,1728,5.4,12.6,.424,2.4,6.4,.373,3.0,6.2,.476,1.7,2.2,.784,0.9,4.5,5.4,4.9,2.5,0.8,2.3,4.1,14.8,106
Jason Terry,SG,39,Jason Terry,74,0,1365,3.9,9.0,.432,2.7,6.4,.427,1.2,2.7,.444,0.9,1.1,.828,0.6,3.4,3.9,3.6,1.7,0.7,1.3,3.5,11.4,116
Isaiah Thomas,PG,27,Isaiah Thomas,76,76,2569,13.2,28.4,.463,4.7,12.5,.379,8.4,16.0,.528,11.4,12.5,.909,0.8,3.1,4.0,8.6,1.4,0.3,4.1,3.2,42.4,122
Lance Thomas,PF,28,Lance Thomas,46,15,968,5.0,12.6,.398,2.0,4.4,.447,3.0,8.2,.371,2.2,2.6,.843,1.7,5.7,7.3,1.8,1.1,0.3,1.3,4.4,14.2,108
Hollis Thompson,SG,25,Hollis Thompson,40,9,752,5.0,13.0,.385,2.1,6.2,.337,2.9,6.8,.429,1.2,1.9,.655,1.2,6.0,7.3,2.3,1.3,0.4,0.7,4.5,13.3,102
Hollis Thompson,SG,25,Hollis Thompson,31,1,561,5.7,13.8,.415,2.3,6.2,.366,3.5,7.6,.455,1.1,1.7,.650,1.3,6.0,7.3,2.3,1.2,0.5,0.8,4.8,14.8,106
Hollis Thompson,SG,25,Hollis Thompson,9,8,191,2.8,10.5,.268,1.5,6.2,.250,1.3,4.4,.294,1.5,2.3,.667,1.0,6.2,7.2,2.3,1.5,0.0,0.5,3.6,8.7,88
Klay Thompson,SG,26,Klay Thompson,78,78,2649,11.7,25.0,.468,4.9,11.8,.414,6.8,13.2,.516,3.4,4.0,.853,0.9,4.3,5.2,2.9,1.2,0.7,2.3,2.5,31.6,111
Tristan Thompson,C,25,Tristan Thompson,78,78,2336,5.6,9.3,.600,0.0,0.1,.000,5.6,9.3,.604,2.3,4.6,.498,6.1,9.2,15.3,1.6,0.8,1.8,1.4,3.8,13.5,128
Marcus Thornton,SG,29,Marcus Thornton,33,1,575,7.2,18.0,.400,2.4,6.9,.350,4.8,11.1,.431,2.0,2.3,.852,1.9,4.6,6.5,3.5,1.6,0.3,2.1,4.1,18.8,102
Mike Tobey,C,22,Mike Tobey,2,0,25,2.0,8.0,.250,0.0,0.0,,2.0,8.0,.250,0.0,0.0,,4.0,2.0,6.0,2.0,0.0,0.0,2.0,4.0,4.0,73
Anthony Tolliver,PF,31,Anthony Tolliver,65,9,1477,5.3,12.0,.442,3.1,7.9,.391,2.2,4.1,.537,2.1,2.8,.744,1.7,6.4,8.1,2.6,1.2,0.7,1.9,3.7,15.8,113
Axel Toupane,SF,24,Axel Toupane,4,0,47,5.2,9.4,.556,1.0,4.2,.250,4.2,5.2,.800,0.0,0.0,,0.0,1.0,1.0,0.0,1.0,1.0,0.0,6.3,11.5,117
Axel Toupane,SF,24,Axel Toupane,2,0,6,0.0,8.5,.000,0.0,8.5,.000,0.0,0.0,,0.0,0.0,,0.0,0.0,0.0,0.0,0.0,0.0,0.0,8.5,0.0,0
Axel Toupane,SF,24,Axel Toupane,2,0,41,6.0,9.6,.625,1.2,3.6,.333,4.8,6.0,.800,0.0,0.0,,0.0,1.2,1.2,0.0,1.2,1.2,0.0,6.0,13.1,132
Karl-Anthony Towns,C,21,Karl-Anthony Towns,82,82,3030,13.4,24.8,.542,1.7,4.6,.367,11.7,20.2,.582,6.0,7.2,.832,5.0,11.9,16.9,3.7,0.9,1.7,3.5,4.0,34.5,121
P.J. Tucker,SF,31,P.J. Tucker,81,21,2236,4.3,10.5,.413,1.5,4.3,.357,2.8,6.2,.451,1.6,2.0,.774,2.5,7.7,10.2,2.2,2.5,0.4,1.4,4.3,11.7,109
P.J. Tucker,SF,31,P.J. Tucker,57,17,1627,4.3,10.4,.415,1.4,4.0,.338,3.0,6.4,.463,1.8,2.3,.792,2.8,7.3,10.1,2.1,2.5,0.4,1.5,4.2,11.8,109
P.J. Tucker,SF,31,P.J. Tucker,24,4,609,4.3,10.7,.406,2.0,5.0,.400,2.3,5.7,.412,0.9,1.3,.688,1.9,8.8,10.7,2.2,2.6,0.4,1.2,4.4,11.6,110
Evan Turner,SF,28,Evan Turner,65,12,1658,7.0,16.5,.426,0.9,3.5,.263,6.1,13.0,.470,2.5,3.1,.825,1.1,6.3,7.4,6.1,1.6,0.7,3.0,3.6,17.5,100
Myles Turner,C,20,Myles Turner,81,81,2541,8.7,17.1,.511,0.8,2.3,.348,8.0,14.9,.536,4.8,6.0,.809,2.7,8.9,11.6,2.1,1.5,3.4,2.1,5.2,23.1,115
Beno Udrih,PG,34,Beno Udrih,39,0,560,8.3,17.8,.467,1.0,2.9,.344,7.3,14.9,.491,2.9,3.1,.941,0.5,4.6,5.1,11.8,1.2,0.0,3.2,2.6,20.5,112
Tyler Ulis,PG,21,Tyler Ulis,61,15,1123,7.8,18.6,.421,0.9,3.4,.266,6.9,15.3,.455,2.3,3.0,.775,0.9,3.2,4.0,9.6,2.0,0.2,3.3,3.1,18.9,102
Jarrod Uthoff,PF,23,Jarrod Uthoff,9,0,115,7.2,17.2,.421,1.4,4.1,.333,5.9,13.1,.448,2.3,3.2,.714,3.6,6.3,10.0,4.1,0.9,1.8,1.4,3.6,18.1,107
Jonas Valanciunas,C,24,Jonas Valanciunas,80,80,2066,9.6,17.2,.557,0.0,0.0,.500,9.6,17.2,.557,4.3,5.3,.811,5.5,13.1,18.6,1.4,0.9,1.5,2.6,5.3,23.5,120
,,,,,,,,,,,,,,,,,,,,,,,,,,,,
Denzel Valentine,SG,23,Denzel Valentine,57,0,976,5.3,14.9,.354,3.8,10.7,.351,1.5,4.1,.363,0.7,0.9,.778,0.6,7.2,7.8,3.3,1.5,0.4,2.5,4.4,15.0,95
Fred VanVleet,PG,22,Fred VanVleet,37,0,294,6.7,19.1,.351,1.9,5.0,.379,4.8,14.1,.341,3.1,3.8,.818,0.7,6.6,7.2,6.0,2.8,0.5,2.6,6.2,18.4,96
Anderson Varejao,C,34,Anderson Varejao,14,1,92,2.6,7.3,.357,0.0,0.0,,2.6,7.3,.357,4.2,5.8,.727,6.3,7.8,14.1,5.2,1.6,1.6,4.2,8.4,9.4,104
Greivis Vasquez,PG,30,Greivis Vasquez,3,0,39,2.4,9.7,.250,1.2,3.6,.333,1.2,6.1,.200,2.4,3.6,.667,0.0,2.4,2.4,6.1,1.2,1.2,1.2,7.3,8.5,91
Rashad Vaughn,SG,20,Rashad Vaughn,41,2,458,6.3,17.3,.365,2.9,9.0,.321,3.4,8.3,.413,0.2,0.6,.400,0.4,5.0,5.4,2.6,2.1,1.1,1.6,3.5,15.7,89
Noah Vonleh,PF,21,Noah Vonleh,74,41,1265,5.1,10.6,.481,0.3,0.8,.350,4.8,9.8,.492,2.4,3.7,.638,5.1,10.0,15.2,1.2,1.2,1.1,2.5,6.0,12.8,106
Nikola Vucevic,C,26,Nikola Vucevic,75,55,2163,11.1,23.6,.468,0.5,1.7,.307,10.5,21.9,.481,2.5,3.7,.669,4.0,13.8,17.9,4.8,1.7,1.7,2.7,4.1,25.1,103
Sasha Vujacic,SG,32,Sasha Vujacic,42,4,408,5.1,16.7,.309,2.8,9.1,.311,2.3,7.6,.306,2.1,2.9,.708,1.5,5.8,7.2,6.4,1.6,0.2,2.0,4.7,15.2,98
Dwyane Wade,SG,35,Dwyane Wade,60,59,1792,11.6,26.8,.434,1.3,4.1,.310,10.4,22.8,.456,6.3,7.9,.794,1.8,5.8,7.6,6.4,2.4,1.2,3.9,3.1,30.8,103
Dion Waiters,SG,25,Dion Waiters,46,43,1384,10.2,24.1,.424,3.1,7.8,.395,7.1,16.3,.438,3.0,4.6,.646,0.7,4.9,5.6,7.3,1.5,0.7,3.8,3.5,26.6,101
Kemba Walker,PG,26,Kemba Walker,79,79,2739,11.8,26.5,.444,4.4,11.0,.399,7.4,15.5,.476,5.6,6.6,.847,0.8,4.8,5.6,7.9,1.6,0.4,3.1,2.2,33.5,113
John Wall,PG,26,John Wall,78,78,2836,11.2,24.9,.451,1.5,4.7,.327,9.7,20.2,.480,7.3,9.2,.801,1.0,4.6,5.7,14.4,2.7,0.9,5.6,2.6,31.4,111
Taurean Waller-Prince,SF,22,Taurean Waller-Prince,59,10,981,5.7,14.3,.400,1.7,5.1,.324,4.1,9.2,.443,3.7,4.7,.787,1.3,6.6,7.9,2.8,2.2,1.4,3.1,4.8,16.8,96
T.J. Warren,SF,23,T.J. Warren,66,59,2048,9.4,19.0,.495,0.6,2.3,.265,8.8,16.7,.527,2.8,3.6,.773,2.9,5.0,7.9,1.8,1.8,0.9,1.3,4.1,22.2,113
C.J. Watson,PG,32,C.J. Watson,62,9,1012,4.7,12.1,.387,1.6,5.1,.305,3.1,7.0,.448,2.8,3.2,.864,0.8,3.6,4.4,5.6,2.1,0.1,2.3,4.1,13.8,103
Briante Weber,PG,24,Briante Weber,20,0,205,6.1,14.5,.417,0.2,2.4,.100,5.8,12.1,.480,2.7,3.9,.688,1.9,4.4,6.3,5.1,2.9,0.2,1.9,3.9,15.0,100
Briante Weber,PG,24,Briante Weber,7,0,46,5.2,14.6,.357,0.0,3.1,.000,5.2,11.5,.455,2.1,3.1,.667,0.0,4.2,4.2,5.2,3.1,1.0,3.1,4.2,12.6,80
Briante Weber,PG,24,Briante Weber,13,0,159,6.3,14.5,.435,0.3,2.2,.143,6.0,12.3,.487,2.8,4.1,.692,2.5,4.4,6.9,5.0,2.8,0.0,1.6,3.8,15.8,106
David West,C,36,David West,68,0,854,7.6,14.2,.536,0.2,0.5,.375,7.4,13.7,.541,2.4,3.2,.768,2.6,8.8,11.4,8.5,2.4,2.7,4.4,5.9,17.8,109
Russell Westbrook,PG,28,Russell Westbrook,81,81,2802,14.4,34.0,.425,3.5,10.2,.343,10.9,23.8,.459,12.4,14.7,.845,2.4,12.7,15.1,14.7,2.3,0.5,7.7,3.3,44.8,112
Okaro White,PF,24,Okaro White,35,0,471,3.5,9.3,.379,1.3,3.6,.353,2.2,5.7,.396,2.1,2.4,.909,2.7,6.1,8.8,2.2,1.1,1.1,1.9,5.6,10.5,104
Isaiah Whitehead,PG,21,Isaiah Whitehead,73,26,1643,5.9,14.7,.402,1.3,4.3,.295,4.6,10.4,.446,2.6,3.3,.805,0.9,4.4,5.3,5.5,1.2,1.0,4.1,5.0,15.7,91
,,,,,,,,,,,,,,,,,,,,,,,,,,,,
Hassan Whiteside,C,27,Hassan Whiteside,77,77,2513,10.9,19.5,.557,0.0,0.0,,10.9,19.5,.557,4.5,7.2,.628,5.9,15.9,21.8,1.1,1.1,3.2,3.1,4.5,26.3,113
Andrew Wiggins,SF,21,Andrew Wiggins,82,82,3048,11.8,26.1,.452,1.7,4.8,.356,10.1,21.3,.473,6.9,9.0,.760,1.7,3.8,5.5,3.1,1.4,0.5,3.1,3.0,32.2,107
C.J. Wilcox,SG,26,C.J. Wilcox,22,0,108,3.7,14.2,.258,1.4,6.9,.200,2.3,7.3,.313,0.9,0.9,1.000,1.8,3.7,5.5,5.5,0.9,0.5,2.8,3.7,9.6,77
Alan Williams,C,24,Alan Williams,47,0,708,9.3,18.1,.517,0.0,0.1,.000,9.3,18.0,.519,4.7,7.6,.625,6.4,13.4,19.7,1.6,1.8,2.2,2.5,8.5,23.4,113
Deron Williams,PG,32,Deron Williams,64,44,1657,8.2,18.6,.438,2.6,7.3,.363,5.5,11.4,.486,2.8,3.4,.826,0.4,4.1,4.6,11.2,1.0,0.2,4.3,4.3,21.7,106
Deron Williams,PG,32,Deron Williams,40,40,1171,8.7,20.1,.430,2.8,8.0,.348,5.9,12.1,.485,3.1,3.7,.821,0.6,4.0,4.5,12.2,1.1,0.1,4.4,4.3,23.2,106
Deron Williams,PG,32,Deron Williams,24,4,486,7.0,15.1,.463,2.3,5.4,.415,4.7,9.7,.489,2.2,2.6,.840,0.1,4.5,4.6,8.8,0.6,0.6,4.1,4.3,18.4,107
Derrick Williams,PF,25,Derrick Williams,50,11,804,6.7,15.2,.443,1.9,6.0,.309,4.9,9.2,.531,3.6,5.6,.652,1.2,6.9,8.1,1.7,0.9,0.4,1.7,3.7,19.0,106
Derrick Williams,PF,25,Derrick Williams,25,11,377,7.2,18.3,.394,1.2,6.0,.200,6.0,12.3,.489,4.1,6.7,.620,2.1,7.6,9.8,1.9,1.2,0.7,1.9,4.4,19.8,97
Derrick Williams,PF,25,Derrick Williams,25,0,427,6.3,12.5,.505,2.5,6.1,.404,3.9,6.4,.600,3.2,4.6,.692,0.4,6.3,6.7,1.6,0.6,0.2,1.6,3.2,18.2,117
Lou Williams,SG,30,Lou Williams,81,1,1994,10.4,24.3,.429,4.0,10.8,.365,6.4,13.4,.480,9.8,11.1,.880,0.6,4.3,4.9,5.8,1.9,0.5,3.9,2.2,34.6,115
Lou Williams,SG,30,Lou Williams,58,1,1403,11.3,25.5,.444,4.2,11.0,.385,7.1,14.5,.489,10.6,11.9,.884,0.5,4.1,4.6,6.4,2.3,0.4,4.2,2.3,37.4,118
Lou Williams,SG,30,Lou Williams,23,0,591,8.3,21.4,.386,3.3,10.5,.318,5.0,11.0,.452,8.0,9.2,.867,1.0,4.7,5.7,4.5,1.2,0.7,3.2,2.0,27.9,109
Marvin Williams,PF,30,Marvin Williams,76,76,2295,6.5,15.4,.422,2.7,7.7,.350,3.8,7.7,.494,2.9,3.3,.873,1.9,9.0,10.9,2.3,1.3,1.2,1.3,2.9,18.6,111
Reggie Williams,SF,30,Reggie Williams,6,0,79,5.0,14.3,.348,3.1,6.8,.455,1.9,7.4,.250,3.7,4.3,.857,1.2,2.5,3.7,2.5,1.9,0.0,0.0,1.2,16.7,115
Troy Williams,SF,22,Troy Williams,30,16,557,6.7,15.3,.437,1.6,5.7,.290,5.0,9.6,.524,1.9,2.9,.656,1.4,4.9,6.3,2.3,2.5,0.9,2.9,5.5,16.9,95
Troy Williams,SF,22,Troy Williams,24,13,418,6.3,15.3,.415,1.2,5.1,.244,5.1,10.2,.500,1.9,3.1,.600,0.7,4.9,5.6,2.4,3.0,1.1,3.2,5.2,15.8,87
Troy Williams,SF,22,Troy Williams,6,3,139,7.6,15.2,.500,2.8,7.3,.381,4.8,7.9,.609,2.1,2.4,.857,3.1,5.2,8.3,2.1,1.0,0.3,2.1,6.2,20.0,119
Kyle Wiltjer,PF,24,Kyle Wiltjer,14,0,44,4.4,15.3,.286,4.4,14.2,.308,0.0,1.1,.000,1.1,2.2,.500,4.4,6.5,10.9,2.2,3.3,1.1,5.5,4.4,14.2,81
Justise Winslow,SF,20,Justise Winslow,18,15,625,6.5,18.1,.356,0.6,2.8,.200,5.9,15.3,.384,2.3,3.8,.617,1.9,5.7,7.6,5.3,2.1,0.5,2.7,4.2,15.8,88
Jeff Withey,C,26,Jeff Withey,51,1,432,6.7,12.5,.534,0.0,0.1,.000,6.7,12.4,.539,4.4,5.8,.750,6.3,8.4,14.7,0.8,1.9,3.9,1.7,6.3,17.7,124
Christian Wood,PF,21,Christian Wood,13,0,107,5.6,10.8,.522,0.0,2.3,.000,5.6,8.4,.667,5.2,7.0,.733,6.6,7.0,13.6,0.9,1.4,2.8,3.3,5.2,16.4,113
Metta World Peace,SF,37,Metta World Peace,25,2,160,5.8,20.7,.279,2.7,11.6,.237,3.0,9.1,.333,3.0,4.9,.625,1.5,4.6,6.1,3.3,3.0,0.6,2.1,5.5,17.4,84
Brandan Wright,PF,29,Brandan Wright,28,5,447,9.7,15.7,.615,0.0,0.1,.000,9.7,15.6,.619,2.7,4.1,.657,3.6,5.5,9.1,1.7,1.3,2.3,1.2,4.9,22.0,127
Delon Wright,PG,24,Delon Wright,27,0,446,5.6,13.2,.422,1.1,3.4,.333,4.4,9.8,.453,4.8,6.3,.764,1.8,3.6,5.5,6.5,3.1,1.3,2.8,3.5,17.0,111
James Young,SG,21,James Young,29,0,220,5.6,13.1,.431,2.7,7.9,.343,2.9,5.2,.565,1.4,2.0,.667,1.4,4.5,5.9,0.9,2.3,0.5,0.9,3.4,15.3,108
Joe Young,PG,24,Joe Young,33,0,135,9.6,26.7,.361,1.9,8.5,.217,7.8,18.2,.429,4.1,5.6,.733,0.4,5.9,6.3,5.6,1.5,0.0,1.9,1.9,25.2,93
Nick Young,SG,31,Nick Young,60,60,1556,8.5,19.8,.430,5.3,13.2,.404,3.2,6.6,.481,2.4,2.8,.856,0.8,3.5,4.3,1.8,1.2,0.4,1.1,4.3,24.8,118
,,,,,,,,,,,,,,,,,,,,,,,,,,,,
Thaddeus Young,PF,28,Thaddeus Young,74,74,2237,8.1,15.4,.527,1.0,2.6,.381,7.1,12.7,.557,1.0,1.9,.523,2.9,7.1,10.0,2.7,2.5,0.6,2.1,3.0,18.2,109
Cody Zeller,C,24,Cody Zeller,62,58,1725,7.4,12.9,.571,0.0,0.0,.000,7.4,12.9,.572,3.9,5.7,.679,3.9,7.9,11.8,2.9,1.8,1.7,1.9,5.5,18.6,121
Tyler Zeller,C,27,Tyler Zeller,51,5,525,7.4,14.9,.494,0.0,0.1,.000,7.4,14.8,.497,2.1,3.7,.564,4.1,7.7,11.7,4.0,0.7,2.0,1.9,5.8,16.8,109
Stephen Zimmerman,C,20,Stephen Zimmerman,19,0,108,4.6,14.2,.323,0.0,0.0,,4.6,14.2,.323,1.4,2.3,.600,5.0,11.0,16.1,1.8,0.9,2.3,1.4,7.8,10.6,86
Paul Zipser,SF,22,Paul Zipser,44,18,843,5.3,13.2,.398,2.0,5.9,.333,3.3,7.3,.451,1.9,2.4,.775,0.9,6.6,7.5,2.2,0.9,1.0,2.4,4.7,14.3,96
Ivica Zubac,C,19,Ivica Zubac,38,11,609,10.1,19.0,.529,0.0,0.2,.000,10.1,18.8,.536,2.6,3.9,.653,3.3,9.4,12.7,2.4,1.1,2.6,2.4,5.3,22.7,108
