Bird Rights,Remaining,Teams,Year1,Year2,Year3,Year4,Year5,Year6,name
Bird Rights,"$166,476,240",Stephen Curry,"$37,457,154","$40,231,758","$43,006,362","$45,780,966",,,Stephen Curry
,"$112,310,573",LeBron James,"$35,654,150","$37,436,858","$39,219,565","$41,002,273",,,LeBron James
Bird Rights,"$35,654,150",Russell Westbrook,"$35,654,150","$38,178,000","$41,006,000","$43,848,000","$46,662,000",,Russell Westbrook
,"$35,654,150",Chris Paul,"$35,654,150","$38,506,482","$41,358,814","$44,211,146",,,Chris Paul
Bird Rights,"$102,919,892",Blake Griffin,"$32,088,932","$34,234,964","$36,595,996","$38,957,028",,,Blake Griffin
Cap space,"$63,914,985",Gordon Hayward,"$31,214,295","$32,700,690","$34,187,085",,,,Gordon Hayward
Bird Rights,"$64,496,296",Kyle Lowry,"$31,200,000","$33,296,296",,,,,Kyle Lowry
Maximum Salary,"$30,560,700",Paul George,"$30,560,700","$33,005,556","$35,450,412","$37,895,268",,,Paul George
Cap Space,"$30,521,116",Mike Conley,"$30,521,116","$32,511,623","$34,504,132",,,,Mike Conley
Bird Rights,"$152,903,854",James Harden,"$30,431,854","$37,800,000","$40,824,000","$43,848,000","$46,872,000",,James Harden
,"$30,000,000",Kevin Durant,"$30,000,000",,,,,,Kevin Durant
Cap space,"$60,230,769",Paul Millsap,"$29,730,769","$30,500,000",,,,,Paul Millsap
Cap Space,"$28,928,710",Al Horford,"$28,928,710",,,,,,Al Horford
1st Round Pick,"$285,406,963",Damian Lillard,"$27,977,689","$29,802,321","$31,626,953","$43,750,000","$47,250,000","$50,750,000",Damian Lillard
Cap Space,"$55,479,950",DeMar DeRozan,"$27,739,975","$27,739,975","$27,739,975",,,,DeMar DeRozan
,"$26,837,720",Chris Bosh,"$26,837,720",,,,,,Chris Bosh
Bird Rights,"$53,262,489",Otto Porter,"$26,011,913","$27,250,576","$28,489,239",,,,Otto Porter
Bird Rights,"$78,238,333",Jrue Holiday,"$25,976,111","$26,131,111","$26,131,111","$27,020,000",,,Jrue Holiday
1st Round Pick,"$82,670,877",CJ McCollum,"$25,759,766","$27,556,959","$29,354,152",,,,CJ McCollum
,"$25,534,253",Carmelo Anthony,"$25,534,253",,,,,,Carmelo Anthony
,,,,,,,,,
,,,,,,,,,
1st Round Pick,"$146,667,250",Andrew Wiggins,"$25,467,250","$27,270,000","$29,290,000","$31,310,000","$33,330,000",,Andrew Wiggins
1st Round Pick,"$25,467,250",Joel Embiid,"$25,467,250","$27,270,000","$29,290,000","$31,310,000","$33,330,000",,Joel Embiid
Cap Space,"$81,279,057",Bradley Beal,"$25,434,263","$27,093,019","$28,751,775",,,,Bradley Beal
Cap Space,"$52,527,282",Andre Drummond,"$25,434,263","$27,093,019","$28,751,775",,,,Andre Drummond
1st Round Pick,"$25,434,263",Anthony Davis,"$25,434,263","$27,093,019","$28,751,775",,,,Anthony Davis
Cap Space,"$25,434,263",Hassan Whiteside,"$25,434,263","$27,093,018",,,,,Hassan Whiteside
,"$142,710,045",Nikola Jokić,"$24,605,181","$26,573,595","$28,542,009","$30,510,423","$32,478,837",,Nikola Jokić
1st Round Pick,"$77,528,091",Steven Adams,"$24,157,304","$25,842,697","$27,528,090",,,,Steven Adams
1st Round Pick,"$77,528,091",Giannis Antetokounmpo,"$24,157,304","$25,842,697","$27,528,090",,,,Giannis Antetokounmpo
Bird Rights,"$144,519,025",Kevin Love,"$24,119,025","$28,900,000","$31,300,000","$31,300,000","$28,900,000",,Kevin Love
Bird Rights,"$49,714,725",Marc Gasol,"$24,119,025","$25,595,700",,,,,Marc Gasol
Cap Space,"$109,107,258",Harrison Barnes,"$24,107,258",,,,,,Harrison Barnes
Cap Space,"$24,107,258",Chandler Parsons,"$24,107,258","$25,102,511",,,,,Chandler Parsons
Cap Space,"$49,565,217",Nicolas Batum,"$24,000,000","$25,565,217","$27,130,434",,,,Nicolas Batum
1st Round Pick,"$74,775,281",Rudy Gobert,"$23,241,573","$25,008,427","$26,525,281",,,,Rudy Gobert
Bird Rights,"$23,114,067",Kawhi Leonard,"$23,114,067",,,,,,Kawhi Leonard
,"$22,900,000",DeAndre Jordan,"$22,900,000",,,,,,DeAndre Jordan
Cap Space,"$55,347,015",LaMarcus Aldridge,"$22,347,015","$26,000,000","$24,000,000",,,,LaMarcus Aldridge
Cap space,"$44,938,271",Serge Ibaka,"$21,666,667","$23,271,604",,,,,Serge Ibaka
,"$76,000,000",Aaron Gordon,"$21,590,909","$19,863,636","$18,136,364","$16,409,091",,,Aaron Gordon
,,,,,,,,,
,,,,,,,,,
Sign and Trade,"$21,587,579",Danilo Gallinari,"$21,587,579","$22,615,559",,,,,Danilo Gallinari
1st Round Pick,"$63,000,000",Victor Oladipo,"$21,000,000","$21,000,000","$21,000,000",,,,Victor Oladipo
Bird Rights,"$20,445,779",Jimmy Butler,"$20,445,779",,,,,,Jimmy Butler
Cap Space,"$36,065,296",Ryan Anderson,"$20,421,546","$5,214,583","$5,214,583","$5,214,584",,,Ryan Anderson
Bird Rights,"$20,099,189",Kyrie Irving,"$20,099,189",,,,,,Kyrie Irving
,"$20,000,000",Jabari Parker,"$20,000,000",,,,,,Jabari Parker
,"$78,000,000",Zach LaVine,"$19,500,000","$19,500,000","$19,500,000","$19,500,000",,,Zach LaVine
Cap Space,"$38,490,740",Tyler Johnson,"$19,245,370","$19,245,370",,,,,Tyler Johnson
Bird Rights,"$141,641,800",John Wall,"$19,169,800","$37,800,000","$40,824,000","$43,848,000","$46,872,000",,John Wall
Cap space,"$40,000,000",George Hill,"$19,000,000","$1,000,000",,,,,George Hill
Cap space,"$38,000,000",Jeff Teague,"$19,000,000","$19,000,000",,,,,Jeff Teague
1st Round Pick,"$208,892,325",Klay Thompson,"$18,988,725",,,,,,Klay Thompson
,"$18,919,725",Dwight Howard,"$18,919,725",,,,,,Dwight Howard
,"$18,622,514",Wesley Matthews,"$18,622,514",,,,,,Wesley Matthews
,"$18,622,514",Enes Kanter,"$18,622,514",,,,,,Enes Kanter
,"$37,824,998",Joakim Noah,"$18,530,000","$6,431,666","$6,431,666","$6,431,666",,,Joakim Noah
Cap Space,"$18,500,000",Allen Crabbe,"$18,500,000","$18,500,000",,,,,Allen Crabbe
Bird Rights,"$37,327,075",Goran Dragić,"$18,109,175","$19,217,900",,,,,Goran Dragić
Cap Space,"$18,089,887",Kent Bazemore,"$18,089,887","$19,269,662",,,,,Kent Bazemore
Cap Space,"$17,868,852",Evan Turner,"$17,868,852","$18,606,557",,,,,Evan Turner
,,,,,,,,,
,,,,,,,,,
Bird Rights,"$36,008,695",Draymond Green,"$17,469,565","$18,539,130",,,,,Draymond Green
Bird Rights,"$36,008,695",Tristan Thompson,"$17,469,565","$18,539,130",,,,,Tristan Thompson
Cap space,"$35,475,000",Tim Hardaway,"$17,325,000","$18,150,000","$18,975,000",,,,Tim Hardaway
Bird Rights,"$35,130,434",Reggie Jackson,"$17,043,478","$18,086,956",,,,,Reggie Jackson
Cap Space,"$34,000,000",Evan Fournier,"$17,000,000","$17,000,000","$17,000,000",,,,Evan Fournier
Cap Space,"$34,000,000",Bismack Biyombo,"$17,000,000","$17,000,000",,,,,Bismack Biyombo
,"$16,000,000",Derrick Favors,"$16,900,000","$16,900,000",,,,,Derrick Favors
1st Round Pick,"$61,539,326",Jonas Valančiūnas,"$16,539,326",,,,,,Jonas Valančiūnas
1st Round Pick,"$74,000,000",Gary Harris,"$16,517,857","$17,839,286","$19,160,714","$20,482,143",,,Gary Harris
Cap Space,"$32,720,000",Timofey Mozgov,"$16,000,000","$5,573,333","$5,573,333","$5,573,334",,,Timofey Mozgov
Bird Rights,"$16,000,000",Andre Iguodala,"$16,000,000","$17,185,185",,,,,Andre Iguodala
Cap Space,"$31,394,205",Ian Mahinmi,"$15,944,154","$15,450,051",,,,,Ian Mahinmi
1st Round Pick,"$46,500,000",Dennis Schröder,"$15,500,000","$15,500,000","$15,500,000",,,,Dennis Schröder
Cap Space,"$15,400,000",DeMarre Carroll,"$15,400,000",,,,,,DeMarre Carroll
,"$87,380,061",Clint Capela,"$15,293,104","$16,456,522","$17,500,000","$18,543,478","$19,586,957",,Clint Capela
1st Round Pick,"$48,687,640",Gorgui Dieng,"$15,170,787","$16,229,213","$17,287,640",,,,Gorgui Dieng
,"$20,200,000",Pau Gasol,"$15,100,000","$5,100,000",,,,,Pau Gasol
Bird Rights,"$85,000,000",Eric Bledsoe,"$15,000,000","$15,625,000","$16,875,000","$18,125,000","$19,375,000",,Eric Bledsoe
Cap Space,"$15,000,000",Trevor Ariza,"$15,000,000",,,,,,Trevor Ariza
1st Round Pick,"$14,975,000",Ricky Rubio,"$14,975,000",,,,,,Ricky Rubio
,,,,,,,,,
,,,,,,,,,
Bird Rights,"$194,800,000",Tobias Harris,"$14,800,000",,,,,,Tobias Harris
Bird Rights,"$19,090,000",J.R. Smith,"$14,720,000","$1,456,667","$1,456,667","$1,456,666",,,J.R. Smith
Cap space,"$30,001,100",James Johnson,"$14,651,700","$15,349,400","$16,047,100",,,,James Johnson
,"$30,275,000",Brandon Knight,"$14,631,250","$15,643,750",,,,,Brandon Knight
Cap Space,"$14,357,750",Robin Lopez,"$14,357,750",,,,,,Robin Lopez
,"$29,324,067",Luol Deng,"$14,354,067","$4,990,000","$4,990,000","$4,990,000",,,Luol Deng
Cap Space,"$29,093,750",Marvin Williams,"$14,087,500","$15,006,250",,,,,Marvin Williams
Cap space,"$14,000,000",Taj Gibson,"$14,000,000",,,,,,Taj Gibson
Bird Rights,"$13,764,045",Thaddeus Young,"$13,764,045",,,,,,Thaddeus Young
,"$13,764,045",Kenneth Faried,"$13,764,045",,,,,,Kenneth Faried
,"$13,585,000",Tyson Chandler,"$13,585,000",,,,,,Tyson Chandler
,"$13,565,218",Marcin Gortat,"$13,565,218",,,,,,Marcin Gortat
1st Round Pick,"$43,415,730",Cody Zeller,"$13,528,090","$14,471,910","$15,415,730",,,,Cody Zeller
Cap Space,"$27,558,105",Eric Gordon,"$13,500,375","$14,057,730",,,,,Eric Gordon
,"$13,071,063",Jeremy Lin,"$13,071,063",,,,,,Jeremy Lin
Bird Rights,"$35,863,638",Joe Ingles,"$13,045,455","$11,954,546","$10,863,637",,,,Joe Ingles
Bird Rights,"$150,103,448",Khris Middleton,"$13,000,000",,,,,,Khris Middleton
1st Round Pick,"$26,000,000",Michael Kidd-Gilchrist,"$13,000,000","$13,000,000",,,,,Michael Kidd-Gilchrist
Cap space,"$26,958,904",Mason Plumlee,"$12,917,808","$14,041,096",,,,,Mason Plumlee
,"$12,800,562",Wilson Chandler,"$12,800,562",,,,,,Wilson Chandler
,,,,,,,,,
,,,,,,,,,
Bird Rights,"$112,750,000",Nikola Vučević,"$12,750,000",,,,,,Nikola Vučević
Cap Space,"$25,937,500",Jordan Clarkson,"$12,500,000","$13,437,500",,,,,Jordan Clarkson
Cap space,"$12,500,000",Nikola Mirotić,"$12,500,000",,,,,,Nikola Mirotić
Bird Rights,"$12,500,000",Miles Plumlee,"$12,500,000","$12,500,000",,,,,Miles Plumlee
,"$12,400,000",Tyreke Evans,"$12,400,000",,,,,,Tyreke Evans
Cap Space,"$25,013,450",Courtney Lee,"$12,253,780","$12,759,670",,,,,Courtney Lee
Cap Space,"$12,252,928",Solomon Hill,"$12,252,928","$13,258,781",,,,,Solomon Hill
,"$12,250,000",J.J. Redick,"$12,250,000",,,,,,J.J. Redick
Cap space,"$23,805,412",Kelly Olynyk,"$12,137,527","$11,667,885","$12,198,243",,,,Kelly Olynyk
,"$20,089,282",Kentavious Caldwell-Pope,"$12,000,000",,,,,,Kentavious Caldwell-Pope
,"$14,000,000",Avery Bradley,"$12,000,000","$2,000,000",,,,,Avery Bradley
,"$12,000,000",Austin Rivers,"$12,000,000",,,,,,Austin Rivers
1st Round Pick,"$12,000,000",Kemba Walker,"$12,000,000",,,,,,Kemba Walker
,"$38,710,358",Will Barton,"$11,830,358","$12,960,000","$13,920,000","$14,880,000",,,Will Barton
1st Round Pick,"$11,750,000",T.J. Warren,"$11,750,000","$10,810,000","$11,750,000","$12,690,000",,,T.J. Warren
,"$11,692,308",Zach Randolph,"$11,692,308",,,,,,Zach Randolph
,"$51,999,900",Marcus Smart,"$11,660,716","$12,553,471","$13,446,428","$14,339,285",,,Marcus Smart
Bird Rights,"$37,285,714",Patty Mills,"$11,571,429","$12,428,571","$13,285,714",,,,Patty Mills
Cap space,"$36,300,000",Dion Waiters,"$11,550,000","$12,100,000","$12,650,000",,,,Dion Waiters
1st Round Pick,"$11,536,515",Alec Burks,"$11,536,515",,,,,,Alec Burks
,,,,,,,,,
,,,,,,,,,
1st Round Pick,"$21,059,862",John Henson,"$11,327,466","$9,732,396",,,,,John Henson
,"$14,286,516",Ömer Aşık,"$11,286,516","$3,000,000",,,,,Ömer Aşık
,"$39,111,111",Jusuf Nurkić,"$11,111,111","$12,000,000","$12,000,000","$12,000,000",,,Jusuf Nurkić
Bird Rights,"$11,011,234",Iman Shumpert,"$11,011,234",,,,,,Iman Shumpert
Cap Space,"$10,837,079",Maurice Harkless,"$10,837,079","$11,511,234",,,,,Maurice Harkless
Cap space,"$10,607,143",Tony Snell,"$10,607,143","$11,392,857","$12,178,571",,,,Tony Snell
Cap Space,"$10,595,506",Meyers Leonard,"$10,595,506","$11,286,515",,,,,Meyers Leonard
Rookie scale extension,"$60,500,000",Terrence Ross,"$10,500,000",,,,,,Terrence Ross
Cap space,"$10,500,000",Bojan Bogdanović,"$10,500,000",,,,,,Bojan Bogdanović
Cap Space,"$46,879,127",Robert Covington,"$10,464,092","$11,301,219","$12,138,345","$12,975,471",,,Robert Covington
Non-Bird Rights,"$38,087,200",Rudy Gay,"$10,087,200",,,,,,Rudy Gay
Cap Space,"$10,002,681",Jon Leuer,"$10,002,681","$3,169,348","$3,169,348","$3,169,347",,,Jon Leuer
Bird Rights,"$20,740,741",Andre Roberson,"$10,000,000","$10,740,741",,,,,Andre Roberson
Bird Rights,"$10,000,000",Danny Green,"$10,000,000",,,,,,Danny Green
Cap space,"$10,000,000",Darren Collison,"$10,000,000",,,,,,Darren Collison
Cap Space,"$52,890,625",Dwight Powell,"$9,631,250","$10,259,375","$10,185,185","$11,000,000","$11,814,815",,Dwight Powell
Cap Space,"$19,215,000",Matthew Dellavedova,"$9,607,500","$9,607,500",,,,,Matthew Dellavedova
Cap Space,"$27,300,000",Dante Exum,"$9,600,000","$9,600,000","$9,600,000",,,,Dante Exum
Cap Space,"$9,530,000",Jared Dudley,"$9,530,000",,,,,,Jared Dudley
Cap Space,"$30,349,728",Norman Powell,"$9,367,200","$10,116,576","$10,865,952","$11,615,328",,,Norman Powell
,,,,,,,,,
,,,,,,,,,
Minimum Salary,"$9,367,200",Josh Richardson,"$9,367,200","$10,100,000","$10,800,000","$11,600,000",,,Josh Richardson
Cap space,"$17,529,386",Bogdan Bogdanović,"$9,000,000","$8,529,386",,,,,Bogdan Bogdanović
,"$11,564,753",Rajon Rondo,"$9,000,000",,,,,,Rajon Rondo
Cap Space,"$17,473,613",E'Twaun Moore,"$8,808,685","$8,664,928",,,,,E'Twaun Moore
Cap Space,"$8,739,500",Kosta Koufos,"$8,739,500",,,,,,Kosta Koufos
Bird Rights,"$17,653,847",Fred VanVleet,"$8,653,847","$9,000,000",,,,,Fred VanVleet
,"$8,653,847",Jerami Grant,"$8,653,847","$9,346,153","$9,346,153",,,,Jerami Grant
MLE,"$37,156,300",Kyle Anderson,"$8,641,000","$9,073,050","$9,505,100","$9,937,150",,,Kyle Anderson
MLE,"$8,641,000",Julius Randle,"$8,641,000",,,,,,Julius Randle
,"$8,600,000",Markieff Morris,"$8,600,000",,,,,,Markieff Morris
Cap Space,"$8,575,916",Jerryd Bayless,"$8,575,916",,,,,,Jerryd Bayless
Cap space,"$24,156,500",Cristiano Felício,"$8,470,980","$8,156,500","$7,529,020",,,,Cristiano Felício
1st Round Pick,"$18,085,080",Markelle Fultz,"$8,339,880","$9,745,200","$12,288,697",,,,Markelle Fultz
Early Bird Rights,"$16,003,333",Joe Harris,"$8,333,333","$7,670,000",,,,,Joe Harris
MLE,"$8,333,333",C.J. Miles,"$8,333,333","$8,730,158",,,,,C.J. Miles
Bird Rights,"$10,974,358",Shaun Livingston,"$8,307,692","$666,667","$666,667","$666,666",,,Shaun Livingston
1st Round Pick,"$17,728,080",Deandre Ayton,"$8,165,160","$9,562,920","$10,018,200","$12,632,950",,,Deandre Ayton
Cap Space,"$24,000,000",Lou Williams,"$8,000,000","$8,000,000","$8,000,000",,,,Lou Williams
Cap Space,"$8,000,000",Garrett Temple,"$8,000,000",,,,,,Garrett Temple
MLE,"$18,887,764",P.J. Tucker,"$7,969,537","$8,349,039","$7,969,537",,,,P.J. Tucker
,,,,,,,,,
,,,,,,,,,
Cap Space,"$7,945,000",Cory Joseph,"$7,945,000",,,,,,Cory Joseph
Bird Rights,"$12,633,667",JaMychal Green,"$7,866,667",,,,,,JaMychal Green
1st round pick,"$163,709,435",Karl-Anthony Towns,"$7,839,435","$27,250,000","$29,430,000","$31,610,000","$33,790,000","$35,970,000",Karl-Anthony Towns
Bird Rights,"$7,560,000",Kyle Korver,"$7,560,000","$3,440,000",,,,,Kyle Korver
Rookie scale extension,"$7,488,372",Jeremy Lamb,"$7,488,372",,,,,,Jeremy Lamb
,"$7,464,912",Darrell Arthur,"$7,464,912",,,,,,Darrell Arthur
1st Round Pick,"$7,461,960",Lonzo Ball,"$7,461,960","$8,719,320","$11,003,782",,,,Lonzo Ball
,"$22,000,001",Doug McDermott,"$7,333,334","$7,333,334","$7,333,333",,,,Doug McDermott
Bird Rights,"$7,305,825",Jae Crowder,"$7,305,825","$7,815,533",,,,,Jae Crowder
1st Round Pick,"$15,861,720",Marvin Bagley,"$7,305,600","$8,556,120","$8,963,640","$11,312,114",,,Marvin Bagley
Cap Space,"$14,500,000",D.J. Augustin,"$7,250,000","$7,250,000",,,,,D.J. Augustin
Cap space,"$7,200,000",Dewayne Dedmon,"$7,200,000",,,,,,Dewayne Dedmon
Cap Space,"$7,119,650",Lance Thomas,"$7,119,650",,,,,,Lance Thomas
1st round pick,"$7,019,698",D'Angelo Russell,"$7,019,698",,,,,,D'Angelo Russell
MLE,"$14,333,333",Langston Galloway,"$7,000,000","$7,333,333",,,,,Langston Galloway
MLE,"$14,000,000",Ersan İlyasova,"$7,000,000","$7,000,000","$7,000,000",,,,Ersan İlyasova
Early Bird Rights,"$7,000,000",Dāvis Bertāns,"$7,000,000","$7,000,000",,,,,Dāvis Bertāns
Cap Space,"$7,000,000",Boban Marjanović,"$7,000,000",,,,,,Boban Marjanović
Cap Space,"$6,957,105",Al-Farouq Aminu,"$6,957,105",,,,,,Al-Farouq Aminu
1st Round Pick,"$14,530,800",Jayson Tatum,"$6,700,800","$7,830,000","$9,897,120",,,,Jayson Tatum
,,,,,,,,,
,,,,,,,,,
1st Round Pick,"$14,244,000",Luka Dončić,"$6,560,640","$7,683,360","$8,049,360","$10,174,391",,,Luka Dončić
,"$13,325,000",Nemanja Bjelica,"$6,500,000","$6,825,000","$7,150,000",,,,Nemanja Bjelica
MLE,"$6,500,000",Mario Hezonja,"$6,500,000",,,,,,Mario Hezonja
1st Round pick,"$184,198,450",Ben Simmons,"$6,434,520","$8,113,930","$29,250,000","$31,590,000","$33,930,000","$36,270,000",Ben Simmons
,"$6,300,000",Miloš Teodosić,"$6,300,000",,,,,,Miloš Teodosić
,"$6,270,000",Wayne Ellington,"$6,270,000",,,,,,Wayne Ellington
MLE,"$12,000,000",Marco Belinelli,"$6,153,846","$5,846,154",,,,,Marco Belinelli
,"$6,134,520",Wesley Johnson,"$6,134,520",,,,,,Wesley Johnson
1st Round Pick,"$6,041,520",Josh Jackson,"$6,041,520","$7,059,480","$8,930,242",,,,Josh Jackson
,"$12,000,000",Montrezl Harrell,"$6,000,000","$6,000,000",,,,,Montrezl Harrell
Cap space,"$6,000,000",Jonathon Simmons,"$6,000,000","$1,000,000",,,,,Jonathon Simmons
Cap Space,"$6,000,000",Ish Smith,"$6,000,000",,,,,,Ish Smith
1st Round Pick,"$12,842,520",Jaren Jackson,"$5,915,040","$6,927,480","$7,257,360","$9,180,560",,,Jaren Jackson
1st Round pick,"$5,757,120",Brandon Ingram,"$5,757,120","$7,265,485",,,,,Brandon Ingram
MLE,"$5,750,000",Anthony Tolliver,"$5,750,000",,,,,,Anthony Tolliver
1st round pick,"$127,933,854",Kristaps Porziņģis,"$5,697,054",,,,,,Kristaps Porziņģis
,"$10,949,574",Deron Williams,"$5,474,787","$5,474,787",,,,,Deron Williams
1st Round Pick,"$11,863,680",De'Aaron Fox,"$5,470,920","$6,392,760","$8,099,627",,,,De'Aaron Fox
,"$5,460,000",Ben McLemore,"$5,460,000",,,,,,Ben McLemore
,"$5,455,236",Álex Abrines,"$5,455,236",,,,,,Álex Abrines
,,,,,,,,,
,,,,,,,,,
MLE,"$11,162,800",Patrick Patterson,"$5,451,600","$5,711,200",,,,,Patrick Patterson
,"$5,450,000",Jason Smith,"$5,450,000",,,,,,Jason Smith
Bird Rights,"$5,375,000",Marcus Morris,"$5,375,000",,,,,,Marcus Morris
1st Round Pick,"$11,629,440",Trae Young,"$5,356,440","$6,273,000","$6,571,800","$8,326,471",,,Trae Young
MLE,"$5,337,000",Dwight Howard,"$5,337,000","$5,603,850",,,,,Dwight Howard
MLE,"$5,337,000",DeMarcus Cousins,"$5,337,000",,,,,,DeMarcus Cousins
,"$10,663,458",Josh Smith,"$5,331,729","$5,331,729",,,,,Josh Smith
,"$5,285,394",Alexis Ajinça,"$5,285,394",,,,,,Alexis Ajinça
Cap space,"$5,250,000",Thabo Sefolosha,"$5,250,000",,,,,,Thabo Sefolosha
,"$5,193,600",Aron Baynes,"$5,193,600","$5,453,280",,,,,Aron Baynes
1st Rd pick,"$11,704,789",Jaylen Brown,"$5,169,960","$6,534,829",,,,,Jaylen Brown
Bird Rights,"$45,027,028",Patrick Beverley,"$5,027,028",,,,,,Patrick Beverley
Cap space,"$5,000,000",Mike Muscala,"$5,000,000",,,,,,Mike Muscala
Cap Space,"$5,000,000",Dirk Nowitzki,"$5,000,000",,,,,,Dirk Nowitzki
MLE,"$5,000,000",Tony Parker,"$5,000,000",,,,,,Tony Parker
1st Round Pick,"$10,775,520",Jonathan Isaac,"$4,969,080","$5,806,440","$7,362,566",,,,Jonathan Isaac
1st Round Pick,"$24,100,422",Mohamed Bamba,"$4,865,040","$5,697,600","$5,969,040","$7,568,742",,,Mohamed Bamba
1st round pick,"$4,696,875",Willie Cauley-Stein,"$4,696,875",,,,,,Willie Cauley-Stein
1st Round pick,"$4,661,280",Dragan Bender,"$4,661,280",,,,,,Dragan Bender
,"$4,544,400",Ron Baker,"$4,544,400",,,,,,Ron Baker
,,,,,,,,,
,,,,,,,,,
1st Round Pick,"$9,836,520",Lauri Markkanen,"$4,536,120","$5,300,400","$6,731,508",,,,Lauri Markkanen
,"$4,449,000",Lance Stephenson,"$4,449,000",,,,,,Lance Stephenson
Room Exception,"$4,449,000",Kyle O'Quinn,"$4,449,000",,,,,,Kyle O'Quinn
Room Exception,"$4,449,000",Ed Davis,"$4,449,000",,,,,,Ed Davis
1st Round Pick,"$9,642,600",Wendell Carter,"$4,441,200","$5,201,400","$5,448,840","$6,920,027",,,Wendell Carter
MLE,"$4,384,616",Justin Holiday,"$4,384,616",,,,,,Justin Holiday
Room Exception,"$8,510,000",Alex Len,"$4,350,000","$4,160,000",,,,,Alex Len
MLE,"$14,092,850",Mike Scott,"$4,320,500",,,,,,Mike Scott
,"$4,320,500",Luc Mbah a Moute,"$4,320,500",,,,,,Luc Mbah a Moute
1st round pick,"$4,294,480",Emmanuel Mudiay,"$4,294,480",,,,,,Emmanuel Mudiay
1st Round pick,"$9,569,007",Kris Dunn,"$4,221,000","$5,348,007",,,,,Kris Dunn
1st Round Pick,"$9,011,520",Frank Ntilikina,"$4,155,720","$4,855,800","$6,176,578",,,,Frank Ntilikina
MLE,"$4,075,000",Glenn Robinson,"$4,075,000",,,,,,Glenn Robinson
1st Round Pick,"$8,833,560",Collin Sexton,"$4,068,600","$4,764,960","$4,991,880","$6,349,671",,,Collin Sexton
,"$4,000,000",Al Jefferson,"$4,000,000",,,,,,Al Jefferson
1st round pick,"$3,940,402",Stanley Johnson,"$3,940,402",,,,,,Stanley Johnson
1st Round pick,"$8,694,968",Buddy Hield,"$3,833,760","$4,861,208",,,,,Buddy Hield
1st Round Pick,"$8,283,600",Dennis Smith,"$3,819,960","$4,463,640","$5,686,677",,,,Dennis Smith
1st Round Pick,"$8,120,040",Kevin Knox,"$3,739,920","$4,380,120","$4,588,680","$5,845,978",,,Kevin Knox
Cap Space,"$3,710,850",J.J. Barea,"$3,710,850",,,,,,J.J. Barea
,,,,,,,,,
,,,,,,,,,
Non-Bird Rights,"$3,651,480",Nenê Hilário,"$3,651,480",,,,,,Nenê Hilário
1st Round Pick,"$7,869,120",Zach Collins,"$3,628,920","$4,240,200","$5,406,255",,,,Zach Collins
1st round pick,"$3,627,842",Frank Kaminsky,"$3,627,842",,,,,,Frank Kaminsky
1st Round Pick,"$7,713,960",Mikal Bridges,"$3,552,960","$4,161,000","$4,359,000","$5,557,725",,,Mikal Bridges
,"$10,500,000",Mirza Teletović,"$3,500,000","$3,500,000","$3,500,000",,,,Mirza Teletović
,"$3,500,000",Michael Beasley,"$3,500,000",,,,,,Michael Beasley
1st Round pick,"$7,944,546",Jamal Murray,"$3,499,800","$4,444,746",,,,,Jamal Murray
,"$9,190,887",Rodney Hood,"$3,472,887",,,,,,Rodney Hood
,"$3,454,500",Jodie Meeks,"$3,454,500",,,,,,Jodie Meeks
1st round pick,"$29,448,926",Justise Winslow,"$3,448,926","$13,000,000","$13,000,000","$13,000,000",,,Justise Winslow
1st Round Pick,"$7,475,880",Malik Monk,"$3,447,480","$4,028,400","$5,345,687",,,,Malik Monk
1st round pick,"$75,410,284",Myles Turner,"$3,410,284","$18,000,000","$18,000,000","$18,000,000","$18,000,000",,Myles Turner
Bi-annual Exception,"$55,382,000",Brook Lopez,"$3,382,000",,,,,,Brook Lopez
Bi-Annual Exception,"$6,933,100",Allonzo Trier,"$3,382,000","$3,551,100",,,,,Allonzo Trier
1st Round Pick,"$3,375,360",Shai Gilgeous-Alexander,"$3,375,360","$3,952,920","$4,141,320","$5,495,532",,,Shai Gilgeous-Alexander
1st round pick,"$3,364,249",Trey Lyles,"$3,364,249",,,,,,Trey Lyles
Room Exception,"$3,360,000",Ekpe Udoh,"$3,360,000",,,,,,Ekpe Udoh
1st round pick,"$161,364,365",Devin Booker,"$3,314,365","$27,250,000","$29,430,000","$31,610,000","$33,790,000","$35,970,000",Devin Booker
1st Round Pick,"$7,102,440",Luke Kennard,"$3,275,280","$3,827,160","$5,273,826",,,,Luke Kennard
,"$3,263,295",Cameron Payne,"$3,263,295",,,,,,Cameron Payne
,,,,,,,,,
,,,,,,,,,
Cap Space,"$3,258,539",Troy Daniels,"$3,258,539",,,,,,Troy Daniels
1st round pick,"$33,208,630",Kelly Oubre,"$3,208,630",,,,,,Kelly Oubre
1st Round Pick,"$6,962,040",Miles Bridges,"$3,206,640","$3,755,400","$3,934,320","$5,421,493",,,Miles Bridges
1st Rd pick,"$3,206,160",Marquese Chriss,"$3,206,160",,,,,,Marquese Chriss
Cap Space,"$3,129,187",Tomáš Satoranský,"$3,129,187",,,,,,Tomáš Satoranský
Early Bird Rights,"$6,000,000",Bryn Forbes,"$3,125,000","$2,875,000",,,,,Bryn Forbes
1st Round Pick,"$6,747,240",Donovan Mitchell,"$3,111,480","$3,635,760","$5,195,501",,,,Donovan Mitchell
1st round pick,"$3,050,390",Terry Rozier,"$3,050,390",,,,,,Terry Rozier
1st Round Pick,"$6,613,920",Jerome Robinson,"$3,046,200","$3,567,720","$3,737,520","$5,340,916",,,Jerome Robinson
Cap Space,"$6,150,000",Yogi Ferrell,"$3,000,000","$3,150,000",,,,,Yogi Ferrell
Bi-annual Exception,"$3,000,000",Elfrid Payton,"$3,000,000",,,,,,Elfrid Payton
1st Round Pick,"$6,409,920",Bam Adebayo,"$2,955,840","$3,454,080","$5,115,492",,,,Bam Adebayo
1st Round pick,"$6,702,206",Jakob Pöltl,"$2,947,320","$3,754,886",,,,,Jakob Pöltl
1st Round Pick,"$6,283,560",Michael Porter,"$2,894,160","$3,389,400","$3,550,800","$5,258,735",,,Michael Porter
,"$17,066,574",Andrew Nicholson,"$2,844,429","$2,844,429","$2,844,429","$2,844,429","$2,844,429","$2,844,429",Andrew Nicholson
1st Round Pick,"$6,088,800",Justin Jackson,"$2,807,880","$3,280,920","$5,029,650",,,,Justin Jackson
1st Round pick,"$6,369,363",Thon Maker,"$2,799,720","$3,569,643",,,,,Thon Maker
MLE,"$2,795,000",Seth Curry,"$2,795,000",,,,,,Seth Curry
MLE,"$5,682,143",Cedi Osman,"$2,775,000","$2,907,143",,,,,Cedi Osman
1st Round pick,"$2,760,095",Sam Dekker,"$2,760,095",,,,,,Sam Dekker
,,,,,,,,,
,,,,,,,,,
1st Round Pick,"$5,968,560",Troy Brown,"$2,749,080","$3,219,480","$3,372,840","$5,170,564",,,Troy Brown
1st Round Pick,"$5,784,840",Guerschon Yabusele,"$2,667,600","$3,117,240",,,,,Guerschon Yabusele
,"$2,667,600",Justin Patton,"$2,667,600",,,,,,Justin Patton
1st Round pick,"$6,189,355",Domantas Sabonis,"$2,659,800","$3,529,555",,,,,Domantas Sabonis
1st Round pick,"$2,639,314",Jerian Grant,"$2,639,314",,,,,,Jerian Grant
1st Round Pick,"$5,670,600",Zhaire Smith,"$2,611,800","$3,058,800","$3,204,600","$4,915,856",,,Zhaire Smith
1st Round pick,"$2,536,898",Delon Wright,"$2,536,898",,,,,,Delon Wright
1st Round Pick,"$5,495,400",D.J. Wilson,"$2,534,280","$2,961,120","$4,548,280",,,,D.J. Wilson
1st Round pick,"$2,526,840",Dario Šarić,"$2,526,840","$3,481,986",,,,,Dario Šarić
1st Round pick,"$2,526,840",Taurean Waller-Prince,"$2,526,840","$3,481,986",,,,,Taurean Waller-Prince
1st Round pick,"$2,516,048",Justin Anderson,"$2,516,048",,,,,,Justin Anderson
,"$2,500,000",Manu Ginóbili,"$2,500,000",,,,,,Manu Ginóbili
Bi-annual Exception,"$2,500,000",Dante Cunningham,"$2,500,000",,,,,,Dante Cunningham
Cap space,"$2,500,000",Reggie Bullock,"$2,500,000",,,,,,Reggie Bullock
1st Round pick,"$2,494,346",Bobby Portis,"$2,494,346",,,,,,Bobby Portis
1st Round Pick,"$5,386,800",Donte DiVincenzo,"$2,481,000","$2,905,800","$3,044,160","$4,675,830",,,Donte DiVincenzo
1st Round pick,"$2,470,357",Rondae Hollis-Jefferson,"$2,470,357",,,,,,Rondae Hollis-Jefferson
1st Round pick,"$2,444,053",Tyus Jones,"$2,444,053",,,,,,Tyus Jones
1st Round pick,"$2,416,222",Jarell Martin,"$2,416,222",,,,,,Jarell Martin
1st Round Pick,"$5,220,840",T.J. Leaf,"$2,407,560","$2,813,280","$4,326,825",,,,T.J. Leaf
,,,,,,,,,
,,,,,,,,,
Minimum Salary,"$10,593,887",JaVale McGee,"$2,393,887",,,,,,JaVale McGee
Minimum Salary,"$4,958,640",Gerald Green,"$2,393,887",,,,,,Gerald Green
Minimum Salary,"$2,393,887",Jeff Green,"$2,393,887",,,,,,Jeff Green
Minimum Salary,"$2,393,887",Jamal Crawford,"$2,393,887",,,,,,Jamal Crawford
Minimum Salary,"$2,393,887",Amir Johnson,"$2,393,887",,,,,,Amir Johnson
Minimum Salary,"$2,393,887",Raymond Felton,"$2,393,887",,,,,,Raymond Felton
,"$2,393,887",Luol Deng,"$2,393,887",,,,,,Luol Deng
Minimum Salary,"$2,393,887",Udonis Haslem,"$2,393,887",,,,,,Udonis Haslem
Minimum Salary,"$2,393,887",Dwyane Wade,"$2,393,887",,,,,,Dwyane Wade
Minimum Salary,"$2,393,887",Tyson Chandler,"$2,393,887",,,,,,Tyson Chandler
Minimum Salary,"$2,393,887",Andrew Bogut,"$2,393,887",,,,,,Andrew Bogut
Minimum Salary,"$2,393,887",José Calderón,"$2,393,887",,,,,,José Calderón
Minimum Salary,"$2,393,887",Zaza Pachulia,"$2,393,887",,,,,,Zaza Pachulia
Minimum Salary,"$2,393,887",Devin Harris,"$2,393,887",,,,,,Devin Harris
Minimum Salary,"$2,393,887",Channing Frye,"$2,393,887",,,,,,Channing Frye
,"$2,393,887",Carmelo Anthony,"$2,393,887",,,,,,Carmelo Anthony
Minimum Salary,"$2,393,887",Vince Carter,"$2,393,887",,,,,,Vince Carter
,"$2,383,076",Wayne Ellington,"$2,383,076",,,,,,Wayne Ellington
1st Round Pick,"$5,117,640",Lonnie Walker,"$2,357,160","$2,760,480","$2,892,000","$4,447,896",,,Lonnie Walker
,"$2,304,226",Jamal Crawford,"$2,304,226",,,,,,Jamal Crawford
,,,,,,,,,
,,,,,,,,,
1st Round Pick,"$4,985,640",John Collins,"$2,299,080","$2,686,560","$4,137,302",,,,John Collins
1st Round pick,"$5,658,169",Denzel Valentine,"$2,280,600","$3,377,569",,,,,Denzel Valentine
1st Round pick,"$47,072,391",Larry Nance,"$2,272,391","$12,727,273","$11,709,091","$10,690,909","$9,672,727",,Larry Nance
1st Round Pick,"$4,887,240",Kevin Huerter,"$2,250,960","$2,636,280","$2,761,920","$4,253,357",,,Kevin Huerter
,"$8,981,600",Monta Ellis,"$2,245,400","$2,245,400","$2,245,400","$2,245,400",,,Monta Ellis
1st Round Pick,"$4,785,840",Harry Giles,"$2,207,040","$2,578,800","$3,976,510",,,,Harry Giles
MLE,"$9,055,000",Darius Miller,"$2,205,000",,,,,,Darius Miller
Minimum Salary,"$2,176,260",Derrick Rose,"$2,176,260",,,,,,Derrick Rose
,"$2,176,260",Omri Casspi,"$2,176,260",,,,,,Omri Casspi
1st Round pick,"$5,487,390",Juan Hernangómez,"$2,166,360","$3,321,030",,,,,Juan Hernangómez
,"$2,165,481",Quincy Pondexter,"$2,165,481",,,,,,Quincy Pondexter
Minimum Salary,"$2,165,481",Jonas Jerebko,"$2,165,481",,,,,,Jonas Jerebko
,"$2,165,481",Greg Monroe,"$2,165,481",,,,,,Greg Monroe
1st Round Pick,"$4,691,400",Josh Okogie,"$2,160,720","$2,530,680","$2,651,040","$4,087,904",,,Josh Okogie
,"$2,150,000",Raul Neto,"$2,150,000",,,,,,Raul Neto
,"$4,267,083",Matt Barnes,"$2,133,542","$2,133,541",,,,,Matt Barnes
1st Round Pick,"$4,594,680",Terrance Ferguson,"$2,118,840","$2,475,840","$3,944,013",,,,Terrance Ferguson
1st Round Pick,"$2,074,320",Grayson Allen,"$2,074,320","$2,429,400","$2,545,320","$4,054,695",,,Grayson Allen
1st Round Pick,"$4,410,960",Jarrett Allen,"$2,034,120","$2,376,840","$3,909,902",,,,Jarrett Allen
Minimum Salary,"$2,029,463",Isaiah Thomas,"$2,029,463",,,,,,Isaiah Thomas
,,,,,,,,,
,,,,,,,,,
Minimum Salary,"$2,029,463",Shelvin Mack,"$2,029,463",,,,,,Shelvin Mack
,"$4,014,116",Spencer Hawes,"$2,007,058","$2,007,058",,,,,Spencer Hawes
,"$2,000,400",Georgios Papagiannis,"$2,000,400",,,,,,Georgios Papagiannis
MLE,"$4,100,000",Torrey Craig,"$2,000,000","$2,100,000",,,,,Torrey Craig
,"$2,270,496",Corey Brewer,"$2,000,000",,,,,,Corey Brewer
1st Round Pick,"$4,323,840",Chandler Hutchison,"$1,991,520","$2,332,320","$2,443,440","$4,019,459",,,Chandler Hutchison
1st Round Pick,"$4,234,560",OG Anunoby,"$1,952,760","$2,281,800","$3,872,215",,,,OG Anunoby
1st Round Pick,"$4,234,560",Ante Žižić,"$1,952,760","$2,281,800","$3,872,215",,,,Ante Žižić
Cap Space,"$1,942,422",Shabazz Napier,"$1,942,422","$1,845,301",,,,,Shabazz Napier
,"$5,740,035",Anderson Varejão,"$1,913,345","$1,913,345","$1,913,345",,,,Anderson Varejão
1st Round Pick,"$4,151,160",Aaron Holiday,"$1,911,960","$2,239,200","$2,345,640","$3,980,551",,,Aaron Holiday
,"$1,881,250",Tim Duncan,"$1,881,250",,,,,,Tim Duncan
1st Round Pick,"$1,874,640",Tyler Lydon,"$1,874,640",,,,,,Tyler Lydon
,"$7,462,188",Larry Sanders,"$1,865,547","$1,865,547","$1,865,547","$1,865,547",,,Larry Sanders
,"$1,857,480",Henry Ellenson,"$1,857,480",,,,,,Henry Ellenson
1st Round Pick,"$3,985,080",Anfernee Simons,"$1,835,520","$2,149,560","$2,252,040","$3,938,818",,,Anfernee Simons
Minimum Salary,"$1,795,015",Trey Burke,"$1,795,015",,,,,,Trey Burke
1st Round pick,"$4,505,554",Malik Beasley,"$1,773,840","$2,731,714",,,,,Malik Beasley
1st Round Pick,"$1,762,080",Moritz Wagner,"$1,762,080","$2,063,520","$3,893,618","$2,161,920",,,Moritz Wagner
Minimum Salary,"$3,786,023",Nerlens Noel,"$1,757,429",,,,,,Nerlens Noel
,,,,,,,,,
,,,,,,,,,
Minimum Salary,"$1,757,429",Ian Clark,"$1,757,429",,,,,,Ian Clark
1st Round Pick,"$3,773,160",Caleb Swanigan,"$1,740,000","$2,033,160","$3,665,787",,,,Caleb Swanigan
1st Round Pick,"$1,740,000",Furkan Korkmaz,"$1,740,000",,,,,,Furkan Korkmaz
,,Joakim Noah,"$1,731,173",,,,,,Joakim Noah
1st Round Pick,"$3,698,760",Landry Shamet,"$1,703,640","$1,995,120","$2,090,040","$3,768,342",,,Landry Shamet
1st Round pick,"$4,328,518",Caris LeVert,"$1,702,800","$2,625,718",,,,,Caris LeVert
,"$3,388,450",Jonah Bolden,"$1,690,000","$1,698,450","$1,766,550","$1,845,000",,,Jonah Bolden
1st Round Pick,"$3,664,440",Kyle Kuzma,"$1,689,840","$1,974,600","$3,562,178",,,,Kyle Kuzma
1st Round Pick,"$3,641,880",Tony Bradley,"$1,679,520","$1,962,360","$3,542,060",,,,Tony Bradley
1st Round Pick,"$3,615,240",Derrick White,"$1,667,160","$1,948,080","$3,516,284",,,,Derrick White
Minimum Salary,"$23,656,092",Spencer Dinwiddie,"$1,656,092","$10,600,000","$11,400,000","$12,300,000",,,Spencer Dinwiddie
,"$1,656,092",MarShon Brooks,"$1,656,092",,,,,,MarShon Brooks
1st Round Pick,"$1,655,160",Josh Hart,"$1,655,160","$1,934,160","$3,491,159",,,,Josh Hart
1st Round Pick,"$3,591,960",Robert Williams,"$1,654,440","$1,937,520","$2,029,920","$3,661,976",,,Robert Williams
1st Round Pick,"$3,570,120",Jacob Evans,"$1,644,240","$1,925,880","$2,017,320","$3,641,263",,,Jacob Evans
,"$3,364,050",Pat Connaughton,"$1,641,000","$1,723,050",,,,,Pat Connaughton
1st Round pick,"$4,238,622",DeAndre' Bembry,"$1,634,640","$2,603,982",,,,,DeAndre' Bembry
1st Round Pick,"$3,543,840",Džanan Musa,"$1,632,240","$1,911,600","$2,002,800","$3,615,054",,,Džanan Musa
,"$3,504,282",James Ennis,"$1,621,415",,,,,,James Ennis
Minimum Salary,"$1,621,415",Noah Vonleh,"$1,621,415",,,,,,Noah Vonleh
,,,,,,,,,
,,,,,,,,,
,"$1,621,415",Tim Frazier,"$1,621,415",,,,,,Tim Frazier
,"$1,621,415",Nik Stauskas,"$1,621,415",,,,,,Nik Stauskas
1st Round Pick,"$1,620,480",Omari Spellman,"$1,620,480","$1,897,800","$1,988,280","$3,588,845",,,Omari Spellman
,"$1,619,000",Luke Kornet,"$1,619,000",,,,,,Luke Kornet
,"$5,097,708",Rodions Kurucs,"$1,618,320","$1,699,236","$1,780,152","$1,861,068",,,Rodions Kurucs
Cap Space,"$1,600,520",Richaun Holmes,"$1,600,520",,,,,,Richaun Holmes
Minimum Salary,"$1,600,520",T.J. McConnell,"$1,600,520",,,,,,T.J. McConnell
,"$1,569,360",Malachi Richardson,"$1,569,360",,,,,,Malachi Richardson
,"$11,196,637",Kevon Looney,"$1,567,007",,,,,,Kevon Looney
Minimum Salary,"$1,621,330",Jahlil Okafor,"$1,567,007","$1,702,486",,,,,Jahlil Okafor
,"$1,567,007",Salah Mejri,"$1,567,007",,,,,,Salah Mejri
Cap Space,"$22,544,951",Ivica Zubac,"$1,544,951",,,,,,Ivica Zubac
Minimum Salary,"$13,544,951",Dorian Finney-Smith,"$1,544,951",,,,,,Dorian Finney-Smith
1st Round pick,"$3,896,790",Pascal Siakam,"$1,544,951","$2,351,839",,,,,Pascal Siakam
1st Round pick,"$3,883,798",Skal Labissière,"$1,544,951","$2,338,847",,,,,Skal Labissière
1st Round pick,"$3,866,686",Dejounte Murray,"$1,544,951","$2,321,735",,,,,Dejounte Murray
,"$1,544,951",Deyonta Davis,"$1,544,951",,,,,,Deyonta Davis
Cap Space,"$1,544,951",Jake Layman,"$1,544,951",,,,,,Jake Layman
Minimum Salary,"$1,544,951",Cheick Diallo,"$1,544,951",,,,,,Cheick Diallo
Cap Space,"$1,544,951",Malcolm Brogdon,"$1,544,951",,,,,,Malcolm Brogdon
,,,,,,,,,
,,,,,,,,,
Minimum Salary,"$1,544,951",Rodney McGruder,"$1,544,951",,,,,,Rodney McGruder
,"$1,544,951",Wade Baldwin,"$1,544,951",,,,,,Wade Baldwin
1st Round pick,"$1,544,951",Damian Jones,"$1,544,951","$2,305,057",,,,,Damian Jones
,"$1,544,951",Quinn Cook,"$1,544,951",,,,,,Quinn Cook
,"$1,544,951",Chinanu Onuaku,"$1,544,951",,,,,,Chinanu Onuaku
Cap Space,"$1,544,951",Willy Hernangómez,"$1,544,951","$1,676,700",,,,,Willy Hernangómez
1st Round pick,"$1,544,951",Timothé Luwawu-Cabarrot,"$1,544,951",,,,,,Timothé Luwawu-Cabarrot
,"$1,544,951",Wayne Selden,"$1,544,951",,,,,,Wayne Selden
,"$1,512,601",Georges Niang,"$1,512,601","$1,645,357","$1,783,557",,,,Georges Niang
Minimum Salary,"$1,512,601",Christian Wood,"$1,512,601","$1,645,357",,,,,Christian Wood
Minimum Salary,"$1,512,601",Derrick Jones,"$1,512,601","$1,645,357",,,,,Derrick Jones
Minimum Salary,"$1,512,601",David Nwaba,"$1,512,601",,,,,,David Nwaba
Minimum Salary,"$1,512,601",Treveon Graham,"$1,512,601","$1,645,357",,,,,Treveon Graham
Cap Space,"$2,904,546",Sviatoslav Mykhailiuk,"$1,487,694","$1,416,852","$1,663,861",,,,Sviatoslav Mykhailiuk
MLE,"$3,045,152",Mitchell Robinson,"$1,485,440","$1,559,712","$1,663,861","$1,802,057",,,Mitchell Robinson
Minimum Salary,"$1,378,252",Jordan Bell,"$1,378,252",,,,,,Jordan Bell
Minimum Salary,"$35,378,242",Maxi Kleber,"$1,378,242",,,,,,Maxi Kleber
Minimum Salary,"$26,378,242",Thomas Bryant,"$1,378,242",,,,,,Thomas Bryant
Minimum Salary,"$7,378,242",Khem Birch,"$1,378,242",,,,,,Khem Birch
Minimum Salary,"$6,378,242",Daniel Theis,"$1,378,242",,,,,,Daniel Theis
,,,,,,,,,
,,,,,,,,,
,"$2,996,762",Wesley Iwundu,"$1,378,242","$1,618,520",,,,,Wesley Iwundu
,"$2,996,762",Abdel Nader,"$1,378,242","$1,618,520","$1,752,950",,,,Abdel Nader
Minimum Salary,"$2,996,762",Damyean Dotson,"$1,378,242","$1,618,520",,,,,Damyean Dotson
MLE,"$2,996,762",Frank Jackson,"$1,378,242","$1,618,520",,,,,Frank Jackson
MLE,"$2,996,762",Sterling Brown,"$1,378,242","$1,618,520",,,,,Sterling Brown
,"$2,996,762",Semi Ojeleye,"$1,378,242","$1,618,520","$1,752,950",,,,Semi Ojeleye
MLE,"$1,750,000",Ivan Rabb,"$1,378,242","$1,618,520",,,,,Ivan Rabb
Cap space,"$1,378,242",Royce O'Neale,"$1,378,242","$1,618,520",,,,,Royce O'Neale
,"$1,378,242",Frank Mason,"$1,378,242",,,,,,Frank Mason
,"$1,378,242",Davon Reed,"$1,378,242",,,,,,Davon Reed
,"$1,378,242",Rade Zagorac,"$1,378,242",,,,,,Rade Zagorac
MLE,"$1,378,242",Dillon Brooks,"$1,378,242","$1,618,520",,,,,Dillon Brooks
Minimum Salary,"$1,378,242",Tyler Dorsey,"$1,378,242",,,,,,Tyler Dorsey
,"$1,378,242",Jawun Evans,"$1,378,242",,,,,,Jawun Evans
MLE,"$1,378,242",Sindarius Thornwell,"$1,378,242",,,,,,Sindarius Thornwell
,"$1,378,242",Ike Anigbogu,"$1,378,242",,,,,,Ike Anigbogu
MLE,"$1,378,242",Dwayne Bacon,"$1,378,242","$1,618,520",,,,,Dwayne Bacon
,"$1,360,304",Kevin Martin,"$1,360,304",,,,,,Kevin Martin
Minimum Salary,"$7,349,383",Ryan Arcidiacono,"$1,349,383",,,,,,Ryan Arcidiacono
Minimum Salary,"$2,937,614",Monte Morris,"$1,349,383","$1,588,231","$1,663,861",,,,Monte Morris
,,,,,,,,,
,,,,,,,,,
Minimum Salary,"$2,937,614",Antonio Blakeney,"$1,349,383","$1,588,231",,,,,Antonio Blakeney
Minimum Salary,"$1,349,383",Tyrone Wallace,"$1,349,383","$1,588,231",,,,,Tyrone Wallace
Minimum Salary,"$1,349,383",Alfonzo McKinnie,"$1,349,383","$1,588,231",,,,,Alfonzo McKinnie
,"$1,349,383",Jabari Bird,"$1,349,383",,,,,,Jabari Bird
,"$1,349,383",Daniel Hamilton,"$1,349,383",,,,,,Daniel Hamilton
,"$1,486,265",Shaquille Harrison,"$1,311,265",,,,,,Shaquille Harrison
,"$2,655,316",Élie Okobo,"$1,238,464","$1,416,852","$1,663,861","$1,802,057",,,Élie Okobo
Cap Space,"$4,310,443",Jalen Brunson,"$1,230,000","$1,416,582","$1,663,861","$1,802,057",,,Jalen Brunson
,"$1,200,000",Michael Carter-Williams,"$1,200,000",,,,,,Michael Carter-Williams
,"$3,329,641",Austin Rivers,"$1,155,323",,,,,,Austin Rivers
MLE,"$2,466,852",Melvin Frazier,"$1,050,000","$1,416,852","$1,663,861",,,,Melvin Frazier
,"$2,000,000",Justin Hamilton,"$1,000,000","$1,000,000",,,,,Justin Hamilton
,"$1,000,000",Shelvin Mack,"$1,000,000",,,,,,Shelvin Mack
,"$1,000,000",Isaac Bonga,"$1,000,000","$1,663,861","$1,416,852",,,,Isaac Bonga
,"$4,996,000",Kyle Singler,"$999,200","$999,200","$999,200","$999,200","$999,200",,Kyle Singler
MLE,"$2,405,316",Devonte' Graham,"$988,464","$1,416,852","$1,663,861",,,,Devonte' Graham
,"$950,000",Isaiah Taylor,"$950,000",,,,,,Isaiah Taylor
,"$949,000",De'Anthony Melton,"$949,000","$1,416,852",,,,,De'Anthony Melton
,"$945,126",Jason Thompson,"$945,126",,,,,,Jason Thompson
,"$917,272",Kenneth Faried,"$917,272",,,,,,Kenneth Faried
,,,,,,,,,
,,,,,,,,,
Minimum Salary,"$869,094",Chasson Randle,"$869,094",,,,,,Chasson Randle
MLE,"$3,919,177",Gary Trent,"$838,464","$1,416,852","$1,663,861",,,,Gary Trent
Minimum Salary,"$2,284,161",Brad Wanamaker,"$838,464",,,,,,Brad Wanamaker
,"$2,282,306",Ryan Broekhoff,"$838,464","$1,443,842",,,,,Ryan Broekhoff
MLE,"$2,255,316",Chimezie Metu,"$838,464","$1,416,852","$1,663,861",,,,Chimezie Metu
MLE,"$2,255,316",Hamidou Diallo,"$838,464","$1,416,852","$1,663,861",,,,Hamidou Diallo
MLE,"$2,255,316",Keita Bates-Diop,"$838,464","$1,416,852","$1,663,861",,,,Keita Bates-Diop
Minimum Salary,"$2,255,316",Alize Johnson,"$838,464","$1,416,852",,,,,Alize Johnson
MLE,"$2,255,316",Bruce Brown,"$838,464","$1,416,852","$1,663,861",,,,Bruce Brown
MLE,"$2,255,316",Jarred Vanderbilt,"$838,464","$1,416,852","$1,663,861",,,,Jarred Vanderbilt
MLE,"$1,676,928",Khyri Thomas,"$838,464","$838,464","$1,663,861",,,,Khyri Thomas
Minimum Salary,"$1,038,464",Kenrich Williams,"$838,464","$1,443,842",,,,,Kenrich Williams
,"$838,464",Isaiah Briscoe,"$838,464",,,,,,Isaiah Briscoe
MInimum Salary,"$838,464",Jevon Carter,"$838,464","$1,416,852",,,,,Jevon Carter
MLE,"$838,464",Isaiah Hartenstein,"$838,464","$1,416,852","$1,663,861",,,,Isaiah Hartenstein
,"$838,464",Ray Spalding,"$838,464",,,,,,Ray Spalding
,"$833,333",Martell Webster,"$833,333",,,,,,Martell Webster
,"$800,000",Lorenzo Brown,"$800,000",,,,,,Lorenzo Brown
,"$8,786,000",Patrick McCaw,"$786,000",,,,,,Patrick McCaw
,"$737,715",Wesley Matthews,"$737,715",,,,,,Wesley Matthews
,,,,,,,,,
,,,,,,,,,
,"$697,000",Jeremy Lin,"$697,000",,,,,,Jeremy Lin
,"$2,056,021",Cole Aldrich,"$685,341","$685,340","$685,340",,,,Cole Aldrich
,"$655,632",James Nunnally,"$655,632",,,,,,James Nunnally
,"$653,556",Enes Kanter,"$653,556",,,,,,Enes Kanter
,"$650,000",Carlos Delfino,"$650,000",,,,,,Carlos Delfino
,"$2,013,724",Gary Clark,"$596,872","$1,416,852","$1,663,861",,,,Gary Clark
Cap Space,"$573,295",Markieff Morris,"$573,295",,,,,,Markieff Morris
,"$540,472",Nik Stauskas,"$540,472",,,,,,Nik Stauskas
,"$527,467",Pau Gasol,"$527,467",,,,,,Pau Gasol
,"$517,219",Caron Butler,"$517,219",,,,,,Caron Butler
,"$506,134",Zhou Qi,"$506,134",,,,,,Zhou Qi
,"$670,211",Bruno Caboclo,"$487,000","$1,845,301",,,,,Bruno Caboclo
,"$1,378,242",Dakari Johnson,"$459,414","$459,414","$459,414",,,,Dakari Johnson
,"$582,418",Chris Boucher,"$457,418","$1,588,231",,,,,Chris Boucher
,"$457,418",Malcolm Miller,"$457,418","$1,588,231",,,,,Malcolm Miller
,"$456,733",Isaiah Canaan,"$456,733",,,,,,Isaiah Canaan
Two-Way Contract,"$449,794",Edmond Sumner,"$449,794",,,,,,Edmond Sumner
,"$1,050,262",A.J. Hammons,"$350,088","$350,087","$350,087",,,,A.J. Hammons
Minimum Salary,"$427,289",Henry Ellenson,"$341,831",,,,,,Henry Ellenson
,"$666,666",Festus Ezeli,"$333,333","$333,333",,,,,Festus Ezeli
,,,,,,,,,
,,,,,,,,,
,"$666,666",C.J. Watson,"$333,333","$333,333",,,,,C.J. Watson
,"$323,529",Patrick McCaw,"$323,529",,,,,,Patrick McCaw
,"$311,070",Nick Young,"$311,070",,,,,,Nick Young
,"$2,270,496",Corey Brewer,"$270,496",,,,,,Corey Brewer
,"$270,496",Corey Brewer,"$270,496",,,,,,Corey Brewer
,"$264,919",Okaro White,"$264,919",,,,,,Okaro White
,"$252,043",Miroslav Raduljica,"$252,043",,,,,,Miroslav Raduljica
,"$239,035",Eric Moreland,"$239,035",,,,,,Eric Moreland
,"$336,854",Jaylen Adams,"$236,854","$100,000",,,,,Jaylen Adams
,"$213,949",Quincy Acy,"$213,949",,,,,,Quincy Acy
,"$205,098",Tim Frazier,"$205,098",,,,,,Tim Frazier
,"$200,000",Andrew Harrison,"$200,000",,,,,,Andrew Harrison
,"$2,326,464",Michael Carter-Williams,"$198,580",,,,,,Michael Carter-Williams
,"$198,580",Jimmer Fredette,"$198,580",,,,,,Jimmer Fredette
,"$198,580",Isaiah Canaan,"$198,580",,,,,,Isaiah Canaan
,"$198,580",Terrence Jones,"$198,580",,,,,,Terrence Jones
,"$319,677",Jodie Meeks,"$196,724",,,,,,Jodie Meeks
Minimum Salary,"$194,220",Dairis Bertāns,"$194,220",,,,,,Dairis Bertāns
,"$232,117",Ray Spalding,"$184,746",,,,,,Ray Spalding
,"$670,211",Bruno Caboclo,"$183,211",,,,,,Bruno Caboclo
,,,,,,,,,
,,,,,,,,,
,"$177,063",Cameron Payne,"$177,063",,,,,,Cameron Payne
,"$196,553",Deyonta Davis,"$170,916",,,,,,Deyonta Davis
,"$170,915",Ron Baker,"$170,915",,,,,,Ron Baker
,"$163,296",Jamaal Franklin,"$163,296",,,,,,Jamaal Franklin
,"$160,096",Ben Moore,"$160,096",,,,,,Ben Moore
,"$151,587",Deonte Burton,"$151,587","$1,416,852",,,,,Deonte Burton
,"$319,677",Jodie Meeks,"$122,953",,,,,,Jodie Meeks
,"$613,705",Troy Williams,"$122,741","$122,741","$122,741","$122,741","$122,741",,Troy Williams
,"$122,344",Greg Monroe,"$122,344",,,,,,Greg Monroe
,"$203,695",Cameron Reynolds,"$108,953",,,,,,Cameron Reynolds
,"$106,974",Tyler Zeller,"$106,974",,,,,,Tyler Zeller
,"$2,326,464",Michael Carter-Williams,"$99,290",,,,,,Michael Carter-Williams
,"$198,580",John Jenkins,"$99,290",,,,,,John Jenkins
,"$198,580",John Jenkins,"$99,290",,,,,,John Jenkins
,"$99,290",John Jenkins,"$99,290",,,,,,John Jenkins
,"$99,290",Isaiah Canaan,"$99,290",,,,,,Isaiah Canaan
,"$99,107",Walt Lemon,"$99,107",,,,,,Walt Lemon
,"$203,695",Cameron Reynolds,"$94,742",,,,,,Cameron Reynolds
,"$94,742",Justin Bibbs,"$94,742",,,,,,Justin Bibbs
,"$94,742",Mitch Creek,"$94,742",,,,,,Mitch Creek
,,,,,,,,,
,,,,,,,,,
,"$94,742",B.J. Johnson,"$94,742",,,,,,B.J. Johnson
,"$11,094,003",Danuel House,"$94,003",,,,,,Danuel House
,"$557,142",Demetrius Jackson,"$92,857","$92,857","$92,857","$92,857","$92,857","$92,857",Demetrius Jackson
,"$137,376",Chris Chiozza,"$90,005","$1,416,852","$1,663,861",,,,Chris Chiozza
,"$106,237",Eric Moreland,"$88,531",,,,,,Eric Moreland
,"$88,531",JaKarr Sampson,"$88,531",,,,,,JaKarr Sampson
,"$427,289",Henry Ellenson,"$85,458",,,,,,Henry Ellenson
,"$85,458",Gary Payton,"$85,458",,,,,,Gary Payton
,"$85,458",Scotty Hopson,"$85,458",,,,,,Scotty Hopson
,"$76,236",Charles Cooke,"$76,236",,,,,,Charles Cooke
,"$76,236",Andre Ingram,"$76,236",,,,,,Andre Ingram
,"$76,236",Kobi Simmons,"$76,236",,,,,,Kobi Simmons
,"$64,185",Tyler Zeller,"$64,185",,,,,,Tyler Zeller
,"$59,820",Donatas Motiejūnas,"$59,820",,,,,,Donatas Motiejūnas
,"$59,820",Greg Monroe,"$59,820",,,,,,Greg Monroe
,"$52,108",Jemerrio Jones,"$52,108","$1,416,852",,,,,Jemerrio Jones
,"$50,000",Shaquille Harrison,"$50,000",,,,,,Shaquille Harrison
,"$50,000",Garlon Green,"$50,000",,,,,,Garlon Green
,"$232,117",Ray Spalding,"$47,371",,,,,,Ray Spalding
,"$137,376",Chris Chiozza,"$47,371",,,,,,Chris Chiozza
,,,,,,,,,
,,,,,,,,,
,"$56,845",Mitch Creek,"$47,371",,,,,,Mitch Creek
,"$47,371",Cody Demps,"$47,371",,,,,,Cody Demps
,"$47,371",B.J. Johnson,"$47,371",,,,,,B.J. Johnson
,"$47,371",Emanuel Terry,"$47,371",,,,,,Emanuel Terry
,"$47,371",Richard Solomon,"$47,371",,,,,,Richard Solomon
,"$47,371",Emanuel Terry,"$47,371",,,,,,Emanuel Terry
,"$47,371",Dusty Hannahs,"$47,371",,,,,,Dusty Hannahs
,"$47,371",Scott Machado,"$47,371",,,,,,Scott Machado
,"$47,371",Stephan Hicks,"$47,371",,,,,,Stephan Hicks
,"$47,371",Tahjere McCall,"$47,371",,,,,,Tahjere McCall
,"$47,371",Jordan Sibert,"$47,371",,,,,,Jordan Sibert
,"$47,371",Isaac Humphries,"$47,371",,,,,,Isaac Humphries
,"$42,634",Billy Garrett,"$42,634",,,,,,Billy Garrett
,"$35,000",Emanuel Terry,"$35,000",,,,,,Emanuel Terry
,"$34,183",Troy Williams,"$34,183",,,,,,Troy Williams
,"$196,553",Deyonta Davis,"$25,637","$1,645,357",,,,,Deyonta Davis
,"$23,685",Michael Frazier,"$23,685","$1,416,852","$1,663,861",,,,Michael Frazier
,"$106,237",Eric Moreland,"$17,706",,,,,,Eric Moreland
,"$17,092",Jordan McRae,"$17,092","$1,645,357",,,,,Jordan McRae
,"$17,092",Jonathan Gibson,"$17,092",,,,,,Jonathan Gibson
,,,,,,,,,
,,,,,,,,,
Mid-level Exception,"$114,211",Yante Maten,"$14,211","$1,416,852","$1,663,861",,,,Yante Maten
,"$1,009,474",Duncan Robinson,"$9,474","$1,416,852","$1,663,861",,,,Duncan Robinson
,"$56,845",Mitch Creek,"$9,474",,,,,,Mitch Creek
,"$9,474",Tarik Phillip,"$9,474","$1,443,842",,,,,Tarik Phillip
,"$6,000",Terry Larrier,"$6,000",,,,,,Terry Larrier
Two-Way Contract,"$1,450,434",Theo Pinson,"$4,737",,,,,,Theo Pinson
,"$4,737",Kendrick Nunn,"$4,737","$1,416,852","$1,663,861",,,,Kendrick Nunn
,"$4,737",Ding Yanyuhang,"$4,737",,,,,,Ding Yanyuhang
